date,open,high,low,close,volume,fwd_ret,label
2015-01-02,24.746225733732643,24.75733433246641,23.848705532925308,24.2885799407959,212818400,-0.02817159225648136,-1
2015-01-05,24.05753534743508,24.137512513705367,23.417719712206985,23.604331970214844,257142000,9.438026909358577e-05,0
2015-01-06,23.668763854504675,23.86648475935941,23.24444035862307,23.60655975341797,263188400,0.014021984649140729,1
2015-01-07,23.81538275875591,24.037541186337343,23.704303544965192,23.937570571899418,160423600,0.03842239406746395,1
2015-01-08,24.2663687337548,24.915071014189344,24.148623329110514,24.857309341430664,237458000,0.0010722516032937168,0
2015-01-09,25.030586292520212,25.159438570127115,24.48407683690557,24.883962631225582,214798000,-0.024640430440268868,-1
2015-01-12,25.015041562276377,25.02170604470176,24.170840454682892,24.270811080932617,198603200,0.008878580137596348,1
2015-01-13,24.755112908008694,25.05947055480971,24.195274433127043,24.48630142211914,268367600,-0.0038102882143881134,0
2015-01-14,24.224160638576148,24.54628975362334,24.104194857093383,24.393001556396484,195826400,-0.027140444123751162,-1
2015-01-15,24.43742857263256,24.450757536747712,23.69542019135932,23.73096466064453,240056000,-0.007770060103553633,-1
2015-01-16,23.777618630288504,23.899806455751897,23.371068260038804,23.546573638916016,314053200,0.025757084583415857,1
2015-01-20,23.957564225054288,24.208604335161315,23.659872743076072,24.153064727783203,199599600,0.007634033269099838,1
2015-01-21,24.20415364997885,24.672907944655517,24.05308589110295,24.33745002746582,194303600,0.026015622618258627,1
2015-01-22,24.495185113053783,24.986154962727397,24.375219376333433,24.970603942871097,215185600,0.005160181328936808,1
2015-01-23,24.948389007255805,25.27051800940202,24.77732609002907,25.099456787109375,185859200,0.0010620590205709934,0
2015-01-26,25.268295127426615,25.40603394116577,25.05946739070896,25.12611389160156,222460000,-0.03501334515520749,-1
2015-01-27,24.975043782747537,24.988374437627527,24.22192703698206,24.24636459350586,382274800,0.0565330860933988,1
2015-01-28,26.132493867924392,26.241352712133768,25.61708641052246,25.61708641052246,585908400,0.03113367396011446,1
2015-01-29,25.8414712105484,26.47906658146117,25.672630311520884,26.414640426635746,337745600,-0.014634397484446393,-1
2015-01-30,26.303554011345867,26.659007100363915,25.959207824992557,26.028078079223633,334982000,0.012547147709668138,1
2015-02-02,26.225805607091413,26.474621985447392,25.788153190960248,26.354656219482425,250956400,0.00016855522336611806,0
2015-02-03,26.325774330486077,26.456846992487105,26.12805346056072,26.35909843444824,207662800,0.007669453570066098,1
2015-02-04,26.325770949503564,26.772309817405812,26.283560310243587,26.56125831604004,280598800,0.007137569404704891,1
2015-02-05,26.768682662651635,26.81552154981854,26.596946315658972,26.75084114074707,168984800,-0.008420804205589327,-1
2015-02-06,26.768685106844934,26.819983953766112,26.418519895846156,26.525577545166016,174826400,0.00664253404857762,1
2015-02-09,26.44082381978964,26.72853773231023,26.414058983023832,26.70177459716797,155559200,0.019211438759605626,1
2015-02-10,26.802139328739504,27.243749769386245,26.79991020192898,27.214754104614254,248034000,0.023438628479541146,1
2015-02-11,27.38202628395159,27.86155222597235,27.321807538499332,27.852630615234375,294247200,0.012652231078971177,1
2015-02-12,28.115814122005208,28.432525369439077,28.006527360742815,28.205028533935547,297898000,0.004902837912791336,0
2015-02-13,28.387919575872782,28.387919575872782,28.024372817680565,28.34331321716309,217088800,0.005902062703788458,1
2015-02-17,28.434764356996737,28.74478492883244,28.307634328935983,28.510597229003903,252609600,0.0069619108249234785,1
2015-02-18,28.465976260339524,28.72246702927705,28.4258298643178,28.70908546447754,179566800,-0.0020974859600119133,0
2015-02-19,28.65555934401779,28.77822937525331,28.622105427883923,28.648868560791016,149449600,0.008174293677245759,1
2015-02-20,28.686780798766748,28.883052825927734,28.55965252898941,28.883052825927734,195793600,0.027027337579156763,1
2015-02-23,28.99904082917313,29.663684844970703,28.918748012259847,29.663684844970703,283896400,-0.006240679039787866,-1
2015-02-24,29.65030137339149,29.797505428827776,29.25552809862953,29.47856330871582,276912400,-0.025573110819186007,-1
2015-02-25,29.342513260248232,29.35143657494631,28.581962336489088,28.72470474243164,298846800,0.012656226572903106,1
2015-02-26,28.72470263962541,29.188616275789528,28.238487524843507,29.0882511138916,365150000,-0.015028306060454799,-1
2015-02-27,28.994576692159352,29.121708392752836,28.60203595595755,28.651103973388672,248059200,0.004904060399043342,0
2015-03-02,28.827297163536542,29.057023127860493,28.61541442209414,28.79161071777344,192386800,0.0020918051796423587,0
2015-03-03,28.762624428524777,28.88752361137346,28.56858146644076,28.851837158203125,151265200,-0.0063388695147220675,-1
2015-03-04,28.79385172413756,28.896446031850218,28.619884503887594,28.668949127197266,126665200,-0.016570989700738226,-1
2015-03-05,28.67786217029503,28.715777740280956,28.048903067660213,28.193876266479492,226068400,0.0015031412804646926,0
2015-03-06,28.63771798003012,28.854062393731382,28.160424495428032,28.236255645751953,291368400,0.004265556511007462,0
2015-03-09,28.539587810298716,28.898676368147218,27.892785303343523,28.356698989868164,354114000,-0.02068617792186045,-1
2015-03-10,28.19387439867593,28.374532327389144,27.611752515463166,27.77010726928711,275426400,-0.018231215367195186,-1
2015-03-11,27.82364333428763,27.82810328991539,27.23483049725104,27.263824462890625,275756000,0.018079002687543255,1
2015-03-12,27.279432073886337,27.857094069691744,27.127768084796827,27.75672721862793,193450800,-0.006910350022563128,-1
2015-03-13,27.74557818039915,27.96861337203962,27.33965419967843,27.564918518066406,207309200,0.011004046787853383,1
2015-03-16,27.62959660422218,27.868244171142575,27.404332304778652,27.868244171142575,143497200,0.01672679721957171,1
2015-03-17,28.080130660699805,28.39684022097525,28.024371863399615,28.33439064025879,204092400,0.011256392548935734,1
2015-03-18,28.32547163340424,28.80722850316116,28.18496006387028,28.65333366394043,261083600,-0.007550690795913528,-1
2015-03-19,28.715775134516697,28.827292707854625,28.414678026828913,28.436981201171875,183238000,-0.012548855844940365,-1
2015-03-20,28.6042619583486,28.637715874194154,27.915084065955917,28.08012962341309,274780400,0.0104051908443612,1
2015-03-23,28.352236379049575,28.515051128701085,28.218413892358317,28.3723087310791,150838800,-0.004087793820894969,0
2015-03-24,28.376767788779087,28.557424045367036,28.227332919212294,28.256328582763672,131369200,-0.02612678131775903,-1
2015-03-25,28.22287369593157,28.285323278086903,27.518081665039062,27.518081665039062,206620800,0.006970278775108252,1
2015-03-26,27.37979925117033,27.85263274507692,27.344112805489548,27.709890365600582,190291600,-0.007968219632717877,-1
2015-03-27,27.78349830630142,27.812492273380258,27.41326071236719,27.489091873168945,158184800,0.025314384666158984,1
2015-03-30,27.66751967746109,28.191652103299248,27.65636723582943,28.184961318969727,188398800,-0.015351927453385872,-1
2015-03-31,28.122505355776788,28.211719769136774,27.73665544280817,27.752267837524418,168362400,-0.0014467173982235515,0
2015-04-01,27.839248119731284,27.90615934721872,27.4556273789328,27.71211814880371,162485600,0.008611870868257654,1
2015-04-02,27.886090919277912,28.00429930359269,27.69874216714662,27.95077133178711,128880400,0.016198504543458725,1
2015-04-06,27.761191272731303,28.439218476535935,27.729966481247576,28.40353202819824,148776000,-0.010521950214855469,-1
2015-04-07,28.468218312182895,28.575274276033092,28.09798069323383,28.104671478271484,140049200,-0.003253898115106235,0
2015-04-08,28.06898054263557,28.191650587493417,27.87271017248661,28.013221740722656,149316800,0.007643155891102538,1
2015-04-09,28.06897639167934,28.23179281790146,27.80356569092795,28.227331161499023,129936000,0.004266905129185039,0
2015-04-10,28.091283676912617,28.37230851454649,27.937390540989917,28.34777450561523,160752000,-0.0019669100504506876,0
2015-04-13,28.631029764719884,28.67563953079171,28.23848900731811,28.292016983032227,145460400,-0.004335757068703816,0
2015-04-14,28.32547364766116,28.39015406727193,28.082366068566923,28.169349670410156,102098400,0.00380036308847842,0
2015-04-15,28.19388148911807,28.35446540967976,28.1046670655014,28.276403427124023,115881600,-0.004811541385657314,0
2015-04-16,28.16488434954854,28.347773142664177,28.126968774522695,28.140350341796875,113476000,-0.011254640208306577,-1
2015-04-17,28.00206966159836,28.133659611037796,27.75896041204498,27.823640823364254,207828000,0.0228457715562691,1
2015-04-20,28.00653214696416,28.575270929671763,27.91731771978738,28.459293365478516,188217200,-0.005407326893760778,-1
2015-04-21,28.57081715762612,28.59311864088921,28.251874977408363,28.305404663085938,129740400,0.013474024311288968,1
2015-04-22,28.32324553371349,28.742551185394703,28.173812326646782,28.686792373657227,150618000,0.00816348729709393,1
2015-04-23,28.615419475695823,29.08825305419757,28.579733023630347,28.920976638793945,183083600,0.004704172764601333,0
2015-04-24,29.10386479937753,29.13508959159763,28.82283826614954,29.057025909423828,178103600,0.01819164054679434,1
2015-04-27,29.50978972131579,29.692680237181143,29.25106804663929,29.585620880126953,387816800,-0.015755716478205062,-1
2015-04-28,29.98931763900977,30.007157462025948,28.898675532596673,29.119478225708008,475696000,-0.014706039362171741,-1
2015-04-29,29.030260466474736,29.349199147137707,28.6154148866722,28.691246032714844,253544400,-0.02712970923137925,-1
2015-04-30,28.69125338831198,28.69125338831198,27.78573085051481,27.912860870361328,332781600,0.030363436013474354,1
2015-05-01,28.124741192112108,29.023574567358025,27.94631403524375,28.76039123535156,234050400,-0.0019386250617424716,0
2015-05-04,28.88306449844051,29.121713846388108,28.606499566876973,28.704635620117188,203953200,-0.02253317984868075,-1
2015-05-05,28.581959582418435,28.648870823217013,28.053367246279116,28.05782890319824,197085600,-0.0062799180687543865,-1
2015-05-06,28.227331540907524,28.26970876918357,27.513619653025216,27.881628036499023,288564000,0.006185318199756873,1
2015-05-07,27.94433980407834,28.237737504672765,27.776364686526524,28.05408477783203,175763600,0.018840908812775226,1
2015-05-08,28.372119850916896,28.58264923095703,28.244458818255232,28.58264923095703,222201600,-0.010186686632580488,-1
2015-05-11,28.531131153120356,28.569205099876047,28.13694909786364,28.291486740112305,168143200,-0.003562219546336287,0
2015-05-12,28.130234250462387,28.416911527049663,27.95554039183773,28.19070625305176,192640000,0.0011123779088959562,0
2015-05-13,28.253420196141793,28.486345939426375,28.190709747705863,28.222064971923828,138776800,0.023331411706424943,1
2015-05-14,28.53561813214859,28.880525588989254,28.47962641777774,28.880525588989254,180814000,-0.0013959450955118857,0
2015-05-15,28.90740069414048,29.001466353639582,28.714789081605353,28.8402099609375,152832000,0.011027225417867603,1
2015-05-18,28.752858106934585,29.276939584696883,28.748377814165263,29.15823745727539,203531600,-0.0009216138296106458,0
2015-05-19,29.27022315197837,29.312777392972247,29.03505731632856,29.131364822387695,178532800,-7.706296476350794e-05,0
2015-05-20,29.11568241257345,29.335168907717343,28.96786351244182,29.129119873046875,145819600,0.010226264349090464,1
2015-05-21,29.131367511630593,29.48075522315246,29.077614241603133,29.427001953125,158921600,0.008752530427351912,1
2015-05-22,29.474036729754335,29.780870198833405,29.42924062897147,29.68456268310547,182384000,-0.02203111687397108,-1
2015-05-26,29.698002208914215,29.767431377512352,28.91859520135844,29.03057861328125,282790400,0.01867002829889186,1
2015-05-27,29.191837389314056,29.62185331620064,29.12688850876601,29.572580337524418,183332800,-0.0019690995204053596,0
2015-05-28,29.532266740502852,29.55242293528483,29.36205317768391,29.51434898376465,122933200,-0.011382563250051603,-1
2015-05-29,29.39116785708155,29.440440835950447,29.093291545724245,29.17840003967285,203538000,0.001995504607336329,0
2015-06-01,29.17839553147613,29.426998825554183,29.12688412242206,29.23662567138672,128451200,-0.0044429912244008385,0
2015-06-02,29.08432955252149,29.263503680744098,28.96338898101202,29.106727600097656,134670400,0.0012314299291993347,0
2015-06-03,29.26351452941397,29.32622498492078,29.093297506641047,29.14257049560547,123934000,-0.005840854500592352,-1
2015-06-04,29.021625963884272,29.24559282261084,28.87156857863304,28.972352981567383,153800400,-0.005488860099209569,-1
2015-06-05,29.003700938513425,29.046255177804035,28.748378920231943,28.81332778930664,142507200,-0.006606965142513022,-1
2015-06-08,28.86932057865151,28.938753160748476,28.405711056837685,28.62295913696289,210699200,-0.002973277089913462,0
2015-06-09,28.37659874556621,28.685674087079356,28.134715850173816,28.53785514831543,224301600,0.011458051718163054,1
2015-06-10,28.64983372872067,28.9678661866452,28.63415612047738,28.864843368530273,156349200,-0.002250108715827537,0
2015-06-11,28.932033944612545,29.1560007783716,28.77525784447374,28.799894332885746,141563600,-0.011042728143741076,-1
2015-06-12,28.7103120813085,28.741667304738165,28.4684274645098,28.48186492919922,147544800,-0.001966154814601495,0
2015-06-15,28.242212470034367,28.497534479294885,28.154865556799507,28.425865173339844,175955600,0.00535792647822575,1
2015-06-16,28.45050783666142,28.634160579854697,28.302690608594347,28.578168869018555,125976400,-0.0023511013107955225,0
2015-06-17,28.60504435907014,28.64087816402896,28.385556109546233,28.51097869873047,131672400,0.004556071984117782,0
2015-06-18,28.495299701749957,28.737182572460274,28.493059555070516,28.64087677001953,141628800,-0.010009344656670471,-1
2015-06-19,28.602803681393585,28.627440169415465,28.3094076806092,28.35420036315918,218867600,0.00797785946732521,1
2015-06-22,28.5535295552786,28.68119057500859,28.46170404713027,28.580406188964844,136157200,-0.004545004379231554,0
2015-06-23,28.551294223415173,28.580409298194233,28.416912749095985,28.45050811767578,121075600,0.008501796026617825,1
2015-06-24,28.490818061209136,29.070892995104312,28.47066186824105,28.6923885345459,221123600,-0.004761725910427339,0
2015-06-25,28.86035818927008,28.936506071064947,28.555763244628903,28.555763244628903,127752400,-0.005882064549017296,-1
2015-06-26,28.593845480559093,28.665514799575774,28.334044839897864,28.38779640197754,176267200,-0.017514635955365288,-1
2015-06-29,28.098883743117657,28.325090763788303,27.879397163986315,27.890594482421875,196645600,0.007227185888464938,1
2015-06-30,28.12352021885733,28.24670268269531,27.96450394382296,28.092164993286133,177482800,0.009327702935522098,1
2015-07-01,28.42139109571546,28.43034997397172,28.217580460031034,28.35420036315918,120955200,-0.0012636414925647488,0
2015-07-02,28.316130672007898,28.374362535068343,28.168311721638663,28.318370819091797,108844000,-0.003480168562203456,0
2015-07-06,27.982413842963677,28.27133123347691,27.96225594148402,28.219818115234375,112241600,-0.002460171167732006,0
2015-07-07,28.195185216642784,28.253417073210287,27.72037490296042,28.150392532348633,187787200,-0.024823101809733572,-1
2015-07-08,27.879389909785505,27.91522371167966,27.44489374147473,27.45161247253418,243046400,-0.020396592654075008,-1
2015-07-09,27.738287330335332,27.785320152426383,26.7013216804665,26.891693115234375,314380000,0.02673474812951171,1
2015-07-10,27.310520968606568,27.73829680637137,27.147024399904527,27.61063575744629,245418000,0.019305502066361724,1
2015-07-13,28.002572745297982,28.16606928457996,27.843556499547745,28.14367294311523,165762000,-0.00039782072856076045,0
2015-07-14,28.228782622685728,28.30269209496647,28.00481576757911,28.132476806640625,127072400,0.009632923647684644,1
2015-07-15,28.157111623514105,28.477384275626225,28.125756402361706,28.403474807739254,134596800,0.013326169563635304,1
2015-07-16,28.609530572616297,28.795425213538454,28.522183620619725,28.781984329223633,144889600,0.008637148891961877,1
2015-07-17,28.909638032088125,29.03057861328125,28.73718262083749,29.03057861328125,184658800,0.018901494206716496,1
2015-07-20,29.332935054699643,29.780868700287225,29.272463055655816,29.579299926757812,235600800,-0.009994923933806854,-1
2015-07-21,29.75398868841901,29.76966458625413,29.18735299701936,29.28365707397461,307025600,-0.042294081900232317,-1
2015-07-22,27.321717942734768,28.10784213343751,27.321717942734768,28.04513168334961,461802400,-0.00047919826580011815,0
2015-07-23,28.264616531337147,28.463946896391388,28.00929445230741,28.031692504882812,203998000,-0.0052732998200953896,-1
2015-07-24,28.067525735549932,28.16159140299697,27.749493216811004,27.883872985839844,168649200,-0.013895375800831555,-1
2015-07-27,27.568085432953097,27.684549180091015,27.350838971094355,27.496416091918945,177822000,0.004968284981986315,0
2015-07-28,27.633026123046875,27.751729975071367,27.44713495780925,27.633026123046875,134472400,-0.0031610341046010015,0
2015-07-29,27.58151269446135,27.659900735365955,27.384420810208464,27.545677185058594,148046800,-0.005041037627542488,-1
2015-07-30,27.395619366212692,27.45161106714991,27.25899947922739,27.406818389892575,134513200,-0.008743992128646183,-1
2015-07-31,27.458329198903865,27.46728807590613,27.079826470761883,27.167173385620117,171540000,-0.02357796998656858,-1
2015-08-03,27.211964402858825,27.451608794682908,26.320575845886513,26.526626586914062,279904000,-0.03208355551413933,-1
2015-08-04,26.298185624478727,26.360896065522866,25.364244323075575,25.67555809020996,496554400,0.006629257445759595,1
2015-08-05,25.29704831269019,26.302660432687535,25.106676882442105,25.845767974853516,397250400,0.0021762832211589256,0
2015-08-06,26.091000281327553,26.210239723891853,25.674786517417267,25.902015686035156,211612000,0.003387379017970149,0
2015-08-07,25.77827505424626,26.15399220777394,25.760276196044007,25.989755630493164,154681600,0.03635753311086343,1
2015-08-10,26.2169903328047,26.99542304111473,26.2169903328047,26.93467903137207,219806400,-0.05203806188409199,-1
2015-08-11,26.50496676412921,26.58821021293682,25.49705452983172,25.533050537109375,388331200,0.015420038677275372,1
2015-08-12,25.3170737722356,25.96726775200223,24.66462950522491,25.92677116394043,404870000,-0.0007810583240976943,0
2015-08-13,26.10675347427533,26.18774664138051,25.769282516825747,25.90652084350586,194143200,0.007034283434878441,1
2015-08-14,25.719786543832917,26.167497534171147,25.65004309511507,26.088754653930664,171718000,0.01034828064673965,1
2015-08-17,26.10674951421202,26.46896842424783,25.9852597819827,26.358728408813477,163538800,-0.0056334624136141764,-1
2015-08-18,26.19448893115061,26.421719796980568,26.09999749974371,26.21023750305176,138242800,-0.012789526313058741,-1
2015-08-19,26.120249026988247,26.214740473223504,25.80077696602189,25.87502098083496,193146000,-0.020519884950297995,-1
2015-08-20,25.665790899502316,25.726534914871216,25.114587321459155,25.34406852722168,274006400,-0.06116293013534202,-1
2015-08-21,24.84461012606305,25.17533191463751,23.769203028838565,23.7939510345459,513102000,-0.024962077800649518,-1
2015-08-24,21.343914268602596,24.477894701484914,20.69821920377445,23.20000457763672,648825200,0.006012175458939284,1
2015-08-25,24.997594723719715,24.997594723719715,23.285492212156004,23.339487075805664,414406400,0.05735508673846268,1
2015-08-26,24.09317438149669,24.723120820021823,23.634215415574214,24.678125381469727,387098400,0.029446583418641037,1
2015-08-27,25.249576394490592,25.476805590744505,24.75236770087008,25.40481185913086,338464400,0.0032766397501156064,0
2015-08-28,25.236075366845448,25.49255313260234,25.094338196232183,25.488054275512695,212657600,-0.004678337278656075,0
2015-08-31,25.20457597022168,25.76702746189481,25.19782682695612,25.368812561035156,224917200,-0.04469682639021921,-1
2015-09-01,24.781610001212645,25.170825424088193,24.15391400816828,24.234907150268555,307383600,0.04288910395668344,1
2015-09-02,24.799613100120496,25.274320602416992,24.55213305889593,25.274320602416992,247555200,-0.017536080044536884,-1
2015-09-03,25.308065840856777,25.373310417294256,24.756864087336417,24.83110809326172,212935600,-0.009966469646780607,-1
2015-09-04,24.516136457480822,24.849106786987825,24.41264558660887,24.583629608154297,199985200,0.02782098894071816,1
2015-09-08,25.14158190957819,25.32381564529133,24.819859584716458,25.26757049560547,219374400,-0.019232406696999993,-1
2015-09-09,25.59379443542876,25.65228815762763,24.69612057404836,24.781614303588867,340043200,0.021970024251304787,1
2015-09-10,24.80861088590172,25.485802996509893,24.72536915948995,25.326066970825195,251571200,0.014568592484210718,1
2015-09-11,25.15057952208659,25.695032119750977,25.14383037924651,25.695032119750977,199662000,0.009631671731272773,1
2015-09-14,26.228244621326656,26.297988073643577,25.84127762821442,25.94251823425293,233453600,0.008412032010643555,1
2015-09-15,26.08200465042898,26.216992685890737,25.742283416618527,26.160747528076172,173364800,0.0011178376767291276,0
2015-09-16,26.15399327943494,26.21923785574231,25.97175955295047,26.189990997314453,148694000,-0.021389913610695976,-1
2015-09-17,26.02125682940647,26.207989421525458,25.584793919332697,25.629789352416992,256450400,-0.004125726489613957,0
2015-09-18,25.245072393985996,25.715282730750296,25.168579815483454,25.5240478515625,297141200,0.015513581277230681,1
2015-09-21,25.573546878738973,25.956014965838325,25.5712983083755,25.92001724243164,200888000,-0.015710449364268908,-1
2015-09-22,25.50830155049554,25.688286729362176,25.314818083976963,25.51280212402344,201384800,0.008112854790679469,1
2015-09-23,25.56454660967297,25.809776372059076,25.49030431139632,25.719783782958984,143026800,0.005948278380911498,1
2015-09-24,25.47905611784562,25.985262530782947,25.28107378315788,25.872772216796875,200878000,-0.002521897879096291,0
2015-09-25,26.196740910216345,26.25298605870687,25.65228656831411,25.807523727416992,224607600,-0.019789033355936514,-1
2015-09-28,25.61403951499989,25.776025812453643,25.296817779541016,25.296817779541016,208436000,-0.030060353689540187,-1
2015-09-29,25.384564409988307,25.537551304124783,24.266410425611294,24.536386489868164,293461600,0.011369907322942074,1
2015-09-30,24.786114351327377,25.09433841688778,24.462143427581807,24.81536293029785,265892000,-0.006527702421378789,-1
2015-10-01,24.5386350340402,24.662375055975247,24.14266868031388,24.65337562561035,255716400,0.007300702202759579,1
2015-10-02,24.300159557775835,24.975101481963375,24.196668668709677,24.833362579345703,232079200,0.0036236253088941517,0
2015-10-05,24.72086650705366,25.056088820595715,24.538632779190944,24.923349380493164,208258800,0.004784490533529029,0
2015-10-06,24.88960800324023,25.139336655151183,24.696124512273805,25.04259490966797,192787200,-0.004761708185790581,0
2015-10-07,25.139330540006743,25.146079683043784,24.615127072030617,24.923349380493164,187062400,-0.0115541325320484,-1
2015-10-08,24.790618899677025,24.790618899677025,24.34515644796392,24.6353816986084,247918400,0.02392677009624089,1
2015-10-09,24.74786729780421,25.260822818069613,24.63312670517668,25.22482681274414,211064400,-0.004637932460718197,0
2015-10-12,25.36206495786556,25.36656381482721,25.071839764562583,25.10783576965332,121868800,0.0017025560446852772,0
2015-10-13,24.932351795069557,25.29906958120137,24.900854646148584,25.15058326721191,132197200,-0.01413369437885148,-1
2015-10-14,25.038092078535033,25.0898366571712,24.648874871321997,24.79511260986328,177849600,0.014971407208429932,1
2015-10-15,24.957098308502896,25.220325201523774,24.85810629411592,25.166330337524418,150694000,-0.007330379808714538,-1
2015-10-16,25.148336778120164,25.197832795746393,24.86711096566764,24.98185157775879,156930400,0.006213922536692618,1
2015-10-19,24.927854811037783,25.14158572569893,24.77261762507307,25.137086868286133,119036800,0.018258188569104883,1
2015-10-20,25.049341561766585,25.68603713225484,24.93235239388829,25.596044540405273,195871200,-8.785591986826269e-05,0
2015-10-21,25.64779064448196,26.003260435541502,25.58029577198906,25.593795776367188,167180800,0.01529557656134961,1
2015-10-22,25.72204066463746,25.985267639160156,25.670294354786165,25.985267639160156,166616400,0.030995252119751848,1
2015-10-23,26.25523268843925,26.82443499092856,26.171990973363176,26.790687561035156,237467600,-0.031911280876682935,-1
2015-10-26,26.565708750414164,26.57695675014961,25.85476925485123,25.935762405395508,265335200,-0.006332490771123522,-1
2015-10-27,25.96275756644133,26.219235273442884,25.645534145617276,25.77152442932129,279537600,0.041204952655479854,1
2015-10-28,26.3069850251835,26.84018973399438,26.111251259969535,26.833438873291016,342205600,0.01056413464169803,1
2015-10-29,26.705196032223327,27.152908653676217,26.6084543073803,27.11691093444824,204909200,-0.00854564206649866,-1
2015-10-30,27.220400105857035,27.272146394905423,26.87392980397935,26.88517951965332,197461200,0.014058736297208663,1
2015-11-02,27.17765915250387,27.303647748441023,26.90993166967153,27.26315116882324,128813200,0.01147047347920016,1
2015-11-03,27.175407222846523,27.782854163924345,27.155158076028844,27.57587242126465,182076000,-0.0046502558948003925,0
2015-11-04,27.701865058420555,27.8571022463373,27.362145534337124,27.4476375579834,179544400,-0.004609996326039978,0
2015-11-05,27.5312317001019,27.721025250712767,27.153906241720836,27.321104049682617,158210800,0.0011579763290288092,0
2015-11-06,27.364039114935977,27.522199000787698,27.25332719483977,27.35274124145508,132169200,-0.004047985337410798,0
2015-11-09,27.330135605477462,27.52218730635384,27.12452784123488,27.24201774597168,135485600,-0.03151660163094239,-1
2015-11-10,26.4128157057653,26.677169389332995,26.22302212415356,26.383441925048828,236511600,-0.00565225921925161,-1
2015-11-11,26.2930617005746,26.53030148551849,26.03096625380251,26.234315872192383,180872000,-0.0033590132334259115,0
2015-11-12,26.26820421255277,26.394732080756615,26.130378474482335,26.146194458007812,130102400,-0.02920827456045083,-1
2015-11-13,26.028708219114012,26.112307991563497,25.366693244759457,25.382509231567383,183249600,0.016378732835653276,1
2015-11-16,25.165599744219016,25.81179863453297,25.07974178929681,25.798242568969727,152426800,-0.0042911613727605324,0
2015-11-17,25.965447914703173,25.99482169704837,25.603938362794544,25.687538146972656,110467600,0.03166487323566347,1
2015-11-18,26.155237279128617,26.54611882638717,26.096491447747365,26.500930786132812,186698800,0.012703431379605279,1
2015-11-19,26.580007946889527,27.056749134258332,26.38117817716455,26.837583541870117,173183200,0.004377773464614876,0
2015-11-20,26.93247666370813,27.095156332926983,26.853396747785876,26.9550724029541,137148400,-0.012992437635952592,-1
2015-11-23,26.94829383745531,27.05222941590253,26.512222597461033,26.604860305786133,129930000,0.009596799222058694,1
2015-11-24,26.50997016808758,26.966375604988837,26.46252220611864,26.86018180847168,171212800,-0.0071501656207919595,-1
2015-11-25,26.934740619155768,26.939260457207514,26.643273122091355,26.668127059936523,85553200,-0.0018637828562445558,0
2015-11-27,26.72687718301395,26.75399104424228,26.570975497624552,26.618423461914062,52185600,0.00415915481250706,0
2015-11-30,26.65908990456631,26.979931187118545,26.60486391301639,26.72913360595703,156721200,-0.008115093132722961,-1
2015-12-01,26.830805536876884,26.844361602791125,26.403772222447635,26.512224197387695,139409600,-0.009033498534284923,-1
2015-12-02,26.512225764605457,26.686203331916857,26.22753802069925,26.27272605895996,133546400,-0.009288049090800166,-1
2015-12-03,26.33372894806816,26.387954932856985,25.807279912796588,26.028703689575195,166278000,0.03324660314920913,1
2015-12-04,26.04904098851318,26.943777545428325,26.008371066661898,26.89406967163086,231108000,-0.006300815631622658,-1
2015-12-07,26.882776689002103,27.081606483783677,26.61842130394424,26.7246150970459,128336800,-0.0004225846177343673,0
2015-12-08,26.55290015819158,26.796919743026645,26.40377822777912,26.713321685791016,137238000,-0.02207572553417314,-1
2015-12-09,26.580011147818137,26.59130901997083,26.001595948916012,26.123605728149418,185445600,0.00475705360567269,0
2015-12-10,26.218505062888177,26.42185472142567,26.098755187253175,26.24787712097168,116850800,-0.025738209070601314,-1
2015-12-11,26.026451015932764,26.07163905887433,25.497741949687065,25.572303771972656,187544800,-0.0061848617449722365,-1
2015-12-14,25.346358823855457,25.45933064929182,24.80635363617469,25.414142608642575,257274800,-0.017691996520650455,-1
2015-12-15,25.292135042747123,25.486446737400176,24.932883710051023,24.964515686035156,213292400,0.007692803720124042,1
2015-12-16,25.095558783872654,25.303426508670157,24.58266750493335,25.15656280517578,224954000,-0.021196070992178018,-1
2015-12-17,25.310209770590262,25.362177574432273,24.62334251403809,24.62334251403809,179091200,-0.02706928723412594,-1
2015-12-18,24.60752503203201,24.74534907981034,23.907098301459307,23.956806182861328,385813200,0.01226048875079555,1
2015-12-21,24.239230465424725,24.25956628692595,23.852867095031055,24.25052833557129,190362400,-0.0009315523725682562,0
2015-12-22,24.266347704119205,24.338649601228077,24.051700208086512,24.227937698364254,131157600,0.012869519241889282,1
2015-12-23,24.236974225769565,24.593965601311073,24.221158239451302,24.53973960876465,130629600,-0.005340166491384024,-1
2015-12-24,24.62785893960525,24.62785893960525,24.390617407083724,24.408693313598633,54281600,-0.011200666396555148,-1
2015-12-28,24.309275527853192,24.331871271022415,23.990695890162716,24.135299682617188,106816800,0.01797405816791864,1
2015-12-29,24.16692959183629,24.725010613745606,24.144335574408643,24.569108963012695,123724800,-0.013058631011228727,-1
2015-12-30,24.532959488112898,24.560071620173023,24.216638064844503,24.24827003479004,100855200,-0.019194802328342697,-1
2015-12-31,24.17823067554295,24.182748790103684,23.683413526199157,23.78282928466797,163649200,0.0008550770339237346,0
2016-01-04,23.184080258860124,23.807685274554252,23.04625448140937,23.803165435791016,270597600,-0.025059228120131616,-1
2016-01-05,23.89354551619863,23.916139540718373,23.13889440959507,23.206676483154297,223164000,-0.019569684577490087,-1
2016-01-06,22.7208971652435,23.129856420844877,22.56499718961815,22.75252914428711,273829600,-0.04220480752674305,-1
2016-01-07,22.29611809841868,22.623735681519346,21.787744916757767,21.79226303100586,324377600,0.005287507104770439,1
2016-01-08,22.26674097284663,22.393268828721837,21.862301749173827,21.907489776611328,283192000,0.01619229391614052,1
2016-01-11,22.36163802413125,22.381972120388554,21.993348858551297,22.262222290039062,198957600,0.014513594114232031,1
2016-01-12,22.718634798918274,22.750266772155083,22.33226963872977,22.5853271484375,196616800,-0.025710619585015637,-1
2016-01-13,22.666659130480447,22.863230659182054,21.984310299820383,22.0046443939209,249758400,0.021871197755420457,1
2016-01-14,22.133440764418324,22.702819753922995,21.63184556255437,22.485912322998047,252680400,-0.024015416282201163,-1
2016-01-15,21.7357761368932,22.07695149490277,21.545984318437903,21.945903778076172,319335600,-0.004838964523994238,0
2016-01-19,22.235109612402148,22.289335591561542,21.57761293531985,21.83970832824707,212350800,0.0013451179475956199,0
2016-01-20,21.48724000536185,22.18540675539229,21.107654617921323,21.86908531188965,289337600,-0.005062491174763983,-1
2016-01-21,21.930089186060137,22.115362902239465,21.4510897716426,21.758373260498047,208646000,0.0531670227726051,1
2016-01-22,22.284818289817064,22.92423913865743,22.226074190632893,22.91520118713379,263202000,-0.019522705073552804,-1
2016-01-25,22.93779589944244,22.94005581834511,22.415866680773057,22.46783447265625,207178000,0.005531249915107672,1
2016-01-26,22.57855361003625,22.793199431708945,22.158298197574815,22.59210968017578,300308000,-0.06570662567417929,-1
2016-01-27,21.699631454414735,21.832937399537972,21.089582477931675,21.10765838623047,533478800,0.0071716493356701605,1
2016-01-28,21.191253056427215,21.35619093937194,20.874931632771354,21.259035110473633,222715200,0.03454117525462608,1
2016-01-29,21.417192075399303,21.99334716796875,21.317776348949,21.99334716796875,257666000,-0.009348488506656039,-1
2016-02-01,21.796780566100505,21.85100655041401,21.555020969762147,21.787742614746097,163774000,-0.020222003716695136,-1
2016-02-02,21.559536601646197,21.69962224579377,21.301961051042397,21.347150802612305,149428800,0.019792790510768654,1
2016-02-03,21.464646901559114,21.88038239306421,21.25677915580657,21.769670486450195,183857200,0.0080349920099545,1
2016-02-04,21.776484545584424,22.11042423534878,21.624281283757696,21.944589614868164,185886800,-0.026707986807801842,-1
2016-02-05,21.926418038273624,22.017286262241782,21.283529123337583,21.35849380493164,185672400,0.010529735572470944,1
2016-02-08,21.156312963279618,21.740139007118984,21.135868522754375,21.583393096923828,216085600,-0.00021050000910227684,0
2016-02-09,21.41983169224874,21.794662052129024,21.338050459796044,21.57884979248047,177324800,-0.0075797726121250575,-1
2016-02-10,21.790117372280967,21.887800413343935,21.376668584491327,21.415287017822266,169374400,-0.006046610469141789,-1
2016-02-11,21.306243290431407,21.51751115021208,21.0336386499454,21.285797119140625,200298800,0.0030952819598188963,0
2016-02-12,21.39711764934432,21.46753971177463,21.129057295785937,21.351682662963867,161405600,0.028194376292997925,1
2016-02-16,21.585664494324515,22.001385468274144,21.49252581700556,21.95368003845215,196231600,0.015314354384702522,1
2016-02-17,21.96048944527315,22.310330910999102,21.84236199096535,22.289886474609375,179452800,-0.018956437954805283,-1
2016-02-18,22.453445967717037,22.464805142772317,21.828729469345912,21.86734962463379,156084000,-0.002285606826257336,0
2016-02-19,21.808282468717618,21.980931856881604,21.762849240174415,21.81736946105957,141496800,0.008746536394143245,1
2016-02-22,21.878709241141976,22.0127402408157,21.790113213038563,22.008195877075195,137123200,-0.022605104088153305,-1
2016-02-23,21.89915827711047,21.92187489928458,21.47889470080425,21.510698318481445,127770400,0.014890491506278414,1
2016-02-24,21.34940463654758,21.894610414277626,21.199471834454982,21.83100318908691,145022800,0.006867974292253942,1
2016-02-25,21.819647698552124,21.980937957763672,21.637911267604633,21.980937957763672,110330800,0.001550370511392396,0
2016-02-26,22.0808942438888,22.267173329381738,21.940050138496137,22.015016555786133,115964400,-0.002270275993096482,0
2016-02-29,22.003654820934734,22.314877899084316,21.955949397247647,21.96503639221191,140865200,0.039714293281394086,1
2016-03-01,22.183114388627875,22.891882514537105,22.130864611905913,22.83736228942871,201628400,0.0021886931440686652,0
2016-03-02,22.83282602738653,22.919149885647094,22.635187773144615,22.887346267700195,132678400,0.007444022327150135,1
2016-03-03,22.848724515856876,23.105425604313712,22.81919135122154,23.057720184326172,147822800,0.014877218628747135,1
2016-03-04,23.25536643658784,23.56886004749615,23.02819670119028,23.400754928588867,184220400,-0.011067074152306677,-1
2016-03-07,23.259904515262185,23.359859733883138,22.93505178791128,23.14177703857422,143315600,-0.008246053146487964,-1
2016-03-08,22.89415630455838,23.11678331690598,22.807832464308035,22.95094871520996,126247600,0.0008908902894371185,0
2016-03-09,23.014556547238335,23.07589332293961,22.77829990469187,22.97139549255371,108806800,0.0004945354086440812,0
2016-03-10,23.037277631026782,23.22582714453924,22.75104335452735,22.982755661010746,134054400,0.01077406579132223,1
2016-03-11,23.225829018116897,23.2349160138526,23.057723929924467,23.23037338256836,109632800,0.002542242207871137,0
2016-03-14,23.15085873306552,23.37802837197383,23.12132557078069,23.289430618286133,100304400,0.02009398733158685,1
2016-03-15,23.616562301184608,23.893709618325744,23.591573495005175,23.757408142089844,160270800,0.013290837208659978,1
2016-03-16,23.764213176191937,24.15040082212629,23.75966881339275,24.073163986206055,153214000,-0.0016035627473652836,0
2016-03-17,23.970952168946884,24.186764479554142,23.84373765872296,24.03456115722656,137682800,0.001133875384174976,0
2016-03-18,24.15722420914752,24.193572191778433,23.895980449948468,24.061813354492188,176820800,-9.456755754133628e-05,0
2016-03-21,24.064080517871087,24.454812583825912,23.8846162906864,24.05953788757324,142010800,0.0076476953181146,1
2016-03-22,23.909598342265273,24.373024494361353,23.900511351067347,24.24353790283203,129777600,-0.005528222280056783,-1
2016-03-23,24.189025000173334,24.32305426123006,24.057266187727596,24.109514236450195,102814000,-0.004334143517941813,0
2016-03-24,23.959586897975147,24.136778974552172,23.827828065024537,24.00502014160156,104532000,-0.004542433763689346,0
2016-03-28,24.07998581174899,24.123148605081635,23.866445760314352,23.895978927612305,77645600,0.02367130613507351,1
2016-03-29,23.827824429272315,24.48661676033685,23.825552247487547,24.46162796020508,124760400,0.017459031770757916,1
2016-03-30,24.68198083628088,25.084070321885175,24.67062166142668,24.88870429992676,182404400,-0.005202527824484937,-1
2016-03-31,24.925054733432507,24.965945340510757,24.73423132267837,24.759220123291016,103553600,0.00917505189522938,1
2016-04-01,24.711512207009157,24.988659434406525,24.579753404940448,24.986387252807617,103496000,0.010273920056720343,1
2016-04-04,25.084075582474743,25.486166885571684,25.04999978393256,25.24309539794922,149424800,-0.011789278630068956,-1
2016-04-05,24.877347660993312,25.15449489797822,24.85690149222933,24.945497512817383,106314800,0.010472889925355222,1
2016-04-06,25.04091605685505,25.211293326842313,24.806929816878743,25.206748962402344,105616400,-0.02180991307543001,-1
2016-04-07,24.977300237106117,25.084070240991014,24.56158112955084,24.656991958618164,127207600,0.00110594850536061,0
2016-04-08,24.74105374906479,24.936418103579808,24.572946917136136,24.684261322021484,94326800,0.0033127893465305647,0
2016-04-11,24.75467763708124,25.127235733446977,24.72287402396467,24.766035079956055,117630000,0.013025264285551952,1
2016-04-12,24.838731205429305,25.102248857939628,24.68425749168236,25.088619232177734,108929200,0.014487600487225638,1
2016-04-13,25.1704031846823,25.52024299376209,25.1704031846823,25.45209312438965,133029200,0.0005353625953754548,0
2016-04-14,25.356678753868643,25.5315986341711,25.290799342720003,25.46571922302246,101895600,-0.020071197182671363,-1
2016-04-15,25.467995769757117,25.51115856832668,24.927332495721902,24.954591751098633,187756000,-0.021574831544080353,-1
2016-04-18,24.736509020381938,24.750138648058257,24.293528789228628,24.416200637817383,243286000,-0.005303441784512364,-1
2016-04-19,24.507063867598657,24.53432485248601,24.13223529110822,24.286710739135746,129539600,0.0020577652286366543,0
2016-04-20,24.22537443058636,24.55476977187876,24.09361560080256,24.336687088012695,122444000,-0.010828224106823603,-1
2016-04-21,24.291246605068977,24.291246605068977,23.970936621223487,24.073163986206055,126210000,-0.002736491435767485,0
2016-04-22,23.855084734037895,24.189024387077033,23.766488711782632,24.007287979125977,134732400,-0.005677644866225462,-1
2016-04-25,23.852809138951542,24.000469732635512,23.74149651492308,23.870983123779297,112126400,-0.0069466339919155295,-1
2016-04-26,23.60520664187803,23.920972416763675,23.60520664187803,23.70516014099121,224064800,-0.06257807263099124,-1
2016-04-27,21.808288180529782,22.423917774312617,21.73559395592137,22.221736907958984,458408400,-0.03056643483291399,-1
2016-04-28,22.17402896433645,22.23536400527685,21.41073882615134,21.542497634887695,328970800,-0.011494294598782928,-1
2016-04-29,21.35167423135176,21.51750883311046,21.015464130740742,21.29488182067871,274126000,-0.0010666701538633028,0
2016-05-02,21.34713361091707,21.372122412619245,20.99047730763794,21.272167205810547,192640400,0.016446000454417353,1
2016-05-03,21.39938223797092,21.74922373803277,21.281254772069264,21.62200927734375,227325200,-0.01040149398032486,-1
2016-05-04,21.62654815721305,21.78556793866074,21.313054690673432,21.39710807800293,164102000,-0.004058744650567991,0
2016-05-05,21.48396329708007,21.499961923403585,21.1822736694656,21.31026268005371,143562000,-0.005576979274956928,-1
2016-05-06,21.339975454728172,21.358258353407972,20.99257422401989,21.191415786743164,174799600,0.0007549679782150598,0
2016-05-09,21.255410506068365,21.43139539570999,21.1617030206154,21.207414627075195,131745600,0.006789585884007465,1
2016-05-10,21.33083527309076,21.385687462070983,21.052000551551853,21.351404190063477,134747200,-0.00974148862566937,-1
2016-05-11,21.365106116133575,21.385675021140507,21.13198139707652,21.143409729003903,114876400,-0.023456424382845675,-1
2016-05-12,21.1914177654938,21.20513037671393,20.44862109992951,20.6474609375,305258800,0.001992108055857811,0
2016-05-13,20.569746255195167,20.95142890610456,20.569746255195167,20.6885929107666,177571200,0.03711921536905738,1
2016-05-16,21.115994046908508,21.57309966843478,20.946865455185264,21.4565372467041,245039200,-0.004154264158859999,0
2016-05-17,21.609668280623033,21.643949806191795,21.257696753787815,21.367401123046875,187667600,0.011444858869384067,1
2016-05-18,21.520528306033533,21.76050765320159,21.45881808553379,21.611948013305664,168249600,-0.0038068518037205346,0
2016-05-19,21.630238326874213,21.630238326874213,21.38568688395375,21.529674530029297,121768400,0.0108280215277623,1
2016-05-20,21.63023726430973,21.810794188993604,21.60281030004855,21.762798309326172,128104000,0.012707215634321312,1
2016-05-23,21.911353891688503,22.21304346738058,21.865642293117467,22.039342880249023,152074400,0.015244272093298816,1
2016-05-24,22.219900665912142,22.418740460614988,22.13304949698974,22.375316619873047,140560800,0.017569010946108188,1
2016-05-25,22.55130261305431,22.79585402038829,22.42331361294512,22.76842880249023,152675200,0.007930158578040247,1
2016-05-26,22.782141752637685,23.022122875155866,22.54444664621836,22.948986053466797,225324800,-0.0005974960849836064,0
2016-05-27,22.727291973875897,22.96270108907186,22.68386638200573,22.935274124145508,145364800,-0.0048829537296141146,0
2016-05-31,22.763858026896447,22.946700960333143,22.58558712584136,22.82328224182129,169228800,-0.014019670610989965,-1
2016-06-01,22.631296346076713,22.75014477255879,22.473596107768472,22.503307342529297,116693200,-0.007515883336240536,-1
2016-06-02,22.306748152000537,22.36160032400692,22.085051704504227,22.33417510986328,160766400,0.002046792615252091,0
2016-06-03,22.3501772999085,22.45988166143073,22.272468445420813,22.3798885345459,114019600,0.007250773362132978,1
2016-06-06,22.395886394668537,23.28724258424666,22.2953243573292,22.542160034179688,93170000,0.0040555619861060155,0
2016-06-07,22.683863051287897,22.82556640035479,22.61758253690432,22.633581161499023,89638000,-0.0009087756599136521,0
2016-06-08,22.631295210775672,22.754713919599112,22.55358810358275,22.613012313842773,83392400,0.007176191834986856,1
2016-06-09,22.5124515506658,22.85299474577958,22.503309229114617,22.775287628173828,106405600,-0.008228922493532687,-1
2016-06-10,22.519305020373142,22.70671822927536,22.5078784276626,22.587871551513672,126851600,-0.015076144918113044,-1
2016-06-13,22.555881268318835,22.654159063322886,22.19248133098949,22.247333526611328,152082000,0.001232423497579349,0
2016-06-14,22.24275441647382,22.50787645366471,22.112479413707717,22.274751663208008,127727600,-0.0032836732133768587,0
2016-06-15,22.357024560220903,22.491871557035196,22.17646772188372,22.20160865783691,117780800,0.004220948782207579,0
2016-06-16,22.043911101591604,22.341030361430725,21.957061688027707,22.295320510864254,125307200,-0.022757819653390077,-1
2016-06-17,22.082760797049943,22.08961709852567,21.781071326087748,21.787927627563477,244032800,-0.002412207001764588,0
2016-06-20,21.94106850193587,22.071343526417333,21.719372009952444,21.735370635986328,137647600,0.008517414713090199,1
2016-06-21,21.69880330748359,22.021061847524123,21.639379091468093,21.920499801635746,142185600,-0.003753701820858768,0
2016-06-22,21.9982030151478,22.144476641153588,21.792505183664925,21.83821678161621,116876400,0.005756139015495432,1
2016-06-23,21.92735305722027,22.00734617704772,21.76965108976098,21.96392059326172,128960800,-0.028095718610350318,-1
2016-06-24,21.234838094814233,21.634805430958895,21.175413888059932,21.34682846069336,301245600,-0.014561084700112081,-1
2016-06-27,21.25540591586429,21.266834250941113,20.91257678818906,21.03599548339844,181958400,0.016840452192961708,1
2016-06-28,21.232550946981636,21.406251526231177,21.058850367732095,21.39025115966797,161779600,0.008655016669264493,1
2016-06-29,21.47710636867428,21.60966740791839,21.399397511844487,21.57538414001465,146124000,0.012711335107010724,1
2016-06-30,21.584515873161756,21.888489615377168,21.55251863713908,21.84963607788086,143345600,0.0030338260165290176,0
2016-07-01,21.824502619290843,22.048485091893095,21.78793508433244,21.915924072265625,104106000,-0.00938551760726658,-1
2016-07-05,21.801653257317938,21.803939273748636,21.58909906597319,21.71023178100586,110820800,0.005684822217852714,1
2016-07-06,21.62109639689958,21.863363571533604,21.568530224846658,21.833650588989254,123796400,0.004291908856384197,0
2016-07-07,21.87250469374403,22.05534765155568,21.85422179293861,21.927358627319336,100558400,0.007712949204049302,1
2016-07-08,22.05305764363331,22.14447910599258,21.952495604385536,22.09648323059082,115648400,0.0031029991486346553,0
2016-07-11,22.11248069443851,22.31817853801435,22.10791040623428,22.165048599243164,95179600,0.004537010097954042,0
2016-07-12,22.20847345294509,22.329606148652697,22.1970468600538,22.26561164855957,96670000,-0.005645819586137746,-1
2016-07-13,22.26332270811238,22.322745163614005,22.133045975456778,22.139904022216797,103568800,0.01982048790775348,1
2016-07-14,22.258753504428377,22.62443757739397,22.242754880727357,22.57872772216797,155676000,-0.00010128608834314434,0
2016-07-15,22.60843805729061,22.695289219983323,22.512446318890465,22.576440811157227,120548000,0.010629780264649558,1
2016-07-18,22.558157670413426,22.88498820081162,22.53530274218878,22.816423416137695,145975600,0.0004006728763021883,0
2016-07-19,22.75471279503889,22.855276569936763,22.704430907589956,22.82556533813477,95119600,0.0009009648897775335,0
2016-07-20,22.855272689415788,22.96040673454083,22.795848492182007,22.84613037109375,105104000,-0.005302075012489471,-1
2016-07-21,22.816419916717336,23.083826197743193,22.656431956244163,22.724998474121097,130808000,-0.007743961866789717,-1
2016-07-22,22.686148264720707,22.69529058469701,22.469022088651812,22.54901695251465,113254800,-0.013379005680763223,-1
2016-07-25,22.45531745657891,22.59016280075757,22.151341748343143,22.247333526611328,161531600,-0.006883310285227817,-1
2016-07-26,22.12848149484932,22.391317557281365,22.03706002830085,22.09419822692871,224959200,0.0649632246903693,1
2016-07-27,23.831198198078223,23.84948283942716,23.48379873104527,23.52950859069824,369379200,0.013501927127060442,1
2016-07-28,23.502088770818403,23.87234325272521,23.49980275419485,23.84720230102539,159479200,-0.0012461206695907334,0
2016-07-29,23.81291552080633,23.895194663918566,23.696353110777437,23.817485809326172,110934800,0.0176568495378715,1
2016-08-01,23.86320108247136,24.260882506184128,23.86320108247136,24.238027572631836,152671600,-0.014804559154535157,-1
2016-08-02,24.23802204003911,24.24259232821849,23.76948816242665,23.879194259643555,135266400,0.012538205170702588,1
2016-08-03,23.954614026334077,24.190023088259284,23.945471706760777,24.17859649658203,120810400,0.006177707054002335,1
2016-08-04,24.26132520703832,24.35783697050133,24.192387231327288,24.327964782714844,109634800,0.015207222972263068,1
2016-08-05,24.419877048627782,24.73698959807084,24.39919671009821,24.697925567626953,162213600,0.00828051902157001,1
2016-08-08,24.707113568074032,24.902437210083008,24.624390467795845,24.902437210083008,112148800,0.004060186967741908,0
2016-08-09,24.870268379546303,25.033419698333876,24.819714104086568,25.0035457611084,105260800,-0.007444012571764302,-1
2016-08-10,24.980570392920153,25.024231228191503,24.76226972289455,24.817419052124023,96034000,-0.0006481202169623668,0
2016-08-11,24.936910184108033,25.03112530402557,24.78295068651001,24.801334381103516,109938000,0.002316457948839945,0
2016-08-12,24.766868896464597,24.918531768572453,24.766868896464597,24.85878562927246,74641600,0.012016806664659985,1
2016-08-15,24.84958812820806,25.17129574327472,24.835801235031,25.157508850097656,103472800,-0.0009136619412909441,0
2016-08-16,25.191971106166086,25.32984702336007,25.09545936666239,25.134523391723633,135177600,-0.0014625433562943657,0
2016-08-17,25.070187521633432,25.132232048094572,24.89554594199437,25.09776306152344,101424000,-0.0012819133187056408,0
2016-08-18,25.10005888782199,25.185080392392177,25.05180125967124,25.065589904785156,87938800,0.002567117459473023,0
2016-08-19,24.994358658060115,25.20576764584063,24.900145288506703,25.12993621826172,101472400,-0.007772636179573245,-1
2016-08-22,25.01503682898498,25.070186152587883,24.782947535456568,24.93461036682129,103280800,0.003133501115321069,0
2016-08-23,24.952996862057205,25.12074501648365,24.93920996693049,25.01274299621582,85030800,-0.007533239015970916,-1
2016-08-24,24.94840334804414,24.989765789132093,24.743889542988644,24.824316024780273,94700400,-0.004258133884734283,0
2016-08-25,24.67724832519726,24.789845392259192,24.514096972019367,24.718610763549805,100344800,-0.005856630156737763,-1
2016-08-26,24.681845021627176,24.805930582996083,24.42907359211279,24.573843002319336,111065200,-0.0011224198256862827,0
2016-08-29,24.500303360687155,24.68873180526913,24.424471952300877,24.54626083374023,99881200,-0.007676402231354906,-1
2016-08-30,24.31187638647213,24.47272930505141,24.24293841955797,24.357833862304688,99455600,0.000943266209989968,0
2016-08-31,24.27970299814994,24.48881176814835,24.275106199198476,24.380809783935547,118649600,0.0059380878612322885,1
2016-09-01,24.390007622814498,24.541670468513583,24.270517118187037,24.525585174560547,106806000,0.009369310656711205,1
2016-09-02,24.74847780183722,24.817415769128708,24.546262452635688,24.755373001098633,107210000,-0.0002785280313615246,0
2016-09-06,24.794437165289217,24.886353871120267,24.704818859224407,24.748477935791016,107521600,0.0061281678385058935,1
2016-09-07,24.778351872203405,24.99205746815625,24.60371030644836,24.9001407623291,169457200,-0.026208890262580664,-1
2016-09-08,24.645074745582605,24.649669792324165,24.18319453219165,24.247535705566406,212008000,-0.022649726745523346,-1
2016-09-09,24.04532040862227,24.293495009358914,23.698335647583008,23.698335647583008,186228000,0.022398835614679813,1
2016-09-12,23.58803401117508,24.293491937520596,23.560458474636015,24.229150772094727,181171200,0.02380490737147989,1
2016-09-13,24.70481667229891,24.998948702388784,24.64277215626,24.805923461914062,248704800,0.03538693938109638,1
2016-09-14,24.98516634997597,25.973266208477725,24.955292409728617,25.68372917175293,443554800,0.03399852855457408,1
2016-09-15,26.163995884639423,26.593705562345058,26.07897260792255,26.55693817138672,359934400,-0.005624526160262766,-1
2016-09-16,26.45352720662079,26.685614737264252,26.20535263105292,26.407567977905273,319547600,-0.011660238793728128,-1
2016-09-19,26.469612898538983,26.6971053863327,26.02381801566827,26.09964942932129,188092000,-8.806076528966589e-05,0
2016-09-20,25.97786058387813,26.22373676385673,25.853773294005933,26.09735107421875,138057200,-0.000175990869523579,0
2016-09-21,26.161694398878872,26.193864985590334,25.83769013180897,26.092758178710938,144012800,0.009423162954711017,1
2016-09-22,26.276589964069768,26.41216751135793,26.196163496949076,26.338634490966797,124296000,-0.01666366138678821,-1
2016-09-23,26.29267869791011,26.377701976086193,25.63317982805903,25.899736404418945,209924800,0.0015081463394623906,0
2016-09-26,25.653856762770783,26.05599085073471,25.633176422623507,25.938796997070312,119477600,0.0018602291277556304,0
2016-09-27,25.96636876563962,26.007731193092027,25.814705947259046,25.987049102783203,98429600,0.007604498829992368,1
2016-09-28,26.124923226434788,26.343223840430863,26.065177112424184,26.184667587280273,118564400,-0.015532869420825213,-1
2016-09-29,26.00314042985452,26.15020647320444,25.690624649444544,25.777944564819336,143548000,0.007755344461111369,1
2016-09-30,25.8422838646008,26.051394420758573,25.69062278541018,25.977861404418945,145516400,-0.004688293532080001,0
2016-10-03,25.89973039390796,25.977860206321008,25.80092024339945,25.856069564819336,86807200,0.004265925407200832,0
2016-10-04,25.98015652079366,26.26739512288333,25.8813463715482,25.96636962890625,118947200,0.0004425638114580188,0
2016-10-05,26.05828786710832,26.118033990748454,25.89513654189119,25.977861404418945,85812400,0.007430387974755481,1
2016-10-06,26.12722615883833,26.27429220319781,25.99624540829424,26.170886993408203,115117200,0.0014925207793379247,0
2016-10-07,26.267395306879912,26.32484302770025,26.083563652154005,26.20994758605957,97433600,0.01744714446924922,1
2016-10-10,26.430550213538627,26.828089267003556,26.361613991090195,26.667236328125,144944000,0.002154161211766148,0
2016-10-11,27.04638770549195,27.273881954369937,26.70170136216028,26.724681854248047,256164000,0.00894234207357858,1
2016-10-12,26.96596150106017,27.11073088867246,26.82808731303952,26.96366310119629,150347200,-0.003067895852823077,0
2016-10-13,26.83728055713055,26.986644999084724,26.591404353851715,26.88094139099121,140769600,0.005556448411325743,1
2016-10-14,27.08775168224427,27.154391256136872,26.91540850074582,27.030303955078125,142608800,-0.0006801600715342637,0
2016-10-17,26.96136474679566,27.07855683494942,26.834979059768692,27.011919021606445,94499600,-0.0006803405586418565,0
2016-10-18,27.15669307282819,27.16358652044895,26.98894491700498,26.993541717529297,98214000,-0.0029796380681991197,0
2016-10-19,26.9429829187749,27.06017676819917,26.15020501816667,26.913110733032227,80138400,-0.0005123945259255525,0
2016-10-20,26.853363126400655,26.97285361594233,26.73157423710856,26.899320602416992,96503200,-0.003929379235936503,0
2016-10-21,26.841878857091864,26.864859353381913,26.720089940683767,26.793622970581055,92770800,0.009004970608806229,1
2016-10-24,26.908513066239045,27.05557909666727,26.885534327703144,27.03489875793457,94154800,0.005100086615893673,1
2016-10-25,27.10384109889917,27.19805622730359,26.95677503523462,27.172779083251953,192516000,-0.02249479551340894,-1
2016-10-26,26.267400861946,26.586810117002983,26.037609930068133,26.561532974243164,264536800,-0.009602903023885112,-1
2016-10-27,26.515573973334497,26.623575985649516,26.219143477778022,26.30646514892578,138248000,-0.006638697161663654,-1
2016-10-28,26.166293483084026,26.474212483679256,26.06977996135859,26.131824493408203,151446800,-0.001582923144545001,0
2016-10-31,26.115736963663075,26.24901611064855,26.012330003485175,26.0904598236084,105677600,-0.01805523318187152,-1
2016-11-01,26.072078903685146,26.143313531508372,25.398791403590153,25.6193904876709,175303200,0.0008966687534837092,0
2016-11-02,25.598703521026373,25.81700414841265,25.559639493500868,25.642362594604492,113326800,-0.010718549703610858,-1
2016-11-03,25.63313032716619,25.743995281827615,25.30284213936926,25.36751365661621,107730400,-0.009013838693167409,-1
2016-11-04,25.067254613581618,25.464524575988182,24.97024732383125,25.13885498046875,123348000,0.014424506828528028,1
2016-11-07,25.425249827618455,25.52456727859221,25.28204738881535,25.5014705657959,130240000,0.005887234328201263,1
2016-11-08,25.478375685071473,25.80404519659029,25.337483426322173,25.65160369873047,97016800,-0.0016207360224994583,0
2016-11-09,25.379058532855936,25.711656887073385,24.956383513565513,25.610029220581055,236705600,-0.027868037245166066,-1
2016-11-10,25.658530102895437,25.658530102895437,24.443625684461487,24.89632797241211,228538000,0.005937479075444507,1
2016-11-11,24.74157839006856,25.145777055793495,24.609925180861943,25.04414939880371,136575600,-0.025085094856975187,-1
2016-11-14,24.877855974307487,24.90095269381339,24.039432897292695,24.41591453552246,204702000,0.013243995318792612,1
2016-11-15,24.6145543687083,24.870932058968584,24.51985727133462,24.73927879333496,129058000,0.02688769220817666,1
2016-11-16,24.64456726878114,25.459895130884306,24.621470556571783,25.404460906982425,235362000,-0.0003633837150340824,0
2016-11-17,25.362893580561803,25.487617977779077,25.13654326729715,25.39522933959961,110528000,0.0010003444387414184,0
2016-11-18,25.342104128087687,25.531500021452977,25.32824645072351,25.42063331604004,113715600,0.015173773364157261,1
2016-11-21,25.43449723126595,25.866411365340586,25.40909031018311,25.806360244750977,117058400,0.0006263874296792427,0
2016-11-22,25.85716921976068,25.965725730957665,25.730136391767697,25.822525024414062,103862000,-0.00509844561116346,-1
2016-11-23,25.72089583995801,25.755541795434127,25.482996314344,25.69087028503418,109705600,0.005034591331546379,1
2016-11-25,25.66777181857173,25.83869139575583,25.626197024414314,25.820213317871097,45903600,-0.001967980446218487,0
2016-11-28,25.73706388753081,25.977273615007356,25.727824848531732,25.769399642944336,108776000,-0.000985819491040707,0
2016-11-29,25.58693550991446,25.87564890348574,25.42294651382598,25.743995666503903,114115200,-0.008433632643287337,-1
2016-11-30,25.77632903612372,25.91491109975792,25.469137590920766,25.526880264282227,144649200,-0.009319429680133773,-1
2016-12-01,25.49223966539187,25.623892908737552,25.1827379761961,25.288984298706055,148347600,0.0037446324910466178,0
2016-12-02,25.215072851547344,25.427565489106488,25.14116229230213,25.38368225097656,106112000,-0.007188489039971713,-1
2016-12-05,25.406775700836555,25.4137045395356,25.002576996505063,25.20121192932129,137298000,0.0076987333316531625,1
2016-12-06,25.2912932230019,25.489928178329407,25.219692865442,25.39522933959961,104782000,0.009822437547758467,1
2016-12-07,25.23585509623415,25.681628545665127,25.212758382400864,25.644672393798828,119994800,0.009817560088757338,1
2016-12-08,25.605416874524245,25.96804087287822,25.545363987551532,25.896440505981445,108273200,0.016321488543324048,1
2016-12-09,25.94031717897222,26.49233697750071,25.94031717897222,26.319108963012695,137610400,-0.005703977152204498,-1
2016-12-12,26.16667516603045,26.56163491725306,25.98189787043498,26.16898536682129,105497600,0.016681091990319308,1
2016-12-13,26.293700798013457,26.774120224967252,26.272914283101866,26.605512619018555,174935200,0.0,0
2016-12-14,26.570866665332833,26.838791732025182,26.557008988725105,26.605512619018555,136127200,0.005469443544536157,1
2016-12-15,26.64940228282586,26.961214179110097,26.614758082942572,26.75102996826172,186098000,0.0012948794331135716,0
2016-12-16,26.90115466370055,26.908083501969024,26.711758781641155,26.785669326782227,177404400,0.005777373792182239,1
2016-12-19,26.746405624125423,27.11133796167019,26.73485638518317,26.940420150756836,111117600,0.0026577150588773524,0
2016-12-20,26.96351648012113,27.13905468896272,26.949658803322148,27.012020111083984,85700000,0.0009407517738568849,0
2016-12-21,26.977380598928516,27.115962677457816,26.97276019774972,27.037431716918945,95132800,-0.006577873881662977,-1
2016-12-22,26.873440579100723,26.91039673692217,26.70945159364289,26.859582901000977,104343600,0.001977893017383714,0
2016-12-23,26.69790543629079,26.912708282470703,26.69790543629079,26.912708282470703,56998000,0.006350739652204451,1
2016-12-27,26.91270430496064,27.208348271473028,26.90577546613481,27.0836238861084,73187600,-0.0042639876464291016,0
2016-12-28,27.143676113129267,27.259161464084347,26.838794857094513,26.9681396484375,83623600,-0.00025687683038888576,0
2016-12-29,26.896538878212706,27.04898039494007,26.88499139983944,26.961212158203125,60158000,-0.0077957247881919045,-1
2016-12-30,26.94273609772779,27.069768942355783,26.66095152423151,26.75102996826172,122345200,0.002849076992885058,0
2017-01-03,26.746406324068317,26.86882050652735,26.506196597548147,26.827245712280273,115127600,-0.001119287080321718,0
2017-01-04,26.75795372889505,26.910395228111543,26.73485701263493,26.797218322753903,84472400,0.005085391182294785,1
2017-01-05,26.774122318406985,26.99123533379137,26.74871540119534,26.93349266052246,88774400,0.011148292386600867,1
2017-01-06,26.972757102214807,27.291497784635258,26.90115675166136,27.233755111694336,127007600,0.009159263782300586,1
2017-01-09,27.24298657887732,27.584823905141334,27.24067814121188,27.48319625854492,134247600,0.0010086674333114054,0
2017-01-10,27.432386716539217,27.573278971430646,27.323831977838505,27.51091766357422,97848400,0.005373260737716379,1
2017-01-11,27.42546009967159,27.70031579330856,27.393124343028013,27.658740997314453,110354400,-0.004175256217681,0
2017-01-12,27.462419266524517,27.554807907987612,27.303048904054844,27.543258666992188,108344800,-0.0017610764095674636,0
2017-01-13,27.510920762744625,27.62871631548386,27.441628846505868,27.494752883911133,104447600,0.008064352211202053,1
2017-01-17,27.33306809909118,27.771912722230624,27.30535274662252,27.716480255126953,137759200,-8.306140529434902e-05,0
2017-01-18,27.71648828609105,27.83197365394976,27.64950656127297,27.71417808532715,94852000,-0.0017501466427432,0
2017-01-19,27.57790596514038,27.73727457317151,27.570977125073835,27.665674209594727,102389200,0.001836428967800341,0
2017-01-20,27.820416351217133,27.820416351217133,27.654118949906113,27.716480255126953,130391600,0.0006668310002504452,0
2017-01-23,27.716484384202783,27.903570089902832,27.66336034711308,27.734962463378903,88200800,-0.0009160925013416144,0
2017-01-24,27.612547402872085,27.73958022833169,27.600998163209137,27.70955467224121,92844000,0.01592066293372829,1
2017-01-25,27.813492131252744,28.20152298973983,27.781156373226043,28.15070915222168,129510400,0.0004922393870241404,0
2017-01-26,28.102202967949797,28.280051383142823,28.08603509040193,28.164566040039062,105350400,8.21462645053117e-05,0
2017-01-27,28.210764656267436,28.259268297823795,28.08604025133673,28.166879653930664,82251600,-0.002624198437155223,0
2017-01-30,27.93128539548426,28.09296417236328,27.868924085021355,28.09296417236328,121510000,-0.002301816223503228,0
2017-01-31,27.98210588789712,28.03753837285201,27.859691675961898,28.02829933166504,196804000,0.060980404019054024,1
2017-02-01,29.340206479978324,30.139366618390603,29.335587841529826,29.737476348876953,447940000,-0.001708806143441044,0
2017-02-02,29.559627951834955,29.885295689351512,29.513432759238217,29.68666076660156,134841600,0.004279263651059351,0
2017-02-03,29.635849392492428,29.83910473243412,29.60120519788106,29.813697814941406,98029200,0.009373894022147278,1
2017-02-06,29.82524494914192,30.1416736520319,29.77211915537729,30.093168258666992,107383600,0.009517295118037561,1
2017-02-07,30.15091157581976,30.50891684132765,30.13012506007404,30.379573822021484,152735200,0.003877597480506534,0
2017-02-08,30.33800673797367,30.538950144907645,30.307979415343578,30.497373580932617,92016400,0.00722578392056672,1
2017-02-09,30.53912152800073,30.724699891487884,30.41617661435823,30.71774101257324,113399600,-0.002265453531875017,0
2017-02-10,30.727024598410026,30.838370210516818,30.63191519200416,30.64815139770508,80262000,0.00885561016495795,1
2017-02-13,30.870847320215493,31.04250794751688,30.79429610288974,30.91955947875977,92141600,0.012979038482725525,1
2017-02-14,30.961308263486035,31.33710183320097,30.910274131844204,31.320865631103516,132904800,0.0036297692598217246,0
2017-02-15,31.436875133833905,31.61085429268172,31.228098019447497,31.434553146362305,142492400,-0.0011808922149763035,0
2017-02-16,31.47166157563795,31.52501417974087,31.27912426387662,31.397432327270508,90338400,0.0027330167240162684,0
2017-02-17,31.339420518854677,31.50875909804604,31.339420518854677,31.48324203491211,88792800,0.007220582510202522,1
2017-02-21,31.6015422664884,31.72216868879113,31.543549270713648,31.710569381713867,98028800,0.002999674415239184,0
2017-02-22,31.64794791665597,31.80800921182795,31.573718694607052,31.80569076538086,83347600,-0.004230078159716322,0
2017-02-23,31.86832790635823,31.89152299235417,31.617797616154228,31.67115020751953,83152800,0.0009522545403124472,0
2017-02-24,31.52733012268823,31.70130920410156,31.381186561624723,31.70130920410156,87106400,0.001975378048563403,0
2017-02-27,31.81264696259961,31.882239285887856,31.6131508569667,31.763931274414062,81029600,0.0004382275670480329,0
2017-02-28,31.798727738875908,31.88223781504666,31.710577230803324,31.777851104736328,93931600,0.020439540942524426,1
2017-03-01,31.986630253392075,32.510885884582436,31.919359907025008,32.42737579345703,145658400,-0.005937433902051148,-1
2017-03-02,32.476089788350194,32.541041684757865,32.188443147392746,32.234840393066406,104844000,0.005900473008235263,1
2017-03-03,32.19306923219806,32.43664050497935,32.148993992219104,32.42504119873047,84432400,-0.0031470477163021426,0
2017-03-06,32.32995692810154,32.42274791047879,32.151340923801676,32.322998046875,87000000,0.0012917075795912947,0
2017-03-07,32.2580411799882,32.471455097292825,32.19540771894454,32.364749908447266,69785200,-0.00372715245057742,0
2017-03-08,32.23252223871636,32.429699937430655,32.202368272979335,32.24412155151367,74828800,-0.0023020127645886346,0
2017-03-09,32.18381647400947,32.19541224949707,31.791782985027616,32.16989517211914,88623600,0.0033163191193794628,0
2017-03-10,32.30209786965853,32.32761492877019,32.16059482178688,32.276580810546875,78451200,0.00043162175373634426,0
2017-03-13,32.209323982597176,32.34386467104146,32.20236510352637,32.29051208496094,69686800,-0.0015083704637246509,0
2017-03-14,32.31371682068296,32.39490493840414,32.207008088724116,32.24180603027344,61236400,0.010576199988736379,1
2017-03-15,32.33923041268715,32.65007216855019,32.25107988445817,32.582801818847656,102767200,0.0016376733237439822,0
2017-03-16,32.64312068541374,32.71271303717306,32.536411940767586,32.63616180419922,76928000,-0.00497593676208663,0
2017-03-17,32.70805680707753,32.70805680707753,32.45056770765009,32.4737663269043,175540000,0.010500889072612152,1
2017-03-20,32.56887638365337,32.82404707000738,32.529441557510076,32.81476974487305,86168000,-0.011452077057076737,-1
2017-03-21,32.965550047777434,33.12561133774699,32.41345540460427,32.43897247314453,158119600,0.0112987527050048,1
2017-03-22,32.441298061997486,32.84724921774126,32.4204178838818,32.80549240112305,103440800,-0.003535213702982265,0
2017-03-23,32.76838766363633,32.8426204575127,32.6176071680448,32.689517974853516,81385200,-0.0019873127062799423,0
2017-03-24,32.824049813805665,32.87972438810393,32.55728333363764,32.62455368041992,89582400,0.0017066692110021542,0
2017-03-27,32.33459327284233,32.75910267204464,32.15597375151802,32.680233001708984,94300400,0.020726568581709737,1
2017-03-28,32.68718299742454,33.413253119925045,32.61990911954282,33.357582092285156,133499200,0.002225058293851223,0
2017-03-29,33.32973640713459,33.517636706870064,33.21607238857746,33.43180465698242,116760000,-0.0013177852399153256,0
2017-03-30,33.44806374056938,33.51997453829253,33.28800239615902,33.38774871826172,84829200,-0.0018760572816729493,0
2017-03-31,33.33902914825974,33.46661450602791,33.17432740648388,33.325111389160156,78646800,0.0002787323869175573,0
2017-04-03,33.33672216405907,33.43182806381168,33.18361968209475,33.33440017700195,79942800,0.007445745583322783,1
2017-04-04,33.230001080615665,33.61043515733627,33.2114428891155,33.58259963989258,79565600,-0.005180793906771175,-1
2017-04-05,33.455008813660356,33.74265542544554,33.359899425133094,33.40861511230469,110871600,-0.0024994667651989655,0
2017-04-06,33.47125139931897,33.52460752868497,33.276395692698415,33.325111389160156,84596000,-0.0022277986505918612,0
2017-04-07,33.3413387006031,33.44572540561645,33.2346335495627,33.25086975097656,66688800,-0.0011857948749247615,0
2017-04-10,33.311190871347144,33.376142768174915,33.14880758966482,33.21144104003906,75733600,-0.010756497108950214,-1
2017-04-11,33.15808508686104,33.25319447598897,32.49000445636002,32.85420227050781,121517600,0.001200692200621134,0
2017-04-12,32.84725633500251,32.97483817990413,32.710390082732765,32.89365005493164,81400000,-0.005289536329712852,-1
2017-04-13,32.91915399971396,33.02818114484193,32.71965789794922,32.71965789794922,71291600,0.005530086407527168,1
2017-04-17,32.81940878974575,32.912199745237736,32.67790567978188,32.90060043334961,66328400,-0.004441896206184737,0
2017-04-18,32.803175078892394,32.94931509303245,32.73358274188541,32.754459381103516,58790000,-0.00368269067832383,0
2017-04-19,32.91220420343728,32.94003972404889,32.58048224449044,32.63383483886719,69313600,0.012510573056135676,1
2017-04-20,32.75909660004193,33.15344841823946,32.745178841928706,33.0421028137207,93278400,-0.0011934024252957531,0
2017-04-21,33.04210511869532,33.09777615503177,32.90524243488396,33.00267028808594,69283600,0.009629366261293404,1
2017-04-24,33.28798914250683,33.39237585698242,33.213756387565255,33.320465087890625,68537200,0.006196163374837971,1
2017-04-25,33.383102577689314,33.612752669441434,33.3738217123907,33.52692413330078,75486000,-0.0058809527764737135,-1
2017-04-26,33.51301384026616,33.543171349784984,33.26016506855636,33.32975387573242,80164800,0.000765463057651905,0
2017-04-27,33.38542407660318,33.44109865464612,33.243920954572374,33.35526657104492,56985200,-0.0009735949120087684,0
2017-04-28,33.424860347555175,33.473576047891505,33.23464505871015,33.322792053222656,83441600,0.020396846384297396,1
2017-05-01,33.659154196004415,34.146293497724514,33.62667824255641,34.002471923828125,134411600,0.0063445022540977725,1
2017-05-02,34.22515956291359,34.35274491646579,34.062779812762194,34.21820068359375,181408800,-0.00305035754355365,0
2017-05-03,33.77282360209553,34.213572799550626,33.46662221255458,34.11382293701172,182788000,-0.0036042668830359448,0
2017-05-04,33.98854916827394,34.13237072103223,33.8238474388145,33.990867614746094,93487600,0.01658357744602945,1
2017-05-05,34.044216463404894,34.55919469272828,34.044216463404894,34.55455780029297,109310800,0.027188414564812025,1
2017-05-08,34.570793691957604,35.65410272076272,34.570793691957604,35.494041442871094,195009600,0.006404930920893559,1
2017-05-09,35.6935392726435,35.927833315531025,35.59611143347141,35.721378326416016,156521600,-0.004740208529449341,0
2017-05-10,35.63788364930555,35.70979445171137,35.285284979210275,35.55205154418945,103222800,0.008647757661492728,1
2017-05-11,35.51010280807323,35.88745102816276,35.47749281909979,35.8594970703125,109020400,0.013965753622843025,1
2017-05-12,36.03419848868001,36.43483757471907,36.02721088694164,36.36030197143555,130108000,-0.0025625194418376074,0
2017-05-15,36.33933557810025,36.48841033875089,36.11572521423562,36.267127990722656,104038800,-0.001477299859790615,0
2017-05-16,36.3230277197408,36.35097812309848,36.03885343819705,36.21355056762695,80194000,-0.03357563046676215,-1
2017-05-17,35.77797303150583,36.00391493343164,34.87187740829589,34.997657775878906,203070800,0.015241498487207794,1
2017-05-18,35.23525653339592,35.71741888804317,35.20264653624211,35.53107452392578,134272800,0.0034091819230259723,0
2017-05-19,35.726745603971914,35.86650124089888,35.55204839214531,35.65220642089844,107843200,0.006075746532317794,1
2017-05-22,35.87114820624761,36.00624776236227,35.61725586741163,35.86882019042969,91865600,-0.0012337819516663462,0
2017-05-23,36.080786262682494,36.080786262682494,35.71042912719921,35.82456588745117,79675600,-0.0029907801935749045,0
2017-05-24,35.833887280376885,35.91075447160041,35.56136008652445,35.71742248535156,76712000,0.003456117349068366,0
2017-05-25,35.8082560964311,35.95267482369602,35.64520613425064,35.84086608886719,76942400,-0.0016894315429524243,0
2017-05-26,35.87115779948018,35.927062182064795,35.71043580949505,35.78031539916992,87710400,0.000390635203332268,0
2017-05-30,35.73606004792661,35.971317672585286,35.71509723621147,35.79429244995117,80507600,-0.005921929683492699,-1
2017-05-31,35.864167521111504,35.910752726012475,35.49381034394734,35.58232116699219,97804800,0.0027493403512894865,0
2017-06-01,35.6778210622383,35.71509064567033,35.45653868622317,35.68014907836914,65616400,0.014819309942537107,1
2017-06-02,35.773327067862255,36.20890426635742,35.6126050811468,36.20890426635742,111082800,-0.009778078196180373,-1
2017-06-05,35.9503527557848,35.97597515334423,35.74537712953291,35.85485076904297,101326800,0.0033780771717906166,0
2017-06-06,35.84785924812664,36.29275557793908,35.81990883719749,35.97597122192383,106499600,0.005956598983022365,1
2017-06-07,36.10874243967336,36.33235283343117,35.98295848323935,36.19026565551758,84278400,-0.002445541353639391,0
2017-06-08,36.162321282214734,36.22986930400423,35.964329695695085,36.10176086425781,85003200,-0.03877677818564518,-1
2017-06-09,36.148345274235325,36.148345274235325,34.012381263922904,34.70185089111328,259530800,-0.023895770001193806,-1
2017-06-12,33.947162624795524,34.02868585572253,33.19479742581178,33.872623443603516,289229200,0.008045268289166962,1
2017-06-13,34.2779093204705,34.34545731801221,33.809718706412404,34.145137786865234,136661600,-0.009754949841597749,-1
2017-06-14,34.357107963918786,34.357107963918786,33.50458497430909,33.81205368041992,126124800,-0.005993483254654097,-1
2017-06-15,33.383463319368175,33.653658884077664,33.12491138825977,33.60940170288086,128661600,-0.013999200726678152,-1
2017-06-16,33.490619377244535,33.65832898246392,33.122590163247764,33.13889694213867,201444400,0.028607267988409957,1
2017-06-19,33.462660746024724,34.180084202396955,33.462660746024724,34.086910247802734,130165600,-0.009088509110499632,-1
2017-06-20,34.21036013666981,34.21036013666981,33.76080783398927,33.7771110534668,99600400,0.00593079176871969,1
2017-06-21,33.895912846723185,34.0240248241865,33.68394607984964,33.97743606567383,85063200,-0.0016453386394335023,0
2017-06-22,33.95414167224387,34.17076444882419,33.80273533143621,33.921531677246094,76425200,0.004463624028179014,0
2017-06-23,33.805076998923525,34.27792384473783,33.800417411325526,34.07294464111328,141757600,-0.003144642117828278,0
2017-06-26,34.280250265171865,34.53880227435015,33.86330782727654,33.965797424316406,102769600,-0.014332884467869844,-1
2017-06-27,33.77711917016634,34.044990335988786,33.45334717644765,33.47896957397461,99047600,0.01461058068703358,1
2017-06-28,33.65599201574137,34.033336750025995,33.34619528721252,33.968116760253906,88329600,-0.01474315680386784,-1
2017-06-29,33.70724021964678,33.80507021422651,33.14121950659293,33.46731948852539,125997600,0.002366395969022772,0
2017-06-30,33.64667442380345,33.765470774786365,33.490612044216654,33.54651641845703,92096400,-0.003610522516556136,0
2017-07-03,33.74683993520988,33.844669935919384,33.332225551821445,33.42539596557617,57111200,0.004111264813090099,0
2017-07-05,33.46964622541144,33.72586658729223,33.24370428690816,33.56281661987305,86278400,-0.009438196577039815,-1
2017-07-06,33.31359574009965,33.4254009641699,33.17150852763004,33.24604415893555,96515200,0.010158858304826879,1
2017-07-07,33.28563642493535,33.71655758081825,33.28563642493535,33.58378601074219,76806800,0.006103622667878783,1
2017-07-10,33.567486348932384,33.99607597971886,33.3951171574487,33.78876876831055,84362400,0.003239619022157747,0
2017-07-11,33.711887186401654,33.97277065601497,33.63036398995309,33.898231506347656,79127200,0.0014432461593898438,0
2017-07-12,33.97743342439088,34.0496410185598,33.73286023232792,33.9471549987793,99538000,0.013928913479797744,1
2017-07-13,33.89125088868478,34.58771155072855,33.87727568379812,34.42000198364258,100797600,0.008594261973045025,1
2017-07-14,34.46658374236206,34.78336805363899,34.31750898142132,34.715816497802734,80528400,0.003489242345209531,0
2017-07-17,34.664582775436166,35.1490731877301,34.606350378800286,34.83694839477539,95174000,0.0034767813617975207,0
2017-07-18,34.753089697174474,34.96971603651963,34.629637314513324,34.95806884765625,71475200,0.006263280157415174,1
2017-07-19,35.05123708142619,35.27019142330766,34.92778470640329,35.17702102661133,83692000,-0.004502873465058843,0
2017-07-20,35.28882244956247,35.34472681415115,34.98368534557187,35.01862335205078,68974800,-0.000465254497805101,0
2017-07-21,34.93711077861648,35.041928384156826,34.67855878936442,35.0023307800293,105010400,0.012111075279563233,1
2017-07-24,35.074524379164174,35.50777338938953,34.916130471679224,35.426246643066406,85972800,0.004274679549785665,0
2017-07-25,35.3587280155949,35.833903024210784,35.3587280155949,35.57768249511719,75415600,0.004713355827002719,0
2017-07-26,35.719750377780706,35.85484639838215,35.65219881325687,35.7453727722168,63124000,-0.01889741511466647,-1
2017-07-27,35.812923566701464,35.868827946423565,34.310528459625985,35.06987762451172,129905200,-0.007040408956118127,-1
2017-07-28,34.91381373576606,34.99300893798298,34.75076374466559,34.82297134399414,68854800,-0.005150716432569924,-1
2017-07-31,34.91613521757515,35.01629676393556,34.50385250742596,34.64360809326172,79383600,0.008875404746336857,1
2017-08-01,34.72980174714236,34.99068173899618,34.56907976850981,34.95108413696289,141474400,0.04725079093848139,1
2017-08-02,37.10101961724423,37.21049679355686,36.37428053552894,36.6025505065918,279747200,-0.009990892263259554,-1
2017-08-03,36.5815931692251,36.618862756994176,36.10874638135342,36.23685836791992,108389200,0.005270718028481225,1
2017-08-04,36.353317021893886,36.6631101994901,36.264802654453305,36.427852630615234,82239600,0.015474363000679725,1
2017-08-07,36.58392363191199,37.01717284458326,36.493081227040136,36.99155044555664,87481200,0.007996813072096876,1
2017-08-08,36.94263020084409,37.694991695930675,36.86576301836556,37.2873649597168,144823600,0.006121748083488088,1
2017-08-09,37.09635495788188,37.564545578918434,37.06141695073997,37.515628814697266,104526000,-0.03185165443641902,-1
2017-08-10,37.39169759342249,37.41508344784956,36.159340851448846,36.32069396972656,163217200,0.013906784527917049,1
2017-08-11,36.62001748446426,37.08069102427803,36.49608029539566,36.82579803466797,105028400,0.015049832902788607,1
2017-08-14,37.256082923655434,37.46420424890285,37.12278993368608,37.38002014160156,88490800,0.010947603763179714,1
2017-08-15,37.56942756923326,37.929546235370935,37.44782752936895,37.78924179077149,117862000,-0.0040225220046027355,0
2017-08-16,37.86874084100128,38.00203021658341,37.450157608514594,37.63723373413086,110686400,-0.019198540497396444,-1
2017-08-17,37.536680345005905,37.58111132381233,36.90997589394389,36.91465377807617,111762400,-0.0022802627479409088,0
2017-08-18,36.91466276218176,37.29816728622195,36.64808039264384,36.83047866821289,109712400,-0.0018409326093754563,0
2017-08-21,36.83048953864028,36.92168870334201,36.27160161789232,36.76267623901367,105474000,0.016347008414862696,1
2017-08-22,37.00117669594613,37.415082040105275,36.95207139894945,37.3636360168457,86418400,0.0012517033528396393,0
2017-08-23,37.19760863775426,37.524989178766795,37.15317765686392,37.410404205322266,77596400,-0.004437482008864513,0
2017-08-24,37.51565298458341,37.588147741229136,37.076027967009445,37.2443962097168,79275600,0.003703732154644923,0
2017-08-25,37.333230618284894,37.54602972808656,37.24437223551902,37.38233947753906,101920400,0.010071578753159782,1
2017-08-28,37.44782531258418,37.88277584463874,37.39871644056381,37.75883865356445,103864000,0.008918038364951864,1
2017-08-29,37.43847155363424,38.14467872709018,37.41508569780086,38.09557342529297,118067600,0.002700939245539491,0
2017-08-30,38.30369647441124,38.32474160472959,38.025421190710354,38.19846725463867,109078400,0.003978928843953566,0
2017-08-31,38.26627216673891,38.472056244466614,38.22885623111931,38.35045623779297,107140400,0.000305172150713684,0
2017-09-01,38.53754296132043,38.57028102195894,38.263945547088376,38.362159729003906,66364400,-0.012008758592778168,-1
2017-09-05,38.29199729690291,38.40891942605376,37.54603354201166,37.9014778137207,117874000,-0.0010488498733599583,0
2017-09-06,38.04880097446266,38.11427708156708,37.536681476039995,37.861724853515625,86606800,-0.0040148212272085315,0
2017-09-07,37.90380792335481,37.93888669648511,37.499258430811345,37.709716796875,87714000,-0.016308838429615613,-1
2017-09-08,37.6161868052397,37.684000068835665,37.07132926575848,37.0947151184082,114446000,0.018092570903575522,1
2017-09-11,37.53200958535398,37.89446895853717,37.389364421772754,37.76585388183594,126323200,-0.003962791456887493,0
2017-09-12,38.0254232193548,38.34111446369531,37.12746192939113,37.61619567871094,286856000,-0.007522366203353448,-1
2017-09-13,37.38467889980977,37.40572759401072,36.9263461705146,37.33323287963867,179629600,-0.00858115052873376,-1
2017-09-14,37.17890179035626,37.274775229286895,36.968439806343234,37.01287078857422,95042800,0.010108318280825257,1
2017-09-15,37.05728751659309,37.641897967011765,36.94738046646006,37.38700866699219,196458400,-0.00756786704731649,-1
2017-09-18,37.44080506549708,37.53200418527615,36.94739352818462,37.10406875610352,113077600,0.00037813795126306893,0
2017-09-19,37.30049745403106,37.361299246612795,37.05028594574414,37.11809921264648,83242400,-0.01675788185898297,-1
2017-09-20,36.92401038359898,37.00819446712363,35.97226601948196,36.49607849121094,211805600,-0.017172058615097296,-1
2017-09-21,36.4329311332989,36.4329311332989,35.71970553018945,35.86936569213867,150046800,-0.009778963789938477,-1
2017-09-22,35.4367535549157,35.6074624143654,35.20758720530329,35.51860046386719,186581600,-0.008822049818988043,-1
2017-09-25,35.0743013880776,35.504573964546545,34.880210226607545,35.20525360107422,177549200,0.017203667717502258,1
2017-09-26,35.49288472072769,35.99331133984807,35.47183959177967,35.8109130859375,146640000,0.007117355460640962,1
2017-09-27,35.96524078456459,36.18037703301019,35.904439005361155,36.065792083740234,102016800,-0.006159122637840353,-1
2017-09-28,35.98630363061761,36.07750277615863,35.70802830832593,35.843658447265625,88022000,0.005480194121027626,1
2017-09-29,35.82729301530582,36.04242938060803,35.54433979300638,36.04008865356445,105199200,-0.002011496351543185,0
2017-10-02,36.07282337667811,36.11725436821223,35.712704695295194,35.967594146728516,74795200,0.0043559608340035805,0
2017-10-03,36.014360468283606,36.266912748248025,35.99097817847156,36.124267578125,64921200,-0.006473553712026514,-1
2017-10-04,35.92549397074334,35.979277150203,35.65189662108311,35.89041519165039,80655200,0.012444548558812496,1
2017-10-05,36.05410211450087,36.34874813157937,36.02370479058724,36.33705520629883,85135200,-0.0005787597785784637,0
2017-10-06,36.238855724004175,36.36045577341464,36.14297869335013,36.31602478027344,69630400,0.003477090613599243,0
2017-10-09,36.43528384483818,36.6504201964683,36.360455516010035,36.44229888916016,65051600,0.00038490002752999963,0
2017-10-10,36.493741475973025,36.94739999620243,36.26925294253184,36.45632553100586,62468000,0.004169174913755125,0
2017-10-11,36.47268823464688,36.70886964439379,36.42124221380219,36.60831832885742,67622400,-0.0035132047627864926,0
2017-10-12,36.56155273162474,36.80007131591153,36.416566859091965,36.479705810546875,64500400,0.006346691016231754,1
2017-10-13,36.65042940804233,36.77904453323955,36.57560106040712,36.71123123168945,65576800,0.01840792075421871,1
2017-10-16,36.92399462117171,37.415068826795,36.86553357612984,37.38700866699219,96486000,0.003690726656449872,0
2017-10-17,37.36364076377817,37.61853018619602,37.23502568928912,37.524993896484375,75989200,-0.004424134630320431,0
2017-10-18,37.51331642446164,37.58113329539812,37.321565881093505,37.358978271484375,65496800,-0.023660857603340912,-1
2017-10-19,36.65509391595144,36.73226296290356,36.25054427724561,36.47503280639648,170336800,0.0017308617673135185,0
2017-10-20,36.6223501234401,36.88893244018555,36.47035277996026,36.53816604614258,95896400,-0.0005117839240340594,0
2017-10-23,36.68783459311455,36.874910759543646,36.362791136614184,36.51946640014648,87937200,0.005954858686486375,1
2017-10-24,36.54751781405265,36.81176296958827,36.52647268702244,36.736934661865234,71028800,-0.004392148295075393,0
2017-10-25,36.692502723835666,36.84216290355561,36.308998290292045,36.57558059692383,84828400,0.0063936753062581175,1
2017-10-26,36.76733915295632,36.907647163522135,36.66210992912242,36.80943298339844,68002000,0.03583010376219309,1
2017-10-27,37.24906182065189,38.256933881981624,37.11109452207482,38.128318786621094,177816800,0.022508106464060873,1
2017-10-30,38.32473536572489,39.30220622127214,38.28498226997927,38.986515045166016,178803200,0.013915545287752629,1
2017-10-31,39.26245133696177,39.67167880770274,39.03796283690773,39.52903366088867,144187200,-0.012718895681354092,-1
2017-11-01,39.72312289387926,39.739493704636594,38.72694764111873,39.026268005371094,134551200,0.007310198463379436,1
2017-11-02,38.95845422999782,39.402756886310264,38.649778101307376,39.31155776977539,165573600,0.02611406628188684,1
2017-11-03,40.6889088506284,40.74970708505547,40.015436114041485,40.33814239501953,237594400,0.010144781709641837,1
2017-11-06,40.30773567480745,40.920410088520335,40.15573832659195,40.74736404418945,140105200,0.0032137275822887723,0
2017-11-07,40.66785656286765,40.98120701837095,40.59536541237452,40.87831497192383,97446000,0.008180380654917663,1
2017-11-08,40.84324077665811,41.21271514892578,40.766071739901534,41.21271514892578,97638000,-0.0020427325317164957,0
2017-11-09,40.94846752003919,41.1799746163797,40.48779405353684,41.1285285949707,117930400,-0.00330952826376274,0
2017-11-10,41.09567449991334,41.15904042793553,40.89854003607489,40.99241256713867,100582000,-0.004007569387995291,0
2017-11-13,40.7178304391307,40.95251534079716,40.69436051656109,40.82813262939453,67928400,-0.015117375278547285,-1
2017-11-14,40.60988212484528,40.713144075685776,40.173367975115646,40.21091842651367,99130000,-0.013190050973095557,-1
2017-11-15,39.88940383867041,39.97154500892907,39.51625560328403,39.68053436279297,116632400,0.011946821067535529,1
2017-11-16,40.17336224870456,40.33529541389406,39.96684195746964,40.15459060668945,94550000,-0.005552576241285467,-1
2017-11-17,40.14049857187801,40.222639708745426,39.81194118642222,39.9316291809082,87598000,-0.0009988692028735091,0
2017-11-20,39.96449446037479,40.02786039305711,39.793175467130645,39.89174270629883,65049600,0.018590409969762023,1
2017-11-21,40.07949000791954,40.76476953873058,40.07949000791954,40.63334655761719,100525200,0.010511850217071572,1
2017-11-22,40.68498087832216,41.06986403229882,40.61222912071193,41.06047821044922,102355600,5.722908300254126e-05,0
2017-11-24,41.09333825492993,41.18721080727252,40.98772715728411,41.06282806396485,56106800,-0.005029553971276135,-1
2017-11-27,41.08159947209621,41.08863973381709,40.6802866489658,40.856300354003906,82867200,-0.005859162367507609,-1
2017-11-28,40.90557807579892,41.03934660435194,40.33294635678257,40.61691665649414,105715200,-0.02074293440861741,-1
2017-11-29,40.5136623278251,40.58171938476429,39.22993541987075,39.7744026184082,166665600,0.013983916745415437,1
2017-11-30,39.997348818685616,40.39866160373604,39.53032812414454,40.330604553222656,166108800,-0.004655128349916993,0
2017-12-01,39.8847055416324,40.2883639320464,39.54441308882042,40.142860412597656,159037200,-0.007307941208053448,-1
2017-12-04,40.478452593660734,40.5113083380798,39.80960274348526,39.8494987487793,130169600,-0.000942438318153993,0
2017-12-05,39.67582539355102,40.253151776230816,39.52093251270924,39.81194305419922,109400800,-0.003713614824640721,0
2017-12-06,39.309723894094375,39.94337245857376,39.06565315421621,39.66409683227539,114240000,0.001834058573502606,0
2017-12-07,39.66878249283404,39.999689012329135,39.6406214549219,39.73684310913086,102693200,0.0002953889279551092,0
2017-12-08,40.01143045944201,40.131118470982265,39.619507100586645,39.74858093261719,93420800,0.01948415390161018,1
2017-12-11,39.70869136775912,40.57467937446635,39.61246968234542,40.523048400878906,141095200,-0.005617688772360463,-1
2017-12-12,40.40101003115112,40.457335704579165,40.23908043443534,40.29540252685547,77636800,0.0033198279536177377,0
2017-12-13,40.48315286503753,40.72722363130494,40.36581039296496,40.429176330566406,95273600,-0.00029033051255744624,0
2017-12-14,40.45968007515318,40.63100265058156,40.28366637949966,40.41743850708008,81906000,0.010161310005890378,1
2017-12-15,40.748340622269716,40.87506889352634,40.47375971704085,40.82813262939453,160677200,0.014083164764525424,1
2017-12-18,41.041708670342864,41.58617593823136,41.037013968263835,41.40312194824219,117684400,-0.010656668122407509,-1
2017-12-19,41.07689951347836,41.16138622432413,40.856295125102875,40.9619026184082,109745600,-0.0010882930087837694,0
2017-12-20,41.039357666611906,41.168435110364854,40.659169178656214,40.91732406616211,93902400,0.0037851133357091893,0
2017-12-21,40.875066329554095,41.3092348028059,40.85864024959166,41.07220077514648,83799600,0.0,0
2017-12-22,40.99475433273365,41.16842243823581,40.95251277196693,41.07220077514648,65397600,-0.025369860453832493,-1
2017-12-26,40.08418129681013,40.24141974875791,39.82133177595065,40.03020477294922,132742000,0.00017601073713136017,0
2017-12-27,39.9199080537156,40.079492087345024,39.82838107419101,40.03725051879883,85992800,0.0028134847947101083,0
2017-12-28,40.13111949188982,40.33060309720573,40.00908233636688,40.14989471435547,65920800,-0.010813816252154163,-1
2017-12-29,40.01846663010153,40.03489270953262,39.7133755707401,39.715721130371094,103999600,0.017904691065558254,1
2018-01-02,39.93398271524752,40.43620824884917,39.722764160494656,40.42681884765625,102223600,-0.00017400087264640707,0
2018-01-03,40.490190741195256,40.964255303118776,40.35642219303837,40.41978454589844,118071600,0.004644951907377681,0
2018-01-04,40.49253559819918,40.71079444172855,40.3845825374921,40.6075325012207,89738400,0.011385322772026418,1
2018-01-05,40.703754451309464,41.15669464308769,40.61222747270617,41.069862365722656,94640000,-0.0037141176223628447,0
2018-01-08,40.91732406616211,41.21302582557117,40.818753232017464,40.91732406616211,82271200,-0.00011476538217380927,0
2018-01-09,40.96425914982696,41.08394718636523,40.69671844738219,40.912628173828125,86336000,-0.00022965034965038988,0
2018-01-10,40.63804105355738,40.90558171547584,40.6004906074266,40.90323257446289,95839600,0.005680372098506137,1
2018-01-11,40.97364496545803,41.184863571147595,40.95017861883131,41.13557815551758,74670800,0.010325828156029893,1
2018-01-12,41.34677300481039,41.62370297553833,41.22239032725663,41.56033706665039,101672400,-0.0050816936127193735,-1
2018-01-16,41.750449409423986,42.10013125931942,41.33740520403028,41.34914016723633,118263600,0.016516368159245287,1
2018-01-17,41.339754292155696,42.06727910092083,41.08629768651695,42.03207778930664,137547200,0.0008931377596699264,0
2018-01-18,42.095433710001295,42.26675628300171,41.83258774080623,42.069618225097656,124773600,-0.004462701316195861,0
2018-01-19,41.917075391486335,42.14472005952902,41.6354541923534,41.881874084472656,129700400,-0.008181376184274947,-1
2018-01-22,41.60962889571924,41.722276632609585,41.44535020004437,41.53922271728515,108434400,0.00022609437667853172,0
2018-01-23,41.609634869826934,42.11186042928691,41.49698711676318,41.548614501953125,130756400,-0.015928521849625232,-1
2018-01-24,41.59790149940242,41.60963646144299,40.64742687023852,40.88680648803711,204420400,-0.017850893491659248,-1
2018-01-25,40.954867828442865,41.05812977560475,40.020822764492415,40.15694046020508,166116000,0.0023378200288954876,0
2018-01-26,40.36581709078735,40.36581709078735,39.910527650639175,40.25082015991211,156572000,-0.020698552084151722,-1
2018-01-29,39.93399264516992,39.93399264516992,39.208816996514216,39.417686462402344,202561600,-0.005894353200536884,-1
2018-01-30,38.84739780967541,39.279217239588455,38.652608879864985,39.18534469604492,184192800,0.002755007859560399,0
2018-01-31,39.161877625713345,39.53033472705951,39.07504533755253,39.29330062866211,129915600,0.002090383353123615,0
2018-02-01,39.23228073447791,39.57257317905928,39.13605905026289,39.37543869018555,188923200,-0.04338999044277603,-1
2018-02-02,38.95770615432121,39.145454851989534,37.5730662234084,37.66693878173828,346375200,-0.02498470249931084,-1
2018-02-05,37.33836925832738,38.4601628009349,36.61084463132752,36.7258415222168,290954000,0.0417917126419336,1
2018-02-06,36.33626195547437,38.422610484739074,36.14147306701569,38.26067733764648,272975200,-0.021406892475597794,-1
2018-02-07,38.27476741574191,38.34751917686184,37.33133650049833,37.44163513183594,206434400,-0.02751647970983484,-1
2018-02-08,37.61765378986397,37.78428170095919,36.383212086809394,36.411373138427734,217562000,0.012230981528279283,1
2018-02-09,37.01224435906996,37.20546868760478,35.40281108119353,36.856719970703125,282690400,0.040279170437543144,1
2018-02-12,37.34922453638688,38.61933366859488,37.11593786473741,38.341278076171875,243278000,0.010017673975836638,1
2018-02-13,38.16218480046921,38.82198249059951,38.09149154873951,38.72536849975586,130196800,0.018437445913820794,1
2018-02-14,38.419036001031955,39.47942405993743,38.381336047155465,39.43936538696289,162579600,0.03357829100553622,1
2018-02-15,40.009615319931726,40.7872338950908,39.82345990009944,40.763671875,204588800,-0.0032371472377941135,0
2018-02-16,40.61522081089618,41.19490122123614,40.47619301177695,40.6317138671875,160704400,-0.0033637957969686605,0
2018-02-20,40.542164710786906,41.06293097636061,40.39370925438159,40.49503707885742,135722000,-0.004538821468280774,0
2018-02-21,40.72596553556844,41.029941821835656,40.29709580939052,40.31123733520508,149886400,0.00835923938917893,1
2018-02-22,40.48326008492217,40.98988849322406,40.46205318685,40.64820861816406,123967600,0.017391281498212674,1
2018-02-23,40.92390816081634,41.390477885967094,40.89327357832788,41.355133056640625,135249600,0.019771976754911824,1
2018-02-26,41.55542552975394,42.27177489318232,41.52243582740411,42.17280578613281,152648800,-0.0032406035522355436,0
2018-02-27,42.20344770149947,42.52863093958615,41.981943834814835,42.03614044189453,155712400,-0.001513495775951057,0
2018-02-28,42.24115044606972,42.56162345816957,41.95602586357139,41.97251892089844,151128400,-0.017516562081585474,-1
2018-03-01,42.071474868825504,42.36367192217282,40.685903876338685,41.2373046875,195208000,0.006914174432235409,1
2018-03-02,40.718887524646725,41.54363349582345,40.63641148928622,41.52242660522461,153816000,0.003461874319869107,0
2018-03-05,41.28678870207752,41.8829619856499,41.12419533462917,41.66617202758789,113605600,-0.0008482461538010799,0
2018-03-06,41.92302593108013,42.00314326566764,41.50358389046572,41.630828857421875,95154000,-0.009283008798827708,-1
2018-03-07,41.22316261521673,41.43759744098587,41.065283096039394,41.24436950683594,126814000,0.010912633449389864,1
2018-03-08,41.350415636468696,41.736867984637264,41.25380524613253,41.694454193115234,95096400,0.01718104683177435,1
2018-03-09,41.93481473396064,42.41552240582564,41.80049718711683,42.41080856323242,128740800,0.009667703118412918,1
2018-03-12,42.48385406124085,42.97870322731675,42.46500588336334,42.820823669433594,128828400,-0.009630277245296304,-1
2018-03-13,43.02582751794374,43.2402623796114,42.2364297899041,42.408447265625,126774000,-0.008501392446964462,-1
2018-03-14,42.490924073672474,42.53805170675562,41.899460952314094,42.04791641235352,117473600,0.0011765816967650444,0
2018-03-15,42.06204440363286,42.472062265347326,41.960720196226994,42.097389221191406,90975200,-0.0035261406335037604,0
2018-03-16,42.09739977305709,42.20815168997699,41.85468904336658,41.94894790649414,157618800,-0.015279268760119535,-1
2018-03-19,41.78399598935309,41.8193408128939,40.92154633888035,41.30799865722656,133787200,-0.0003424251457523342,0
2018-03-20,41.293853759765625,41.66145424499087,41.22316052900529,41.293853759765625,78597600,-0.02265436026596368,-1
2018-03-21,41.24673482523115,41.25851763313457,40.3560092009763,40.358367919921875,148219600,-0.014129695878069892,-1
2018-03-22,40.0591030669939,40.690621318863954,39.72920600939137,39.788116455078125,165963200,-0.0231569509202878,-1
2018-03-23,39.679708191652225,40.04023972746869,38.86674499511719,38.86674499511719,164115200,0.04747227414256838,1
2018-03-26,39.604321946723815,40.78959999971165,39.22022463405394,40.71183776855469,150164800,-0.025641460504907787,-1
2018-03-27,40.926252726250496,41.2726463467218,39.33331597313068,39.66792678833008,163690400,-0.011048871547419958,-1
2018-03-28,39.41108613081626,40.06381484211484,38.9256646587026,39.22964096069336,166674000,0.007808678005195802,1
2018-03-29,39.54304156007836,40.47147063196925,39.328606704264416,39.53597259521485,153594000,-0.00655617776640538,-1
2018-04-02,39.26734364216447,39.80932042170238,38.75600144272291,39.27676773071289,150347200,0.010258864243584132,1
2018-04-03,39.50297149697446,39.764533908284335,38.852601747915166,39.67970275878906,121112000,0.019122851476802705,1
2018-04-04,38.85262342074445,40.532747108591785,38.82670267739489,40.43849182128906,138422000,0.006933782158700996,1
2018-04-05,40.667042056530285,41.05584939497866,40.549221215108744,40.7188835144043,107732800,-0.025578283959348358,-1
2018-04-06,40.28767570096264,40.64349349687593,39.63494695894709,39.677364349365234,140021200,0.009918198727971506,1
2018-04-09,40.03083365593361,40.787241886930794,40.02376468896047,40.070892333984375,116070800,0.01881773864222258,1
2018-04-10,40.76602547165292,41.001667237385014,40.41963178837809,40.82493591308594,113634400,-0.004675289095172008,0
2018-04-11,40.58458118146075,40.98281634944289,40.459691330575104,40.63406753540039,89726400,0.0098583577489888,1
2018-04-12,40.86263524548229,41.237304751420794,40.77544535613752,41.03465270996094,91557200,0.0033884020322416664,0
2018-04-13,41.185477420834445,41.43525717721681,40.96633225195104,41.1736946105957,100497200,0.0062379573809527855,1
2018-04-16,41.24437536607009,41.51772066001814,41.19724773501885,41.43053436279297,86313600,0.01376413044899416,1
2018-04-17,41.588416552068885,42.16573815931842,41.56956477932666,42.000789642333984,106421600,-0.002244362187796778,0
2018-04-18,41.89945569390821,42.137456143861954,41.68031060955087,41.906524658203125,83018000,-0.028340244233694745,-1
2018-04-19,40.94509751639388,41.32919461002224,40.68589382263054,40.7188835144043,139235200,-0.04097155283889364,-1
2018-04-20,40.20050100429082,40.34659780053612,38.98222947698664,39.050567626953125,261964400,-0.0028968810003681122,0
2018-04-23,39.31211228673161,39.33331918058596,38.666452618618635,38.937442779541016,146062000,-0.013919367051763443,-1
2018-04-24,39.03875903971752,39.194283420807594,37.99015421983488,38.39545822143555,134768000,0.004357714284919378,0
2018-04-25,38.32006392000796,38.979861602588485,38.27058116128908,38.562774658203125,113528400,0.003483133841131636,0
2018-04-26,38.67352834703607,39.05291176219348,38.49679700945855,38.69709396362305,111852000,-0.011569652878868575,-1
2018-04-27,38.64525855148299,38.723020783699894,37.85114676720893,38.24938201904297,142623200,0.01811207631991163,1
2018-04-30,38.204601447820586,39.413441286929526,38.13626332075267,38.94215774536133,169709600,0.02323603782081385,1
2018-05-01,39.21314234724244,39.870581211910206,38.94451091068036,39.84701919555664,214277600,0.04417520123435037,1
2018-05-02,41.29150658088416,41.88532485137005,40.95454057379455,41.607269287109375,266157600,0.0018124897772975324,0
2018-05-03,41.4446850899106,41.826423693589646,41.10536028859194,41.68268203735352,136272800,0.039233119472053435,1
2018-05-04,42.00314227461454,43.416992785962016,41.984290502990305,43.318023681640625,224805200,0.007234781904194909,1
2018-05-07,43.63613038088778,44.222879536554224,43.53480617090107,43.63142013549805,169805600,0.004806991606278066,0
2018-05-08,43.59137628229113,43.88121467892142,43.28032739177404,43.841156005859375,113611200,0.007041080700298741,1
2018-05-09,43.95897585212502,44.15926921265365,43.645571845594965,44.149845123291016,92844800,0.014303998482064761,1
2018-05-10,44.23939119736223,44.859126663527505,44.218180703480805,44.78136444091797,111957200,-0.0038032514405197393,0
2018-05-11,44.823947228285526,44.95877911134378,44.3413822765096,44.61104965209961,104848800,-0.002333229780549284,0
2018-05-14,44.710395336057,44.833402569927514,44.43836378619095,44.506961822509766,83115200,-0.009088444535220952,-1
2018-05-15,44.18288904852097,44.25149069455989,43.78548605847127,44.10246276855469,94780800,0.009332684957507942,1
2018-05-16,44.01493922871573,44.58029459901324,43.99837896645012,44.51405715942383,76732400,-0.006323799116178086,-1
2018-05-17,44.471473801176494,44.686735524679,44.083531301757894,44.23255920410156,69176000,-0.003636473398704654,0
2018-05-18,44.279874206223006,44.42653431327722,44.0291313356569,44.07170867919922,73190800,0.007085177061046721,1
2018-05-21,44.47148705487406,44.77190715361013,44.213647916414686,44.38396453857422,73603200,-0.0025050300859734698,0
2018-05-22,44.56137319864113,44.67964841905627,44.18289104952335,44.27278137207031,60962800,0.006411942121572478,1
2018-05-23,44.08119064021721,44.58977281205564,43.94162309086747,44.55665588378906,80233600,-0.0011153005155707385,0
2018-05-24,44.65362554309607,44.67018219621864,44.04805702169215,44.506961822509766,92936000,0.0022852890655393754,0
2018-05-25,44.52587901519814,44.86178013673768,44.38867935550355,44.608673095703125,69844000,-0.003605898325074741,0
2018-05-29,44.37685652361795,44.64888804007304,44.204172132642654,44.44781875610352,90056400,-0.002128525302983131,0
2018-05-30,44.40525183823705,44.471485677083336,44.18289383233587,44.35321044921875,74762000,-0.0033603029106226145,0
2018-05-31,44.286964307344995,44.52587890184993,44.03148945299221,44.20417022705078,109931200,0.018034049088278437,1
2018-06-01,44.469111990917085,45.00607881211757,44.412338594235976,45.00135040283203,93770000,0.008358174744172775,1
2018-06-04,45.33253438397031,45.75359395463872,45.26393633211994,45.377479553222656,105064800,0.0077148929580879155,1
2018-06-05,45.670792158905925,45.87658987304601,45.502839769459946,45.727561950683594,86264000,0.0034661955421471102,0
2018-06-06,45.80327211700797,45.909719114644695,45.39876919461961,45.88606262207031,83734400,-0.002680908981776642,0
2018-06-07,45.923898819189205,45.9380912670048,45.498107337356295,45.76304626464844,85388800,-0.009097564057807483,-1
2018-06-08,45.22134258806852,45.41767986646132,44.89017344949806,45.34671401977539,106627200,-0.0024517620341388824,0
2018-06-11,45.2639231720962,45.41058327377536,44.99425584445907,45.23553466796875,73234000,0.005491041491542115,1
2018-06-12,45.273395088177914,45.56198695530313,45.21662167499017,45.483924865722656,67644400,-0.008217162006142864,-1
2018-06-13,45.51704320323986,45.62585801286526,45.0486742606651,45.11017608642578,86553600,0.0005239585900203014,0
2018-06-14,45.31122473067097,45.31595674878953,44.99661230102335,45.133811950683594,86440400,-0.010272104485309574,-1
2018-06-15,44.95168837315518,44.98244109123504,44.532993004077035,44.67019271850586,246876800,-0.0005298025460752642,0
2018-06-18,44.44309283671168,44.76006952448041,44.282236678630035,44.64652633666992,73939600,-0.016159768021019483,-1
2018-06-19,43.79494537297693,44.07644095516829,43.395174578736984,43.925048828125,134314000,0.004362080848391292,0
2018-06-20,44.08117232308161,44.28223801491003,43.934508607866384,44.11665344238281,82514800,-0.005576434796413565,-1
2018-06-21,44.29406343878758,44.55427032867904,43.74763257948827,43.87063980102539,102847600,-0.0029118054332775145,0
2018-06-22,44.02675677556608,44.03385299840251,43.69085565990926,43.742897033691406,108801600,-0.014871188803846302,-1
2018-06-25,43.383344149401005,43.742901786561845,42.7517549820262,43.09238815307617,126652400,0.012406064191538446,1
2018-06-26,43.28636549150779,44.123752445008655,43.17991490795434,43.62699508666992,98276800,-0.0014638149337803386,0
2018-06-27,43.81624035304365,44.301169514152186,43.53238052515466,43.563133239746094,101141200,0.007276125513077547,1
2018-06-28,43.54893491201409,44.04805645573008,43.47796906225165,43.880104064941406,69460800,-0.0021025991171274017,0
2018-06-29,44.06696951789609,44.27986702952113,43.2674316731345,43.787841796875,90950800,0.011182518608346514,1
2018-07-02,43.48269430934698,44.305888653755424,43.38807198790938,44.27750015258789,70925200,-0.01741617896868297,-1
2018-07-03,44.42180430803637,44.45965324366076,43.41646496590489,43.50635528564453,55819200,0.008046783277056546,1
2018-07-05,43.82332458710169,44.09535970522767,43.591506212194346,43.856441497802734,66416800,0.013862061149183313,1
2018-07-06,43.86117788639464,44.57319334214451,43.809136505897534,44.46438217163086,69940800,0.013885296340422126,1
2018-07-09,44.82630838630501,45.1054361729971,44.778999020193005,45.081783294677734,79026400,-0.001206980687547432,0
2018-07-10,45.11252874195781,45.247360594137255,44.98715370821526,45.02737045288086,63756400,-0.012976150183989565,-1
2018-07-11,44.5897486186037,44.89253282974942,44.37921891539344,44.44308853149414,75326000,0.016765819872453402,1
2018-07-12,44.8333878212164,45.278103636969995,44.781346455140046,45.18821334838867,72164400,0.0015706807608659723,0
2018-07-13,45.20005200422256,45.37982901334297,45.157471054223706,45.25918960571289,50055600,-0.002195302342928529,0
2018-07-16,45.30412787080415,45.571427334449794,45.043921020028186,45.15983200073242,60172400,0.0028288501322688564,0
2018-07-17,44.88544735908973,45.386933152154526,44.75534389122667,45.28758239746094,62138000,-0.005484646561097262,-1
2018-07-18,45.36563673084475,45.37036874963349,44.9280170344419,45.0391960144043,65573600,0.0077730926067323125,1
2018-07-19,44.87124392585113,45.547778183658465,44.87124392585113,45.38928985595703,81147200,-0.002292972325152798,0
2018-07-20,45.36563974785241,45.51939607872061,44.984793423168234,45.285213470458984,82704800,0.0008881122598156654,0
2018-07-23,45.10543802852342,45.40822592493737,44.84050267981882,45.32543182373047,63957600,0.007254378338617418,1
2018-07-24,45.52413617715407,45.81036382740535,45.42951743513101,45.654239654541016,74791600,0.009429908209276583,1
2018-07-25,45.66842389108969,46.0918511677494,45.51939597020719,46.084754943847656,66839600,-0.0031309903730220023,0
2018-07-26,46.035082755032654,46.35442730310432,45.79853230741612,45.94046401977539,76304000,-0.01663146369385682,-1
2018-07-27,46.124976536435895,46.17228590760955,44.96824490529274,45.17640686035156,96096000,-0.005602849479562355,-1
2018-07-30,45.39402326924583,45.46498911575692,44.72458877003278,44.92329025268555,84118000,0.002000955982110364,0
2018-07-31,45.01554759341776,45.45079951875537,44.78845759223507,45.013179779052734,157492000,0.05891015501356578,1
2018-08-01,47.104289795396845,47.72641499185728,46.673766266407846,47.664913177490234,271742800,0.029230726259978912,1
2018-08-02,47.4472853667251,49.29237943033868,47.3928797788397,49.05819320678711,249616000,0.002893009352573195,0
2018-08-03,48.97302904627989,49.37753181863814,48.60637520421288,49.20011901855469,133789600,0.005192860392652321,1
2018-08-06,49.20249763312521,49.49818571986274,48.98250742913987,49.45560836791992,101701600,-0.009375069179345386,-1
2018-08-07,49.51473664507038,49.55731398898163,48.909164525705904,48.99195861816406,102349600,0.0006760130150802457,0
2018-08-08,48.74121801875727,49.15754548635724,48.3792961407391,49.02507781982422,90102000,0.00786499455711076,1
2018-08-09,49.56441614073816,49.62355375400296,49.01325315197339,49.41065979003906,93970400,-0.002978759345150017,0
2018-08-10,49.223123155004025,49.63616571108184,49.05933035479848,49.26347732543945,98444800,0.006456728582075799,1
2018-08-13,49.686006004524,50.07530905011157,49.303824068991645,49.58155822753906,103563600,0.004213500003231285,0
2018-08-14,49.88779682216442,49.98274740215204,49.43677251189209,49.790470123291016,82992000,0.0023359915931884245,0
2018-08-15,49.6646515911767,50.02547026132497,49.453383503301005,49.90678024291992,115230400,0.014649887030744102,1
2018-08-16,50.2652205557312,50.754222830238795,50.19875443815532,50.637908935546875,114001600,0.019970132037367527,1
2018-08-17,50.66640134485099,51.73698412751917,50.59993521682601,51.64915466308594,141708000,-0.009743701325808152,-1
2018-08-20,51.77258383451957,52.02895106876091,51.06281627042772,51.14590072631836,121150800,-0.0019492688880500264,0
2018-08-21,51.46399481334846,51.55657288661207,50.80645107024782,51.04620361328125,104639200,4.640750602913357e-05,0
2018-08-22,50.82306225227025,51.35953977789525,50.761341130701624,51.0485725402832,76072400,0.002046094937280696,0
2018-08-23,50.95362079278084,51.52333502466654,50.941754689265245,51.15302276611328,75532800,0.0031091487814047802,0
2018-08-24,51.41651291108594,51.487724018176,51.062815383301725,51.31206512451172,73905600,0.008234463224334077,1
2018-08-27,51.54706022871402,51.92449714256202,51.35241053232065,51.73459243774414,82100400,0.008075851835946724,1
2018-08-28,51.98860053619249,52.351791702590354,51.96723720220013,52.15239334106445,91107200,0.014929447431166087,1
2018-08-29,52.25921381497312,53.0520658931678,52.08355490535998,52.930999755859375,109019200,0.009193585491134693,1
2018-08-30,52.99508928286878,54.18436187501415,52.79331481770957,53.417625427246094,195175200,0.011554076201643726,1
2018-08-31,53.768948648472445,54.329165657459775,53.64788613858732,54.03481674194336,173360400,0.0032069404216887865,0
2018-09-04,54.219972905723175,54.40275291881206,53.79743674689333,54.20810317993164,109560400,-0.006524690596537264,-1
2018-09-05,54.357660260003286,54.519076959259664,53.43425198819361,53.85441207885742,133332000,-0.016617754944515783,-1
2018-09-06,53.70246949790362,53.9683375268526,52.53218798662743,52.95947265625,137160000,-0.008067848120522636,-1
2018-09-07,52.66276342098608,53.49833855540811,52.3921503197671,52.532203674316406,150479200,-0.0134208825182075,-1
2018-09-10,52.44910957296742,52.66275374338426,51.38564820141029,51.82717514038086,158066000,0.02528289218539137,1
2018-09-11,51.75121402787401,53.24433630046414,51.407013742111914,53.13751602172851,142996000,-0.012418949148942926,-1
2018-09-12,53.39626345084379,53.41050567281546,52.18562387340728,52.47760391235352,197114800,0.024155230957100038,1
2018-09-13,53.05918442469019,54.20573038490381,52.8336741244209,53.74521255493164,166825600,-0.011350853166498531,-1
2018-09-14,53.588555380563776,53.847298809656415,52.821818703158634,53.13515853881836,127997200,-0.026626485930891453,-1
2018-09-17,52.733965988011306,52.9238707140108,51.575554041463995,51.72035598754883,148780400,0.0016523602981846075,0
2018-09-18,51.698992744135595,52.66275866386363,51.53994856606182,51.805816650390625,126286800,0.0005957770299127585,0
2018-09-19,51.86754193214831,52.13340643422851,51.10792648182475,51.8366813659668,108495200,0.007601844918654788,1
2018-09-20,52.280587186546754,52.7648409288077,52.02184016105992,52.230735778808594,106435200,-0.010771273740367904,-1
2018-09-21,52.40876884698409,52.546449715100046,51.58031114167907,51.66814422607422,384986800,0.014379939184143709,1
2018-09-24,51.46873372312335,52.522697888406725,51.42363094324539,52.411128997802734,110773600,0.006340951476072609,1
2018-09-25,52.16425761500714,52.89301599016302,52.15238788998584,52.743465423583984,98217600,-0.00796607471382782,-1
2018-09-26,52.46098789272328,53.113782990935896,52.16663534447083,52.32330703735352,95938800,0.020551840697462076,1
2018-09-27,53.13041028583831,53.75234492513721,53.06394053227535,53.39864730834961,120724800,0.003511610653847752,0
2018-09-28,53.360648669167745,53.609898393887846,53.17786867688684,53.58616256713867,91717600,0.006733469108029411,1
2018-10-01,54.110776134678815,54.45972506223345,53.730970266832315,53.946983337402344,94403200,0.008888564870945803,1
2018-10-02,53.944613413006735,54.5974085148143,53.797438949135966,54.42649459838867,99152800,0.012168427453599584,1
2018-10-03,54.60927082559704,55.42111000731165,54.54517721010785,55.08877944946289,114619200,-0.017580680488100908,-1
2018-10-04,54.78256999358617,55.15525842665836,53.82118002551818,54.12028121948242,128168000,-0.016229013723323304,-1
2018-10-05,54.11315028295081,54.21997056620192,52.36128459795892,53.24196243286133,134322000,-0.002318109808361557,0
2018-10-08,52.748229370864145,53.36304291108725,52.27109309008724,53.1185417175293,118655600,0.013853361510586915,1
2018-10-09,53.087675513125205,53.949366274419,52.75771738057964,53.85441207885742,107564000,-0.046326109991272624,-1
2018-10-10,53.51970651890085,53.73097461398449,51.28595942699632,51.35954666137695,167962400,-0.008828101435299995,-1
2018-10-11,50.92275771210795,52.10490907696955,50.40052244578554,50.9061393737793,212497600,0.03571946967265527,1
2018-10-12,52.32330683693242,52.907263316289296,51.4734858776768,52.72447967529297,161351600,-0.02138574035087315,-1
2018-10-15,52.498972554275554,52.65801675259549,51.57556430770438,51.596927642822266,123164000,0.02203717702986685,1
2018-10-16,51.96961419733619,52.93338027240337,51.45449990773758,52.733978271484375,116736000,-0.004321430080203137,0
2018-10-17,52.769584063048576,52.85029240802,52.06693754496358,52.5060920715332,91541600,-0.023373607261236606,-1
2018-10-18,51.715613684238384,52.16188930147711,50.56194658901227,51.27883529663086,130325200,0.015230048654117034,1
2018-10-19,51.763089411901014,52.52270479300805,51.61353883204193,52.059814453125,132314800,0.006110132153425596,1
2018-10-22,52.17375981059053,53.02120833120337,51.971988940539,52.377906799316406,115168400,0.009426640760452853,1
2018-10-23,51.23373370765416,52.995093143663425,50.96549310735206,52.87165451049805,155071200,-0.034301691624963326,-1
2018-10-24,52.840793579292914,53.22772054648877,50.92750758714553,51.058067321777344,163702000,0.021897758956099134,1
2018-10-25,51.680001243507625,52.55118540631939,51.45211485043228,52.176124572753906,119423200,-0.01592341320421964,-1
2018-10-26,51.25034839397748,52.26871077821082,50.483611890840734,51.34530258178711,189033600,-0.018770176189757626,-1
2018-10-29,52.03133279908018,52.15002282193601,48.9216527514046,50.38154220581055,183742000,0.004994314094435737,0
2018-10-30,50.122794190896435,51.07943546602377,49.676522177021106,50.63316345214844,146640000,0.026066699916674096,1
2018-10-31,51.48299139927201,52.33043637650399,51.42127026211771,51.9530029296875,153435600,0.01535203912603178,1
2018-11-01,51.998093247056666,52.78382052074504,51.46636070706696,52.750587463378906,233292800,-0.06633066367761642,-1
2018-11-02,49.74298437208304,50.71624028973885,48.764976217655075,49.25160598754883,365314800,-0.028388399887754545,-1
2018-11-05,48.49673307349866,48.518096403459886,47.04159256395258,47.85343170166016,264654800,0.010814389425157778,1
2018-11-06,47.931782773877174,48.59644768701151,47.877186372573235,48.37093734741211,127531600,0.030328030005320805,1
2018-11-07,48.89316115705554,49.86404453276605,48.45638280611268,49.83793258666992,133697600,-0.0034890925672699247,0
2018-11-08,50.01897142188709,50.052320434232975,49.24955972898359,49.66404342651367,101450400,-0.019281548054167374,-1
2018-11-09,48.96370914662339,49.07328291204292,48.17762115241133,48.706443786621094,137463200,-0.050374049330119686,-1
2018-11-12,47.40344945530987,47.60592795463001,46.16238267177907,46.25290298461914,204542000,-0.00999140530482634,-1
2018-11-13,45.647848713349546,46.96990161049006,45.60496933770327,45.790771484375,187531600,-0.028247111575557593,-1
2018-11-14,46.18859132716536,46.32675258754113,44.29007074517611,44.497314453125,243204000,0.024678723094902377,1
2018-11-15,44.87606127472165,45.72884742077253,44.52112960091977,45.59545135498047,185915200,0.0110756896380646,1
2018-11-16,45.3786815583818,46.44347295974592,45.130946523451215,46.1004524230957,147713200,-0.03963199869060352,-1
2018-11-19,45.2595816714244,45.42632677168079,44.06615927376372,44.273399353027344,167701200,-0.047777934976080516,-1
2018-11-20,42.48921717934712,43.22766443054001,41.807941233880754,42.15810775756836,271300800,-0.0011300733520668294,0
2018-11-21,42.81317981186318,42.94181433856028,42.05567910822426,42.11046600341797,124496800,-0.02539911655089233,-1
2018-11-23,41.67215140622766,42.06757796948888,40.99564085555845,41.040897369384766,94496000,0.013524033043256,1
2018-11-26,41.50541913125888,41.674545003582075,40.5573473972905,41.5959358215332,179994000,-0.002176240642876026,0
2018-11-27,40.85510181769542,41.63166315620087,40.70503306917976,41.50541305541992,165549600,0.03845264808860338,1
2018-11-28,42.09854765484089,43.18477681325932,41.66977203052576,43.10140609741211,184250000,-0.007681894718675308,-1
2018-11-29,43.51113367233312,43.544482692561466,42.32961877681189,42.77030563354492,167080000,-0.005402525281219317,-1
2018-11-30,42.94657212714808,42.95610249446837,42.17001438997108,42.53923797607422,158126000,0.03494232027781963,1
2018-12-03,43.93990252450219,44.05424148532072,43.16572558637516,44.025657653808594,163210000,-0.04398884608712783,-1
2018-12-04,43.10378569629061,43.44680618638912,41.988972738240186,42.089019775390625,165377200,-0.011149344570985709,-1
2018-12-06,40.91465661846375,41.63404670780796,40.59545836632005,41.619754791259766,172393600,-0.03565727245338812,-1
2018-12-07,41.32674906083645,41.56495730195881,40.09044770784827,40.13570785522461,169126400,0.0065880422969137875,1
2018-12-10,39.304364112481025,40.51684332093949,38.90655674218161,40.400123596191406,248104000,-0.005719101282735228,-1
2018-12-11,40.89084213488551,40.92180674563769,39.780790462800155,40.169071197509766,189126800,0.0027868731494087307,0
2018-12-12,40.59068512660581,40.9527626913036,40.261960206928016,40.2810173034668,142510800,0.010940461068578822,1
2018-12-13,40.6121364170413,41.1076101421206,40.38822002222205,40.721710205078125,127594400,-0.0319978956345659,-1
2018-12-14,40.257195250448206,40.276252347094136,39.37106024764494,39.418701171875,162814800,-0.009306058349178414,-1
2018-12-17,39.41156165542188,40.1023678913392,38.76363480265742,39.0518684387207,177151600,0.01299259866918856,1
2018-12-18,39.39488938586305,39.9070357713484,39.15906186292742,39.55925369262695,135366000,-0.031191524269347792,-1
2018-12-19,39.542585052646096,39.88798642404335,37.896564525398766,38.325340270996094,196189200,-0.025234807089013156,-1
2018-12-20,38.20860943393784,38.61594722162958,36.9937492985405,37.35820770263672,259092000,-0.03889564525697853,-1
2018-12-21,37.36535415325516,37.675025670788216,35.643109158770635,35.90513610839844,382978400,-0.025874184419647617,-1
2018-12-24,35.29055301491782,36.10046329698791,34.9189487029854,34.97611999511719,148676800,0.07042158280600042,1
2018-12-26,35.32628751316479,37.45348564036244,34.94991800671452,37.43919372558594,234330000,-0.006489404409412258,-1
2018-12-27,37.12239164333339,37.34392731831936,35.74793196047481,37.19623565673828,212468400,0.0005118570123179289,0
2018-12-28,37.51780031359483,37.760773752408824,36.815086685468714,37.215274810791016,169165600,0.009665365930961123,1
2018-12-31,37.7631569952706,37.96087029681497,37.27482931167496,37.574974060058594,140014000,0.001141212017721216,0
2019-01-02,36.89608419898707,37.839390685649526,36.73886584541496,37.61785507202149,148158800,-0.09960720169105597,-1
2019-01-03,34.29723714095468,34.71172097757419,33.825585626712446,33.870845794677734,365248800,0.04268907930238841,1
2019-01-04,34.42824508143415,35.385843458861956,34.25435404131525,35.3167610168457,234428400,-0.002225840204180596,0
2019-01-07,35.42157295630101,35.45254119796696,34.754588999265515,35.23815155029297,219111200,0.019063120096736386,1
2019-01-08,35.62643221113831,36.16478528700009,35.378697182298566,35.9099006652832,164101200,0.016981557996359475,1
2019-01-09,36.03852503674899,36.81032108583574,35.64310209875845,36.51970672607422,180396400,0.0031964536818704925,0
2019-01-10,36.32676873470214,36.67693525525436,35.93610723599519,36.63644027709961,143122800,-0.009818177236768366,-1
2019-01-11,36.417282860183526,36.61261175890216,36.09093504627831,36.276737213134766,108092800,-0.015037126715177651,-1
2019-01-14,35.93371779556231,36.03376482948273,35.54543716517122,35.731239318847656,129756800,0.02046680111415622,1
2019-01-15,35.79555957068169,36.53876824774425,35.74315345783549,36.46254348754883,114843600,0.01221664169570813,1
2019-01-16,36.46492574846843,37.131909692527415,36.44586864895017,36.90799331665039,122278800,0.005937856226154947,1
2019-01-17,36.73172100407359,37.55592336335541,36.50780460910458,37.12714767456055,119284800,0.006159365082039736,1
2019-01-18,37.51780723077025,37.608327547850315,37.15572959722017,37.35582733154297,135004000,-0.02244611904124394,-1
2019-01-22,37.2581619603632,37.334386728093314,36.35535044644679,36.517333984375,121576000,0.004044271268594413,0
2019-01-23,36.71980687861818,36.95563439699075,36.13619728825342,36.66501998901367,92522400,-0.00792622182871272,-1
2019-01-24,36.71027946617382,36.79841536974451,36.14572698586206,36.37440490722656,101766000,0.033136654287443834,1
2019-01-25,37.03661648601908,37.66787050882143,36.76029768744328,37.57973098754883,134142000,-0.009254412183730909,-1
2019-01-28,37.11046412543963,37.23909862442794,36.603082990987026,37.23195266723633,104768400,-0.010364817774511925,-1
2019-01-29,37.22003895859648,37.667871630472526,36.71027345041031,36.84605026245117,166348800,0.06833481537526098,1
2019-01-30,38.887501744026494,39.578304302722984,38.16811172006146,39.36391830444336,244439200,0.007201268725745669,1
2019-01-31,39.56877928620291,40.25720110045901,39.19955570891924,39.64738845825195,162958400,0.0004808855683815505,0
2019-02-01,39.77126656772461,40.252444803805425,39.525908630314966,39.66645431518555,130672400,0.028404868746623846,1
2019-02-04,39.87845566846077,40.89084102706236,39.84748742377698,40.793174743652344,125982000,0.017109067911663,1
2019-02-05,41.176674965759645,41.70549752948587,41.055190076437896,41.49110794067383,144406400,0.00034477543396893573,0
2019-02-06,41.60307569024123,41.82223051192853,41.17430368331649,41.50541305541992,112958400,-0.01893938593222033,-1
2019-02-07,41.06710809016357,41.43395089534404,40.57639959016769,40.71932601928711,126966800,0.001175156054334936,0
2019-02-08,40.42747148311235,40.82698507064589,40.2911086563418,40.76717758178711,95280000,-0.005750981741989736,-1
2019-02-11,40.920281266248566,40.95855893207921,40.48966665155167,40.5327262878418,83973600,0.00861745489186272,1
2019-02-12,40.69302513131283,40.90833067471992,40.59733093951844,40.88201522827149,89134000,-0.004154997095729196,0
2019-02-13,41.00162041537065,41.262380181164986,40.649952101723166,40.71215057373047,89960800,0.003643119862119626,0
2019-02-14,40.599710089365466,40.97051353375331,40.52076378013357,40.860469818115234,87342800,-0.0022250277673345753,0
2019-02-15,40.96811536896374,41.07576808073756,40.609270562812235,40.769554138183594,98507200,0.002992469516240215,0
2019-02-19,40.59969873261656,41.01356534370698,40.54706787451747,40.89155578613281,75891200,0.0064356690569573605,1
2019-02-20,40.953768062081025,41.463328928356844,40.90592281110477,41.15472030639648,104457600,-0.005638615991916396,-1
2019-02-21,41.0996960761142,41.23605521603749,40.740851238983446,40.922664642333984,68998800,0.011165745727085508,1
2019-02-22,41.04706729027582,41.38677331528308,40.99922203963624,41.37959671020508,75652800,0.007284594031775171,1
2019-02-25,41.66428607628652,42.07336721819213,41.61404618411542,41.6810302734375,87493600,0.0005737463062049919,0
2019-02-26,41.55662325598342,41.93699788172937,41.42743707908519,41.7049446105957,68280800,0.0030976791554071514,0
2019-02-27,41.437014272296885,41.865234204574406,41.3221812873632,41.83413314819336,111341600,-0.009835803674933086,-1
2019-02-28,41.702563057432904,41.84370783973421,41.36763896595908,41.42266082763672,112861600,0.010511108970482796,1
2019-03-01,41.69298970241963,41.90111856239276,41.36046026332793,41.85805892944336,103544800,0.0050294185488368726,1
2019-03-04,42.0303029662159,42.523115990828586,41.6188272339384,42.068580627441406,109744800,-0.0018199086581769386,0
2019-03-05,42.090104778124974,42.10445798656309,41.755180763016945,41.99201965332031,78949600,-0.0057538384056039504,-1
2019-03-06,41.7862873837876,41.98245765954082,41.61165057391955,41.75040435791016,83241600,-0.011574456047712345,-1
2019-03-07,41.59490999919565,41.73127282208399,41.152336784456246,41.26716613769531,99185600,0.0023767926241040627,0
2019-03-08,40.745644967787186,41.40352730012009,40.549474665610056,41.36524963378906,95997600,0.034642111347726656,1
2019-03-11,41.98245800292062,42.85086008948582,41.94896596170817,42.7982292175293,128044000,0.011235193927891629,1
2019-03-12,43.06137556997999,43.700118869558395,42.91065958737049,43.279075622558594,129870400,0.0044220760047066765,0
2019-03-13,43.59964150118398,43.85083358146815,43.28146535287176,43.470458984375,124130000,0.011116737103703977,1
2019-03-14,43.99437729377165,44.04222619421503,43.673810102809064,43.95370864868164,94318000,0.013008278539837992,1
2019-03-15,44.221651369018744,44.814940537743325,43.956106016627054,44.52547073364258,156171600,0.010208373225520484,1
2019-03-18,44.448912727795424,45.06851724500386,44.4465180927503,44.980003356933594,104879200,-0.007924528365893413,-1
2019-03-19,45.058958264264525,45.21206527171253,44.47762764277541,44.623558044433594,126585600,0.008738738692530168,1
2019-03-20,44.551795921259654,45.331687953217426,44.19295096923774,45.01351165771485,124140800,0.03683001607963088,1
2019-03-21,45.45846632882717,46.96800640409748,45.4082264439913,46.67136001586914,204136800,-0.020708371990721064,-1
2019-03-22,46.731166773875984,47.29335848679614,45.640279037651645,45.704872131347656,169630800,-0.012091134336644771,-1
2019-03-25,45.8149125148253,45.92735084925179,44.640296590856394,45.15224838256836,175381200,-0.010331781030214371,-1
2019-03-26,45.850797173491095,46.142657903184535,44.15704927752457,44.68574523925781,199202000,0.008994288933849015,1
2019-03-27,45.154645826401016,45.396266723051546,44.628340750814054,45.08766174316406,119393600,0.0013263719323894918,0
2019-03-28,45.202486604333025,45.34841698201704,44.86278060144004,45.147464752197266,83121600,0.006517541791024373,1
2019-03-29,45.41300882282604,45.472816293174226,45.104400231628766,45.44171524047851,94256000,0.006791399088990291,1
2019-04-01,45.84601856523079,45.855586155213935,45.066130393873266,45.75032806396485,111448000,0.014536852379528398,1
2019-04-02,45.71444820924764,46.52065558665947,45.70488061783693,46.4153938293457,91062800,0.006855055143954125,1
2019-04-03,46.23118953993053,47.00868690606132,46.20726508390579,46.73357391357422,93087200,0.0017402766125598212,0
2019-04-04,46.599594142761774,46.97757785142085,46.2048662380215,46.814903259277344,76457200,0.006694047691025773,1
2019-04-05,46.99670729559443,47.15220890152162,46.87230674092431,47.1282844543457,74106400,0.015736016901512828,1
2019-04-08,46.989528161471725,47.90099333428316,46.97038933483311,47.869895935058594,103526800,-0.0029984526017853286,0
2019-04-09,47.922530571779554,48.52778186677969,47.66176723234471,47.72636032104492,143072800,0.0056140192702862635,1
2019-04-10,47.53019047952069,48.02300709523418,47.41057554034288,47.99429702758789,86781200,-0.008324022643872109,-1
2019-04-11,48.04933044635173,48.08521347387526,47.47278546841466,47.59479141235352,83603200,-0.0004020297372164805,0
2019-04-12,47.654603208931675,47.87947993607481,46.939308026197594,47.57565689086914,111042800,0.0018100217990000278,0
2019-04-15,47.50627189889882,47.810094880689405,47.36990910970045,47.66176986694336,70146400,0.00010044622937255276,0
2019-04-16,47.71679719689231,48.17372352909881,47.50148809786507,47.66655731201172,102785600,0.019473087195696515,1
2019-04-17,47.73593419560427,48.654579815816376,47.51345213352547,48.59477233886719,115627200,0.003593972695133285,0
2019-04-18,48.592389136229144,48.83879570720488,48.44885334799565,48.7694206237793,96783200,0.003286372968250628,0
2019-04-22,48.523004996431936,49.02778027244778,48.405781021781074,48.92969512939453,77758000,0.014423200614097631,1
2019-04-23,48.90576602332837,49.70001103243273,48.77897447012389,49.63541793823242,93292000,-0.0015420823237555226,0
2019-04-24,49.60672129628957,49.87465766525172,49.53256059776321,49.558876037597656,70162400,-0.009075044247951136,-1
2019-04-25,49.4799342214171,49.702416337244976,49.07084937409673,49.109127044677734,74172800,-0.004774165674524933,0
2019-04-26,49.01820769356134,49.042132144995094,48.35314882772133,48.87467193603515,74596400,0.0015173816335398715,0
2019-04-29,48.89859357684603,49.27418629872509,48.76941102781814,48.94883346557617,88818800,-0.0192560687668758,-1
2019-04-30,48.57803076980022,48.65936807287442,47.633073241979126,48.00627136230469,186139600,0.04908548223711673,1
2019-05-01,50.209575344115216,51.508592020453015,50.054073710339814,50.3626823425293,259309200,-0.0065078935259264,-1
2019-05-02,50.19999656752873,50.87223193856366,49.79091552161982,50.03492736816406,127985200,0.012431349072867581,1
2019-05-03,50.451191165476246,50.67845883004592,50.29329856258675,50.65692901611328,83569600,-0.015442553547183158,-1
2019-05-06,48.87228264844447,49.96077960132917,48.6832926027295,49.874656677246094,129772400,-0.026957073633227635,-1
2019-05-07,49.25265726776047,49.62106973967451,48.04454543751767,48.530181884765625,155054800,0.00019729763550957458,0
2019-05-08,48.300526818100735,49.12347845355578,48.26464378472427,48.539756774902344,105358000,-0.010744312936886824,-1
2019-05-09,47.94167511069751,48.247889120119275,47.04695753487661,48.01823043823242,139634400,-0.013853454140239085,-1
2019-05-10,47.41064969242825,47.7540678155775,46.29394807282086,47.35301208496094,164834800,-0.058119398954734725,-1
2019-05-13,45.07878571600781,45.503850723802664,43.91165067654419,44.60088348388672,229722400,0.0158302524133469,1
2019-05-14,44.766586521858535,45.55668236546446,44.52643531944236,45.30692672729492,146118800,0.01197926502779878,1
2019-05-15,44.7329687046891,46.048996362171025,44.672930899784056,45.84967041015625,106178800,-0.004399871006561473,0
2019-05-16,45.60711251285755,46.22189896136479,45.35014898548038,45.6479377746582,132125600,-0.005681774023838404,-1
2019-05-17,44.89146176785127,45.84486231886198,44.85063650384428,45.38857650756836,131516400,-0.03126973226440022,-1
2019-05-20,44.07255480683123,44.2718807676928,43.294463501537294,43.96928787231445,154449200,0.019170704177451814,1
2019-05-21,44.48080029361121,45.148420257456486,44.35592065835196,44.81221008300781,113459200,-0.020471596250765667,-1
2019-05-22,44.34631800439947,44.59847747756857,43.83959886543886,43.894832611083984,118994400,-0.017069607822944532,-1
2019-05-23,43.17918605404062,43.35689559500795,42.70128385170774,43.145565032958984,146118800,-0.003840641196723227,0
2019-05-24,43.27524333356481,43.741137224471366,42.89580401689263,42.9798583984375,94858800,-0.004134850791414735,0
2019-05-28,42.96784799476519,43.36890001918463,42.72529662605627,42.80214309692383,111792800,-0.004768934946180248,0
2019-05-29,42.36747568884229,43.07112063399836,42.266612621180826,42.5980224609375,113924800,0.005186348552711939,1
2019-05-30,42.73489628505487,43.04228946300564,42.42750310710411,42.81895065307617,84873600,-0.01811553434999913,-1
2019-05-31,42.32183502339383,42.744503381483696,42.02404995046576,42.04326248168945,108174400,-0.010110340901677617,-1
2019-06-03,42.170539086692926,42.72768779213401,40.89053314856024,41.61819076538086,161584400,0.03658400549442953,1
2019-06-04,42.13211682423522,43.1863801881722,41.911178213925794,43.140750885009766,123872000,0.016143563818447282,1
2019-06-05,44.25506073740765,44.425569693638934,43.50098615185949,43.837196350097656,119093600,0.014681693451023436,1
2019-06-06,43.96687726418169,44.5408384220099,43.743534767431555,44.48080062866211,90105200,0.026617240011577614,1
2019-06-07,44.79060640874679,46.08982549531718,44.61289683655015,45.664756774902344,122737600,0.01277932479039312,1
2019-06-10,46.06340407118152,46.9183418122856,46.01777475391753,46.248321533203125,104883600,0.011579614177826603,1
2019-06-11,46.79586754698529,47.06963979513542,46.493278324635206,46.78385925292969,107731600,-0.0031825388360898765,0
2019-06-12,46.577330189733125,47.062436698954635,46.44284608763218,46.63496780395508,73012800,-0.00020637906820542007,0
2019-06-13,46.75742718534955,47.259342198797384,46.493263124573915,46.625343322753906,86698400,-0.007262148320228312,-1
2019-06-14,46.000962652491786,46.49086948345839,45.70077365536565,46.2867431640625,75046000,0.005966560165198143,1
2019-06-17,46.32516479593238,46.81987934371097,46.14985544679512,46.56291580200195,58676400,0.023518315176014326,1
2019-06-18,47.08163581115205,48.09987438779202,46.87990971552517,47.657997131347656,106204000,-0.002922536299178491,0
2019-06-19,47.95338797340395,48.001421143050344,47.38423082437452,47.51871490478515,84496800,0.008035565628455643,1
2019-06-20,48.11908943981231,48.17672704061603,47.55713657353641,47.90055465698242,86056000,-0.0034091371533434556,0
2019-06-21,47.74205914645744,48.234369837830805,47.585958668286295,47.73725509643555,191202400,-0.0010062302047261218,0
2019-06-24,47.67961232946283,48.06865972196954,47.59075756796462,47.6892204284668,72881600,-0.0151576901962438,-1
2019-06-25,47.65319076826102,47.85251666179104,46.89911630648535,46.96636199951172,84281200,0.021629311360101378,1
2019-06-26,47.494705407814,48.26799259033034,47.39384234023577,47.98221206665039,104270000,-0.0003003597718569395,0
2019-06-27,48.09988036370736,48.40727725900729,47.92697487769968,47.96780014038086,83598800,-0.00911203342072997,-1
2019-06-28,47.71322950016567,47.91015520529247,47.32178561109309,47.53071594238281,124442400,0.018340929439837783,1
2019-07-01,48.79151720788642,49.10851854004472,48.18633517839463,48.40247344970703,109012000,0.005854630577271314,1
2019-07-02,48.368854370319184,48.7819147300247,48.35684607736168,48.68585205078125,67740800,0.00828688027239366,1
2019-07-03,48.81793385898848,49.096510120268974,48.67624553562588,49.08930587768555,45448000,-0.0008806798820714112,0
2019-07-05,48.83474336935479,49.25020388004415,48.72667240803768,49.04607391357422,69062000,-0.020613769756152478,-1
2019-07-08,48.22476729541533,48.366455639849576,47.64840581652729,48.03504943847656,101354400,0.006099459184726985,1
2019-07-09,47.83812667618199,48.39287545892616,47.74446783837346,48.32803726196289,82312000,0.00988838419737137,1
2019-07-10,48.47451732411825,48.92599905234842,48.40487142959324,48.80592346191406,71588400,-0.007282217383216438,-1
2019-07-11,48.82514343056897,49.08450718512967,48.44090368132173,48.45050811767578,80767200,0.0076825386327543654,1
2019-07-12,48.61860106856959,48.990836095314215,48.55856327923709,48.822731018066406,70380800,0.009395178498624812,1
2019-07-15,49.012457455369805,49.43992629757832,48.99084472686203,49.28142929077149,67789600,-0.0034600653882693733,0
2019-07-16,49.13252504798355,49.49755583798557,48.87076116249439,49.11091232299805,67467200,-0.0056232144911373405,-1
2019-07-17,49.00285624708764,49.2526118988206,48.81553859218374,48.83475112915039,56430000,0.011359708452064021,1
2019-07-18,48.99084776868964,49.44233322466151,48.918801671440576,49.38949966430664,74162400,-0.014927674105543298,-1
2019-07-19,49.42071239377778,49.59122135314634,48.59699556073013,48.65222930908203,83717200,0.022853733253148656,1
2019-07-22,48.9067731397859,49.76651457184509,48.89716870752156,49.76411437988281,89111600,0.007817796421778711,1
2019-07-23,50.0619051594633,50.16997243289417,49.78092511836153,50.15316009521485,73420800,-0.0008137000992597399,0
2019-07-24,49.87219926386912,50.22762201382964,49.75212366387008,50.11235046386719,59966400,-0.007907418115361553,-1
2019-07-25,50.1651726253745,50.24922699204643,49.64644527175411,49.71609115600586,55638400,0.003478154115297727,0
2019-07-26,49.826569726110606,50.36690992368305,49.74491919793739,49.88901138305664,70475600,0.009338508904768617,1
2019-07-29,50.061919276080474,50.585447117596885,50.057115226186674,50.35490036010742,86693600,-0.00429234782562582,0
2019-07-30,50.13395556373154,50.47016939121848,49.7857371096046,50.13875961303711,135742800,0.02040449421104995,1
2019-07-31,51.973527960892554,53.162275798303426,50.74395485473696,51.16181564331055,277125600,-0.02163921327867191,-1
2019-08-01,51.36834159535315,52.360167250633246,49.648861742078736,50.05471420288086,216071600,-0.021158029966445224,-1
2019-08-02,49.35828209858437,49.57441674021097,48.42169376564645,48.99565505981445,163448400,-0.05234789355926228,-1
2019-08-05,47.547541088998095,47.70603810831465,46.24832211693409,46.43083572387695,209572000,0.018930433350189624,1
2019-08-06,47.1440866325443,47.566755135914754,46.598942322992755,47.309791564941406,143299200,0.010355122384509974,1
2019-08-07,46.92794393689847,47.924569888809515,46.546104432236135,47.79969024658203,133457600,0.022055796773319702,1
2019-08-08,48.07826325145281,48.87796708312998,47.883741391069506,48.85395050048828,108038000,-0.008240407222117718,-1
2019-08-09,48.52610318105961,48.87805397548841,48.04156299326549,48.45137405395508,98478800,-0.002537390649430593,0
2019-08-12,48.12111912807383,48.70690564326223,48.00781893127482,48.32843399047851,89927600,0.042348379419416604,1
2019-08-13,48.458609810927285,51.139236082096,48.32843339655676,50.37506484985352,188874000,-0.029764974816215317,-1
2019-08-14,48.974489287024824,49.76517772068569,48.83708124858087,48.87565231323242,146189600,-0.004981479355368079,0
2019-08-15,49.04680900852128,49.451794151476854,48.133175768034526,48.632179260253906,108909600,0.023594606292721254,1
2019-08-16,49.24447486471987,49.93873925139219,49.138406285829504,49.77963638305664,110481600,0.018644258336741437,1
2019-08-19,50.77282532147355,51.2814697754722,50.630598649274816,50.707740783691406,97654400,4.739432757605577e-05,0
2019-08-20,50.835498157263025,51.43092560223709,50.700503116487184,50.71014404296875,107537200,0.010838569029951728,1
2019-08-21,51.34414318038667,51.50324237848759,51.00906488637231,51.259769439697266,86141600,-0.0008464409257685768,0
2019-08-22,51.392356495109624,51.69368603628519,50.80416064220066,51.21638107299805,89014800,-0.046220386059446894,-1
2019-08-23,50.48596080860985,51.117550102338555,48.45379590993067,48.84914016723633,187272000,0.01899916668677526,1
2019-08-26,49.625361851143225,49.945976938742,49.43251020046901,49.7772331237793,104174400,-0.011283870252313588,-1
2019-08-27,50.10748800983436,50.27382250881443,49.0636820144767,49.215553283691406,103493200,0.006710272756120572,1
2019-08-28,49.2010838761468,49.591605744133744,49.013054556128,49.54580307006836,63755200,0.016931992160537312,1
2019-08-29,50.26177108180153,50.45944504062783,49.81821484810171,50.38471221923828,83962000,-0.0012918636740472111,0
2019-08-30,50.66193194339828,50.73183877566939,49.94838200013199,50.31962203979492,84573600,-0.01456342880180228,-1
2019-09-03,49.762771254713705,49.89535700787509,49.23002260792839,49.586795806884766,80092000,0.01696638349100965,1
2019-09-04,50.23525274929369,50.49801123909702,49.9773165623172,50.428104400634766,76752400,0.019551531174767378,1
2019-09-05,51.10548990171216,51.58038555025463,50.987367398020275,51.4140510559082,95654800,-9.385745612167096e-05,0
2019-09-06,51.5996677805248,51.688860141445595,51.228427751726834,51.40922546386719,77449200,0.0042671678803736235,0
2019-09-09,51.79010945042045,52.17581273023288,50.88130221260114,51.62859725952149,109237600,0.011813174207689903,1
2019-09-10,51.553874955069645,52.257780407427305,51.03558955257651,52.238494873046875,127111600,0.031795147191384654,1
2019-09-11,52.56875668637324,53.928355648485045,52.486792242405365,53.8994255065918,177158400,-0.0022363281809836266,0
2019-09-12,54.19110916164671,54.58163109690055,53.72344509292381,53.77888870239258,128906800,-0.019454152214957054,-1
2019-09-13,53.03399553571428,53.22443417394161,52.31562698975631,52.732666015625,159053200,0.005257042473598705,1
2019-09-16,52.486776312858375,53.06533115671775,52.44579594248169,53.009883880615234,84632400,0.003638110873724454,0
2019-09-17,53.02435499253173,53.23166985098413,52.821858758031574,53.20273971557617,73274800,0.009379298259476032,1
2019-09-18,53.28952366767944,53.72102961074216,52.899001777277235,53.70174407958984,101360000,-0.008125041289027357,-1
2019-09-19,53.518529031437104,53.94039033553317,53.123184870732054,53.26541519165039,88242400,-0.014618058069602813,-1
2019-09-20,53.36666263412895,53.65111592552939,52.42410304549557,52.486778259277344,221652400,0.004546883682893688,0
2019-09-23,52.78087313155627,52.995419582923894,52.46748972392058,52.72542953491211,76662000,-0.004754929854637546,0
2019-09-24,53.282288364697834,53.63424284676949,52.35660500350317,52.47472381591797,124763200,0.015389649296078556,1
2019-09-25,52.68445466717906,53.39559160754861,52.34455408159378,53.28229141235352,87613600,-0.005157638377239815,-1
2019-09-26,53.03399776735513,53.260598164531714,52.75195376608397,53.00748062133789,75334000,-0.004866075164982164,0
2019-09-27,53.164168271914754,53.26541822760675,52.37830220769446,52.749542236328125,101408000,0.02353533156262344,1
2019-09-30,53.25095311079078,54.138069160522186,53.22443596499704,53.99102020263672,103909600,0.0027683764392809618,0
2019-10-01,54.25620087856996,55.01554995242382,54.046472988627585,54.14048767089844,139223200,-0.025067845195990812,-1
2019-10-02,53.771661137864896,53.89701527502554,52.53500334528277,52.783302307128906,138449200,0.008494650435005857,1
2019-10-03,52.6555323429582,53.26542677356559,51.860025224931825,53.2316780090332,114426000,0.02803165891102899,1
2019-10-04,54.393594272751145,54.839563434552865,53.9717329439318,54.72385025024414,138478800,0.00022041710696063532,0
2019-10-07,54.545473656079785,55.42776382828695,54.441814372815855,54.73591232299805,122306000,-0.01171500591935526,-1
2019-10-08,54.43699440099302,54.976974614844835,54.077808243619614,54.09468078613281,111820000,0.011720029256880427,1
2019-10-09,54.72867202758789,54.91187905014453,54.39359375104449,54.72867202758789,74770400,0.013478482612804044,1
2019-10-10,54.94563314201616,55.55070522641308,54.79376555162797,55.466331481933594,113013600,0.02659825204196431,1
2019-10-11,56.15576919605623,57.28635815539872,56.00148862734388,56.9416389465332,166795600,-0.0014393468868872938,0
2019-10-14,56.625848148304016,57.40448636193365,56.57040454046754,56.85968017578125,96427600,-0.0023318357129592515,0
2019-10-15,56.98502890321499,57.288767739778834,56.6210241617373,56.72709274291992,87360000,-0.004037075135903456,0
2019-10-16,56.2570175797448,56.707809064497546,56.21603720446529,56.49808120727539,73903200,0.0038826834747709427,0
2019-10-17,56.671642699499074,56.927169535343786,56.29317474782495,56.71744537353515,67585200,0.004802955151478994,0
2019-10-18,56.55111912414219,57.27190074085792,56.47879929558,56.9898567199707,97433600,0.017342692205768673,1
2019-10-21,57.257436340274744,58.09392745858567,57.20922434833199,57.978214263916016,87247200,-0.0022868491992146245,0
2019-10-22,58.13490243417298,58.38560697598513,57.763662406194435,57.84562683105469,82293600,0.013418791649949302,1
2019-10-23,58.36149979091092,58.63631215135406,58.149362643081595,58.62184524536133,75828800,0.0016449144013954697,0
2019-10-24,58.94246054918496,59.01237105428501,58.29158955339736,58.7182731628418,69275200,0.01231640336230777,1
2019-10-25,58.61703391593217,59.477629173488126,58.54953639292147,59.44147109985352,73477200,0.010016990513228796,1
2019-10-28,59.64396087130488,60.085107740650955,59.47521707169301,60.036895751953125,96572800,-0.023127766179752984,-1
2019-10-29,60.01761997202817,60.20564933333659,58.47481401300021,58.64837646484375,142839600,-0.00012332252743540995,0
2019-10-30,59.00273928384229,59.1329157183175,58.14696624531369,58.641143798828125,124522000,0.02260957673298636,1
2019-10-31,59.600581121395784,60.06583222348647,57.194763126057175,59.96699523925781,139162000,0.028380746855531935,1
2019-11-01,60.15502027808922,61.695416820540515,60.063418594376806,61.66890335083008,151125200,0.0065671239992890484,1
2019-11-04,62.03290662806101,62.15826443597331,61.56283691842651,62.07389068603515,103272000,-0.001436920587368662,0
2019-11-05,61.96540622347344,62.24022230651498,61.78943447311597,61.98469543457031,79897600,0.0004277823825293847,0
2019-11-06,61.89791118472293,62.071477308175155,61.56042354375438,62.01121139526367,75864400,0.011541248461247822,1
2019-11-07,62.56006431093565,62.94934582951276,62.407737081003965,62.726898193359375,94940400,0.002736768615889007,0
2019-11-08,62.54797257716268,62.97110045600225,62.10308472143455,62.89856719970703,69986400,0.00791867923317624,1
2019-11-11,62.4536642890631,63.46192070023006,62.448831198825665,63.39664077758789,81821200,-0.000915274995578863,0
2019-11-12,63.23948171339895,63.53930306047333,63.08716187317902,63.33861541748047,87388800,0.009581820781436212,1
2019-11-13,63.13794563949337,64.02046818348111,63.123438985634515,63.94551467895508,102734400,-0.006919493145978728,-1
2019-11-14,63.771424591526475,64.04464552488129,63.37247687078284,63.50304412841797,89182800,0.011879058628305517,1
2019-11-15,63.75447875507944,64.2622336027396,63.59248538281648,64.25740051269531,100206400,0.0050421818338974855,1
2019-11-18,64.26707005063002,64.66118458335217,63.88746954632591,64.5813980102539,86703200,-0.0030325537020132742,0
2019-11-19,64.77482551987433,64.79900572910812,64.1679443270604,64.38555145263672,76167200,-0.011641229447113322,-1
2019-11-20,64.20422632369653,64.33478620304344,62.96143558340939,63.636024475097656,106234400,-0.0044834484907565475,0
2019-11-21,63.75691667651546,63.8342904112691,63.1500279738626,63.35071563720703,121395200,-0.0008778822918754647,0
2019-11-22,63.490948356749755,63.63360202803236,63.06782043423232,63.29510116577149,65325200,0.017533717633057888,1
2019-11-25,63.5199569508323,64.42182648371684,63.47401676092239,64.40489959716797,84020400,-0.007808813862739905,-1
2019-11-26,64.54270865519062,64.59590216145331,63.469172349717184,63.901973724365234,105207600,0.013432274410458023,1
2019-11-27,64.2138808016992,64.79417634141542,64.14860087392508,64.76032257080078,65235600,-0.0022028058737563194,0
2019-11-29,64.4605078528704,64.79900866116844,64.29125375933928,64.61766815185547,46617600,-0.011562220359080944,-1
2019-12-02,64.62249951699418,64.85945376585823,63.698877488748295,63.87054443359375,94487200,-0.017829899517896153,-1
2019-12-03,62.45609788763685,62.75107878804116,61.96769003365425,62.73173904418945,114430400,0.008826100051755104,1
2019-12-04,63.12342226464594,63.66502354195214,63.02912166077709,63.28541564941406,67181600,0.014671222693914965,1
2019-12-05,63.781095971846014,64.28885095304722,63.52480193558771,64.2138900756836,74424400,0.019316133522593315,1
2019-12-06,64.67328570010923,65.52437455083492,64.62975836745419,65.45425415039062,106075600,-0.014000107235855985,-1
2019-12-09,65.28258942071827,65.47601636379221,64.05189260190541,64.53788757324219,128042400,0.005844704702977044,1
2019-12-10,64.94410577952965,65.29953360009564,64.28160319758865,64.91509246826172,90420400,0.008529184346429908,1
2019-12-11,64.99486406704634,65.54855922511847,64.91991057065518,65.46876525878906,78756800,0.0025483846984113434,0
2019-12-12,64.74582900651438,65.90157247139796,64.63460886972032,65.63560485839844,137310400,0.01359318097545148,1
2019-12-13,65.63560541898762,66.56406814785298,65.50745839237051,66.52780151367188,133587600,0.017117794037843304,1
2019-12-16,66.9751023722713,67.89147858269702,66.97026928116301,67.66661071777344,128186000,0.001965341172899704,0
2019-12-17,67.59649818434546,68.12842598196593,67.41031718322796,67.79959869384766,114158400,-0.002389432483341003,0
2019-12-18,67.65210278218578,68.15985773199434,67.48768914244279,67.6375961303711,116028400,0.0010008578297977522,0
2019-12-19,67.57956498118126,67.98576596222193,67.4465848888958,67.70529174804688,98369200,-0.0020711567421674015,0
2019-12-20,68.23965230704795,68.34119887066039,67.35228940968788,67.5650634765625,275978000,0.016318295805005656,1
2019-12-23,67.82860773498058,68.72805700839405,67.78992087196913,68.66761016845703,98572000,0.0009508465233938335,0
2019-12-24,68.83445648296811,68.88281691516765,68.40649543518947,68.73290252685547,48478800,0.019840361133844686,1
2019-12-26,68.86589111707863,70.11351502418024,68.83687780880562,70.09658813476562,93121200,-0.0003795291531069056,0
2019-12-27,70.38914556978074,71.07824112439688,69.66378338150392,70.06998443603516,146266000,0.005934531352876915,1
2019-12-30,69.9877358073912,70.76871128669569,68.96256022144011,70.4858169555664,144114400,0.007307291694290452,1
2019-12-31,70.10142784515646,71.00813070812417,70.00229411335332,71.0008773803711,100805600,0.022816013406937063,1
2020-01-02,71.62708447362316,72.68128119000231,71.37321069958021,72.62083435058594,135480400,-0.009721745667778725,-1
2020-01-03,71.84713288403621,72.67646199266805,71.6899725313061,71.91483306884766,146322800,0.007967943207425554,1
2020-01-06,71.03470938256737,72.52653323692198,70.78324846628296,72.48784637451172,118387200,-0.004702915769887128,0
2020-01-07,72.49752942348555,72.75382346407903,71.92691473047077,72.14694213867188,108872000,0.016086279366747114,1
2020-01-08,71.84954036585081,73.60975223726805,71.84954036585081,73.3075180053711,132079200,0.021240637127528883,1
2020-01-09,74.28674110091968,75.05804331745496,74.03528757623693,74.86461639404297,170108400,0.0022608560068604344,0
2020-01-10,75.09916182683553,75.59966347515947,74.53096000715122,75.03387451171875,140644800,0.02136435366513334,1
2020-01-13,75.35062150930146,76.66352519200935,75.23214067732687,76.63692474365234,121532000,-0.013503196380670657,-1
2020-01-14,76.5740713542954,76.78442520845898,75.47877474428456,75.60208129882812,161954400,-0.0042855632013349965,0
2020-01-15,75.40139772921896,76.28392021153914,74.84528231468065,75.27808380126953,121923600,0.012526187438360425,1
2020-01-16,75.82208359303314,76.3322586671137,75.45940261877463,76.22103118896484,108829200,0.011070980536098451,1
2020-01-17,76.47007064045414,77.06728559726437,76.16300341004458,77.06487274169922,137816400,-0.0067767232446299674,-1
2020-01-21,76.69253240808335,77.1350000250309,76.40480486276103,76.5426254272461,110843200,0.0035693656526551987,0
2020-01-22,77.0286006875468,77.36952169211204,76.72153344938081,76.81583404541016,101832400,0.004816254411696752,0
2020-01-23,76.86905772372998,77.26558524479366,76.32019557283769,77.18579864501953,104472000,-0.0028823066993762803,0
2020-01-24,77.43239351756245,78.17709525774193,76.77231144105775,76.96332550048828,146537600,-0.029404910139905538,-1
2020-01-27,74.96860632256451,75.38206074177405,73.71614926676186,74.70022583007812,161940000,0.028289239583507708,1
2020-01-28,75.58274145549967,76.98510540061056,75.48360773770071,76.81343841552734,162234000,0.02093217075610454,1
2020-01-29,78.44791087101221,79.26998640843951,77.70562191467835,78.42131042480469,216229200,-0.0014491910466922775,0
2020-01-30,77.50251438540494,78.36085647268922,77.06971298993307,78.30766296386719,126743200,-0.044338715086269964,-1
2020-01-31,77.59680909150437,78.01993693561123,74.54062095731271,74.83560180664062,199588400,-0.002746192928591462,0
2020-02-03,73.57589206005755,75.79791852993898,73.07297758859362,74.63008880615234,173788400,0.03301398550283863,1
2020-02-04,76.2379958862273,77.28493961664756,75.83179476448423,77.09392547607422,136616400,0.008153902257875156,1
2020-02-05,78.22303598481203,78.52285729785567,77.11807347141229,77.72254180908203,118826800,0.01169726979285568,1
2020-02-06,77.99336840947814,78.63410358497025,77.43484006982592,78.63168334960938,105425600,-0.013592800287820839,-1
2020-02-07,78.12998293153962,78.37961468469555,77.07086561575886,77.56285858154297,117684000,0.004749506679851301,0
2020-02-10,76.14504296724274,77.93124389648438,76.06506702253098,77.93124389648438,109348800,-0.0060331266880243595,-1
2020-02-11,78.42810123691775,78.50080665271824,77.24295118542182,77.46107482910156,94323200,0.023747613754309338,1
2020-02-12,77.91185812540034,79.30543507665523,77.91185812540034,79.30059051513672,113730400,-0.007121067968740347,-1
2020-02-13,78.5710817713545,79.06307473499535,78.36749924118695,78.73588562011719,94747600,0.00024612236157306455,0
2020-02-14,78.70436311176876,79.0048959887249,78.24630435157947,78.75526428222656,80113600,-0.018310291680108004,-1
2020-02-18,76.43103399386973,77.49500334449696,76.24926307124777,77.313232421875,152531200,0.014482710981289948,1
2020-02-19,77.55559118024817,78.6631837418977,77.55559118024817,78.43293762207031,93984000,-0.010259074534534895,-1
2020-02-20,78.19299399872004,78.68256095291854,77.12175425598554,77.62828826904297,100566000,-0.022634926453786508,-1
2020-02-21,77.22113145649439,77.66465663516524,75.2531595150605,75.87117767333984,129554000,-0.04750041404434391,-1
2020-02-24,72.04429714392029,73.7214326099496,70.09813688315359,72.26726531982422,222195200,-0.033872330811747786,-1
2020-02-25,72.93859916229857,73.32152656752166,69.34680474475954,69.81940460205078,230673600,0.015863965271206926,1
2020-02-26,69.44376756876824,72.19456919203475,69.43649702723432,70.92701721191406,198054800,-0.06536825612437136,-1
2020-02-27,68.12774407264509,69.31531263503878,66.154920085896,66.29064178466797,320605600,-0.0005850028202821766,0
2020-02-28,62.34985172812334,67.4757902084099,62.134146685522694,66.25186157226562,426510000,0.0931005264537359,1
2020-03-02,68.41371468951469,73.0573558601896,67.30854828272852,72.4199447631836,341397200,-0.031759354259016326,-1
2020-03-03,73.59781828147297,73.67779421161765,69.26681804701707,70.11993408203125,319475600,0.0463847385852747,1
2020-03-04,71.84555625982283,73.53238817702517,71.04334126232827,73.37242889404297,219178400,-0.032436903086189184,-1
2020-03-05,71.6225878078589,72.5993032659202,70.62648670581913,70.9924545288086,187572800,-0.013280426277008872,-1
2020-03-06,68.34584584309786,70.48347300946683,68.15923041604361,70.04964447021484,226176800,-0.079092009222411,-1
2020-03-09,63.922760044618926,67.39821841408887,63.74098916297546,64.50927734375,286744800,0.07202129773303567,1
2020-03-10,67.16796252164067,69.42191791787693,65.28481193680196,69.15531921386719,285290000,-0.034730326336453454,-1
2020-03-11,67.228565607775,68.15680559462812,65.88830129483978,66.75353240966797,255598800,-0.09875451439101968,-1
2020-03-12,62.02992621470894,65.43752410022596,60.1055776920594,60.161319732666016,418474000,0.11980809754453903,1
2020-03-13,64.19905222754427,67.84174022351363,61.30525564200672,67.36913299560547,370732000,-0.12864692752955853,-1
2020-03-16,58.6392847539395,62.79092911047991,58.166681208746034,58.702301025390625,322423600,0.04397016828718869,1
2020-03-17,59.98681722549025,62.434663042742706,57.77890662120889,61.283451080322266,324056000,-0.02447997642590094,-1
2020-03-18,58.110942929042054,60.59029684026707,57.46868356365228,59.783233642578125,300233600,-0.007662098636175951,-1
2020-03-19,59.95773142950838,61.278599104517625,58.79924529931094,59.32516860961914,271857200,-0.0634854486029438,-1
2020-03-20,59.906840554892725,61.03382237097015,55.258354443077174,55.55888366699219,401693200,-0.021244226000499467,-1
2020-03-23,55.27773981437753,55.37953106884565,51.52841196651316,54.37857818603515,336752800,0.10032537314228596,1
2020-03-24,57.28448868306697,60.030441297697976,56.78522524370463,59.834129333496094,287531200,-0.00550864709172838,-1
2020-03-25,60.772072300693104,62.58978134258821,59.20884326429101,59.50452423095703,303602000,0.0526229851435569,1
2020-03-26,59.74688482814629,62.69399424747682,59.70810614809417,62.63582992553711,252087200,-0.04140220895664559,-1
2020-03-27,61.25679655191656,62.012962352654554,59.875338378207296,60.04256820678711,204216800,0.02853778501237536,1
2020-03-30,60.76964205543981,61.92812817045758,60.444875271933526,61.75605010986328,167976400,-0.0020407094258821923,0
2020-03-31,61.94752021431129,63.6173849288287,61.075018471181984,61.63002395629883,197002000,-0.05261686707075741,-1
2020-04-01,59.742043574986454,60.28008580485976,57.95584248192985,58.387245178222656,176218400,0.016686608911903544,1
2020-04-02,58.24909322048442,59.41485006682693,57.41537005354861,59.36153030395508,165934000,-0.014371514302593202,-1
2020-04-03,58.845297125214294,59.548143090432646,57.91705333235699,58.50841522216797,129880000,0.08723753278700808,1
2020-04-06,60.80842412991893,63.76765233671357,60.440037765372786,63.612545013427734,201820400,-0.011582219268613692,-1
2020-04-07,65.63141650239487,65.84954752102261,62.77155701763157,62.875770568847656,202887200,0.025594651687067538,1
2020-04-08,63.677986981114906,64.8001206555024,63.31202655456122,64.48505401611328,168895200,0.007216240534252405,1
2020-04-09,65.1224755019142,65.454509254812,64.15303043241806,64.95039367675781,161834800,0.019627100478810666,1
2020-04-13,65.02791695493936,66.33424705122269,64.42685866440337,66.22518157958984,131022800,0.05050351561766475,1
2020-04-14,67.8611424089209,69.86062249775517,67.38853506577631,69.56978607177734,194994800,-0.009127556258047398,-1
2020-04-15,68.44279106966171,69.39526866678374,68.01381447307317,68.93478393554688,131154400,0.007945950492616927,1
2020-04-16,69.64976614355342,69.8485041120879,68.43068954557212,69.48253631591797,157125200,-0.013568582711619315,-1
2020-04-17,68.99782307580948,69.5455618535008,67.1001303953059,68.53975677490234,215250000,-0.020757058133320738,-1
2020-04-20,67.36428617146147,68.2682885484201,67.09768742099124,67.11707305908203,130015200,-0.030910171215308035,-1
2020-04-21,66.95955078291355,67.19464143835056,64.32993033303205,65.04247283935547,180991600,0.028803271037191047,1
2020-04-22,66.31242457625098,67.35215588467187,65.97070189503694,66.91590881347656,116862400,-0.00387524424790342,0
2020-04-23,66.86017582115733,68.28526070625729,66.61781464739953,66.6565933227539,124814400,0.028869680511646623,1
2020-04-24,67.18252643877639,68.5906443947667,67.13405124110245,68.58094787597656,126161200,0.000706860642101903,0
2020-04-27,68.29738398813116,68.96145871324816,67.84902167998845,68.62942504882812,117087600,-0.016209403121330013,-1
2020-04-28,69.09233090667134,69.27410181526112,67.42489198474726,67.51698303222656,112004800,0.03284515230429985,1
2020-04-29,69.00750504510519,70.20476992848462,68.80392253083471,69.73458862304688,137280800,0.02109580786175269,1
2020-04-30,70.27503026645908,71.3826223912063,69.88483240246467,71.20569610595703,183064000,-0.016098877615122076,-1
2020-05-01,69.37590385770176,72.46600961904917,69.2789608424837,70.05936431884766,240616800,0.01414881113331079,1
2020-05-04,70.08360206516988,71.17907219230422,69.39287106137577,71.05062103271484,133568000,0.015008675743043431,1
2020-05-05,71.51109377618626,72.95071986963468,71.36567557958281,72.11699676513672,147751200,0.010317461408964057,1
2020-05-06,72.81985643084153,73.49362038525668,72.43450294504117,72.8610610961914,142333600,0.010344558585849706,1
2020-05-07,73.48875147037694,73.9613586924263,73.18580001939033,73.61477661132812,115215200,0.023801834749808126,1
2020-05-08,74.27579824490549,75.42040745275091,73.94772346356687,75.366943359375,133838400,0.01573529006844776,1
2020-05-11,74.87361403597093,77.04861391058948,74.66461535055964,76.55286407470703,145946400,-0.011428116401368649,-1
2020-05-12,77.23817575538389,77.6901917346119,75.55650039805452,75.67800903320312,162301200,-0.012074076433865932,-1
2020-05-13,75.85784476081635,76.78131490249868,73.68526961866718,74.76426696777344,200622400,0.006143373408158848,1
2020-05-14,74.0011951417901,75.28432609802991,73.27700096934342,75.22357177734375,158929200,-0.005912145029911664,-1
2020-05-15,72.9902356348415,74.82501298410193,72.95620965856679,74.77883911132812,166348400,0.023561095074872807,1
2020-05-18,76.10571491448931,76.9149590881701,75.41311427356375,76.54071044921875,135178400,-0.00577850998729712,-1
2020-05-19,76.5577178990512,77.40584566107081,76.06682576285114,76.09841918945312,101729600,0.019448442468357863,1
2020-05-20,76.95871635566236,77.6488845938643,76.91983269792289,77.57841491699219,111504800,-0.007455677701355468,-1
2020-05-21,77.43987587720596,77.98180700129258,76.76185568975818,77.00001525878906,102688800,0.006438712293211246,1
2020-05-22,76.73757594071667,77.57842120189112,76.63551282014404,77.49579620361328,81803200,-0.006773891563587986,-1
2020-05-26,78.61607202130844,78.79590239398446,76.91495145206838,76.9708480834961,125522000,0.004357340369043783,0
2020-05-27,76.82749926533644,77.45204814265487,76.0862919880059,77.30623626708984,112945200,0.0004398637557299079,0
2020-05-28,76.9805722755511,78.6015006101808,76.70353646464031,77.34024047851562,133560800,-0.0009739433410211884,0
2020-05-29,77.5832675133885,78.04499886732665,76.90767976403508,77.2649154663086,153532400,0.012297888462899254,1
2020-06-01,77.2187384764973,78.33661941527829,77.0875070725464,78.2151107788086,80791200,0.0046295235056519335,0
2020-06-02,77.94779558300193,78.60151268485856,77.50550233633703,78.57720947265625,87642800,0.005504758006196875,1
2020-06-03,78.89797215009735,79.27222074837745,78.32444764995279,79.00975799560547,104491200,-0.008611943240066311,-1
2020-06-04,78.83237798726375,79.13128449132041,77.95508176147044,78.32933044433594,87560400,0.02848068654813174,1
2020-06-05,78.57961481242606,80.62095785356755,78.5504539343992,80.5602035522461,137250400,0.005912671117577428,1
2020-06-08,80.25644625054122,81.07055551560038,79.54440749293843,81.03652954101562,95654400,0.03157795138594688,1
2020-06-09,80.71574880080514,83.98918386938145,80.68415537333125,83.59549713134766,147712400,0.025727594587912517,1
2020-06-10,84.54570234634012,86.21522971767824,84.1058417038533,85.74620819091797,166651600,-0.048010366114131675,-1
2020-06-11,84.88836389660872,85.31364412865861,81.52743824020874,81.62950134277344,201662400,0.008633708502821857,1
2020-06-12,83.77293248835645,84.52142258544907,81.22125057836313,82.33426666259766,200146000,0.0123668921266189,1
2020-06-15,80.98549997370785,84.00620266393342,80.82267515019947,83.35248565673828,138808800,0.026502270855657484,1
2020-06-16,85.41084628969108,85.83370137590062,83.77291228895632,85.56151580810547,165428800,-0.0013914749000843996,0
2020-06-17,86.30760017697472,86.3683545073001,85.32095044579455,85.44245910644531,114406400,0.00039797791146689576,0
2020-06-18,85.39869601495222,85.89445330068732,84.86648762356708,85.4764633178711,96820400,-0.0057146065303642635,-1
2020-06-19,86.18364717992426,86.65023617971444,83.87740827164068,84.98799896240234,264476000,0.026163900560767894,1
2020-06-22,85.38169655946604,87.35499583192716,85.33552267955825,87.21161651611328,135445200,0.021344674888926995,1
2020-06-23,88.4582867176972,90.49477263698164,88.03786416864946,89.0731201171875,212155600,-0.017652003530280846,-1
2020-06-24,88.7013070407747,89.62234460688504,87.12655239933392,87.50080108642578,192623200,0.013275548101584267,1
2020-06-25,87.65633451294114,88.70130583433298,86.89568925164441,88.66242218017578,137522400,-0.030725759672377007,-1
2020-06-26,88.55792788577938,88.77907450051282,85.78995750703652,85.93820190429688,205256800,0.02304650920819884,1
2020-06-29,85.84584068935075,88.01355774997114,85.36709642622178,87.91877746582031,130646000,0.008347846913618895,1
2020-06-30,87.50566798386447,88.93947601743045,87.48622986262237,88.6527099609375,140223200,-0.0018914123785014336,0
2020-07-01,88.73048098963713,89.27483740277849,88.43643211464202,88.48503112792969,110737200,0.0,0
2020-07-02,89.3939209303781,90.03062510995592,88.3708201093687,88.48503112792969,114041600,0.026750164469288018,1
2020-07-06,89.91640216330728,91.32104187882804,89.88480872729063,90.85202026367188,118655600,-0.0031031672745973626,0
2020-07-07,91.2310984040124,92.01118162890656,90.45830539930238,90.5700912475586,112424400,0.023290310173282425,1
2020-07-08,91.549467922268,92.7110901974212,91.46197784699564,92.67949676513672,117092000,0.004300324827269497,0
2020-07-09,93.5737986064413,93.62726270349852,92.02821230000306,93.07804870605467,125642800,0.0017492729054260359,0
2020-07-10,92.67220807313528,93.29919680465662,92.05980720131564,93.2408676147461,90257200,-0.004613269638900741,0
2020-07-13,94.54829427109546,97.1631623533042,92.5968659763704,92.81072235107422,191649200,0.016548612412100594,1
2020-07-14,92.19104129715517,94.53858935423052,91.25543060561826,94.34661102294922,170989200,0.006877375982708989,1
2020-07-15,96.22513517564072,96.47544271657276,93.79496199521328,94.99546813964844,153198000,-0.012305113881775354,-1
2020-07-16,93.86542173959128,94.68438876337166,93.2262851246984,93.8265380859375,110577600,-0.0020202419378970715,0
2020-07-17,94.27855494560396,94.43408214536429,93.16309912532118,93.6369857788086,92186800,0.021073988361784313,1
2020-07-20,93.72448140194916,95.74881216241435,93.37939358732925,95.61029052734376,90318000,-0.01380181285545512,-1
2020-07-21,96.40251573529238,96.47785049123864,94.0403877137668,94.29069519042967,103433200,0.002809156500553911,0
2020-07-22,93.99177075995696,95.23845032827714,93.90428811755416,94.55557250976562,89001600,-0.04551627825614324,-1
2020-07-23,94.2882680485315,94.3660353547066,89.44007797032316,90.2517547607422,197004400,-0.0024770323762385305,0
2020-07-24,88.44616046263214,90.37328611490624,86.65511650592693,90.0281982421875,185438800,0.023700070236240434,1
2020-07-27,91.09259829217558,92.2542206187511,90.8690265429245,92.16187286376952,121214000,-0.016427616886679264,-1
2020-07-28,91.73172785652534,91.90913313088772,90.64300783304508,90.64787292480467,103625600,0.01916845138930623,1
2020-07-29,91.13148218567702,92.57014778095314,91.09503107606254,92.3854522705078,90329200,0.012100275279528283,1
2020-07-30,91.55677066710048,93.60783733719364,91.14850337011598,93.50334167480467,158130000,0.10468844216595263,1
2020-07-31,100.01132775994397,103.44273037041388,98.0088604443455,103.29206085205078,374336800,0.02519747653706994,1
2020-08-03,105.17785632219838,108.51934330283578,104.87894986963356,105.89476013183594,308151200,0.006678320020738093,1
2020-08-04,106.08433124379282,107.69553697101212,105.36013709111648,106.60195922851562,173071600,0.0036246830567288058,0
2020-08-05,106.32249256981191,107.30914213352884,105.855896128936,106.98835754394533,121776800,0.03488916706327183,1
2020-08-06,107.3212830698956,111.21684951983973,106.73075289757836,110.7210922241211,202428800,-0.022735743519264662,-1
2020-08-07,110.24148657363268,110.69918395823288,107.40523237781792,108.20376586914062,198045600,0.014534900938368844,1
2020-08-10,109.65233223130258,110.79657580812425,107.12039705946748,109.77649688720705,212403600,-0.02974002032855827,-1
2020-08-11,109.03880997711208,109.53789059463465,106.25124256694212,106.5117416381836,187902400,0.03323434837505013,1
2020-08-12,107.6048585408266,110.30965211624508,107.41009717699764,110.05158996582033,165598000,0.017697582518630073,1
2020-08-13,111.4344186850555,113.0047091658848,110.94507089779177,111.99923706054688,210082000,-0.0008912147196002973,0
2020-08-14,111.82395110215056,111.98949901322317,110.08567574687753,111.89942169189452,165565200,-0.002610916390471729,0
2020-08-17,113.02417392493486,113.04852095183266,110.97914996990065,111.60726165771484,119561600,0.008332998942413239,1
2020-08-18,111.35896133229576,112.96333190026704,111.02299161332778,112.53728485107422,105633600,0.00125460264464472,0
2020-08-19,112.9462768876478,114.0953868249226,112.58353067113144,112.67847442626952,145538000,0.02218959681272792,1
2020-08-20,112.71986303729176,115.2931886914799,112.7028193742301,115.17876434326172,126907200,0.051532482803704704,1
2020-08-21,116.14041187069935,121.59868597251888,116.1282420708619,121.1142120361328,338054800,0.011960239581492171,1
2020-08-24,125.32841718543504,125.41363550271215,120.69303108379322,122.5627670288086,345937600,-0.008203654917876002,-1
2020-08-25,121.43314715380612,121.90301439370454,119.83120611678233,121.55730438232422,211495600,0.013598962991908659,1
2020-08-26,122.87682491569296,123.66805506312151,121.8080520118478,123.21035766601562,163022400,-0.011954355287382312,-1
2020-08-27,123.8141318298438,124.14766458561552,120.5907768320979,121.73745727539062,155552400,-0.001619791767201173,0
2020-08-28,122.71371757611423,123.13246125062976,121.31628565950032,121.54026794433594,187630000,0.033912125688756234,1
2020-08-31,124.2401853001041,127.5706540266875,122.7015450943712,125.66195678710938,225702700,0.03983263921455005,1
2020-09-01,129.28457897882038,131.27118380524524,127.11296048915096,130.6674041748047,151948100,-0.02071841865964985,-1
2020-09-02,133.9881416796695,134.36793159802133,123.67537209267218,127.9601821899414,200119000,-0.08006100883514344,-1
2020-09-03,123.58771183000316,125.46718052250692,117.34551135279555,117.71556091308594,257599600,0.0006617965114747992,0
2020-09-04,116.9267639955814,120.4617338734343,107.98708104487906,117.79346466064452,332607200,-0.06729492840568863,-1
2020-09-08,110.96697771586362,115.87503988575808,109.73022744851274,109.86656188964844,231366600,0.0398865867199798,1
2020-09-09,114.19033711230628,116.02111927354656,112.24269366983658,114.24876403808594,176940500,-0.032645814498931336,-1
2020-09-10,117.20917767854652,117.345512119,109.5549387003112,110.5190200805664,182274400,-0.013128998314159479,-1
2020-09-11,111.57073719482962,112.21346299852146,107.12037290845598,109.0680160522461,180860300,0.030000147596179305,1
2020-09-14,111.71682733418476,112.89515070723368,109.84709144123131,112.34007263183594,140150100,0.0015603779189681255,0
2020-09-15,115.23232916774082,115.71924004150326,110.6358893306761,112.51536560058594,184642000,-0.029513723372472267,-1
2020-09-16,112.21347126407376,112.96331066061114,109.1069778434127,109.19461822509766,154679000,-0.015963618012043823,-1
2020-09-17,106.84771238414066,109.26278591004208,105.86415043956644,107.45147705078124,178011000,-0.03172016518175358,-1
2020-09-18,107.50990847358544,107.9773386911778,103.31273223375833,104.04309844970705,287104900,0.030325940114849237,1
2020-09-21,101.80332967507266,107.3054242127271,100.4010239357237,107.19830322265624,195713800,0.0157158051102948,1
2020-09-22,109.73023848769446,109.9055267053134,106.30238909052136,108.8830108642578,183055400,-0.04194614530735841,-1
2020-09-23,108.69798613288378,109.17515670886098,103.97494471367466,104.31578826904295,150718700,0.010269088170823615,1
2020-09-24,102.41685627334157,107.3638737351434,102.2513083191842,105.38701629638672,167743300,0.03751598008497181,1
2020-09-25,105.59150095453244,109.49652855947328,104.85139428601482,109.34071350097656,149981400,0.023868740661309396,1
2020-09-28,111.99923269077128,112.30111503190352,109.82760709095112,111.9505386352539,137672400,-0.007567886802819279,-1
2020-09-29,111.55127413308996,112.29137324538236,110.59692563716496,111.10330963134766,99382200,0.015075879999722597,1
2020-09-30,110.81117321087004,114.19033573143906,110.64562530338286,112.77828979492188,142675200,0.008462207879326389,1
2020-10-01,114.56039012939586,114.63829765255328,112.79777513856308,113.7326431274414,116120400,-0.032280316210359206,-1
2020-10-02,109.93472330652476,112.34980421996084,109.28226459701013,110.06131744384766,144712000,0.030791163456261428,1
2020-10-05,110.92803870245233,113.5963082073717,110.57746227936272,113.45023345947266,106243800,-0.02866958495170424,-1
2020-10-06,112.67116282600794,113.08017356879807,109.31148107875158,110.19766235351562,161498200,0.016967177953102208,1
2020-10-07,111.6194485995252,112.52510309938262,111.14227060574488,112.0674057006836,96849000,-0.0009558238503784011,0
2020-10-08,113.206779666247,113.35285441626657,111.59023197745924,111.96028900146484,83477200,0.01739594227106367,1
2020-10-09,112.26218241086576,113.93715719252894,111.91160594820737,113.90794372558594,100506900,0.06352042733418073,1
2020-10-12,116.91703480605202,121.90300475026318,116.1574550435818,121.14342498779295,240226800,-0.026527361413170136,-1
2020-10-13,121.99064438590798,122.10750566774657,116.5177710390298,117.9298095703125,262330500,0.0007432089027732403,0
2020-10-14,117.8324275512861,119.80928444459768,116.48855625885348,118.0174560546875,150712000,-0.0039608155366317455,0
2020-10-15,115.61210767464269,118.02718121016164,115.05702963037932,117.55001068115234,112559200,-0.014000375790645059,-1
2020-10-16,118.10510568656042,118.36804173088584,115.69976467276356,115.90426635742188,115393800,-0.025541930372456112,-1
2020-10-19,116.81965398590056,117.26761109070254,112.63222499944558,112.94384765625,120639300,0.013191972102252869,1
2020-10-20,113.15808815638162,115.86531895269678,112.60301003753486,114.43379974365234,124423700,-0.005446338762271186,-1
2020-10-21,113.61578568990576,115.60238301966776,113.4015437088034,113.81055450439452,89946000,-0.00958352128527673,-1
2020-10-22,114.37534235792783,114.94990095736752,111.59021202627706,112.7198486328125,101988000,-0.006133643455010329,-1
2020-10-23,113.34312326795688,113.498938328468,111.2883585929103,112.0284652709961,82572600,8.683041407220315e-05,0
2020-10-26,111.02541726060738,113.49892534064216,109.92499395326573,112.03819274902344,111850700,0.013472390666166234,1
2020-10-27,112.46667230975784,114.20981414129768,111.54154461515652,113.54761505126952,92276800,-0.04631230458714619,-1
2020-10-28,112.0381825728971,112.40823212114864,108.19158263987536,108.2889633178711,143937800,0.03705050941438537,1
2020-10-29,109.42835336524011,113.86897819384106,109.26279802021776,112.3011245727539,146129200,-0.056018081551907906,-1
2020-10-30,108.15263578946612,109.05829026903427,104.90007487274671,106.0102310180664,190272600,-0.0008267018582908126,0
2020-11-02,106.25369543303232,107.78259533653008,104.51055354833466,105.92259216308594,122866900,0.015353348575422698,1
2020-11-03,106.78927899207524,108.57136685299776,105.8836246173212,107.54885864257812,107624400,0.04083688287793885,1
2020-11-04,111.15202546490424,112.56406417680968,109.40888346027108,111.9408187866211,138235500,0.03549360029067006,1
2020-11-05,114.86227219398133,116.48856015953854,113.8105503527892,115.91400146484376,126387100,-0.001136175153425123,0
2020-11-06,115.42136453660976,116.27980338076075,113.28501336370934,115.78230285644533,114457900,-0.019968017539482963,-1
2020-11-09,117.54795729060731,119.0014527698893,113.20697761247202,113.4703598022461,154515300,-0.0030089182343564502,0
2020-11-10,112.719227827361,114.70924480626918,111.33400971509884,113.12893676757812,138023400,0.0303527722754382,1
2020-11-11,114.31906384026838,116.69928328623824,113.58743745496244,116.56271362304688,112295000,-0.0023432220795925884,0
2020-11-12,116.68954065260598,117.57724351680127,115.66526067450714,116.28958129882812,103162300,0.0004193590629451016,0
2020-11-13,116.5139390128418,116.73830026220504,114.98240146299398,116.33834838867188,81581900,0.008720546669552132,1
2020-11-16,116.00668499044508,118.0259736401694,115.25555179677478,117.3528823852539,91183000,-0.007564519785456247,-1
2020-11-17,116.62124805150194,117.71380535006968,116.04569809530209,116.46516418457033,74271000,-0.011391309007435235,-1
2020-11-18,115.70426632741368,116.88462258409794,115.10920964823984,115.1384735107422,76322100,0.005168098715628622,1
2020-11-19,114.70924075099312,116.14322943354532,113.9483506196358,115.7335205078125,74113000,-0.010957436485393157,-1
2020-11-20,115.73353312647382,115.86034568136424,114.41660718303844,114.4653778076172,73604300,-0.02974257635334754,-1
2020-11-23,114.30930546926308,114.73852865880856,110.96333387323224,111.06088256835938,127959300,0.011594169446777824,1
2020-11-24,111.11941434226163,113.01188278583412,109.83174481299208,112.34854125976562,113874200,0.007467192838014114,1
2020-11-25,112.71923279937354,113.88983194948229,112.3485373625984,113.18746948242188,76499200,0.00482639588215128,0
2020-11-27,113.71425025675508,114.61171017176824,113.37282609805314,113.73375701904295,46691300,0.02109957993094813,1
2020-11-30,114.10444599903528,118.00645317380616,113.9483621396502,116.13349151611328,169410200,0.030827398169565257,1
2020-12-01,118.04547767580269,120.44521126709456,117.06997585287974,119.71358489990234,127728200,0.0029334465355166373,0
2020-12-02,119.03072137520432,120.34765470402952,117.92840706667508,120.06475830078124,89004200,-0.001137310441905126,0
2020-12-03,120.49399284991507,120.74762543083594,119.21608772727546,119.92820739746094,78967600,-0.005612743117824559,-1
2020-12-04,119.59650527854149,119.85013780093244,118.5429616709057,119.2550811767578,78260400,0.012270038734561117,1
2020-12-07,119.3136206930221,121.51825680642276,119.25509296764028,120.71834564208984,86712000,0.0050909463214305894,1
2020-12-08,121.32316659995088,121.9182233181416,120.07451799223874,121.33291625976562,82225500,-0.020903837355505273,-1
2020-12-09,121.4792223168842,122.86443290827428,118.0357025972018,118.79659271240234,115089200,0.011988896985898334,1
2020-12-10,117.54796013053176,120.83540368650692,117.20653600869164,120.22083282470705,81312200,-0.00673466143447754,-1
2020-12-11,119.43069298076075,119.75261038065898,117.5967521638208,119.41118621826172,86939800,-0.005146867101177732,-1
2020-12-14,119.59650378767564,120.3281300434434,118.56247439445303,118.79659271240234,79184500,0.050090531014025164,1
2020-12-15,121.29389959264086,124.76669132932152,121.089045091943,124.74717712402344,157243700,-0.0005474940709548903,0
2020-12-16,124.28868403035126,125.22515739352976,123.4595015722462,124.67887878417967,98208600,0.006963261944289423,1
2020-12-17,125.74214781524604,126.40549663039762,124.90321586033166,125.54705047607422,94359800,-0.015850553452502192,-1
2020-12-18,125.80071733474844,125.93728698989182,123.03028838222276,123.55706024169922,192541500,0.012395405928210312,1
2020-12-21,121.95724006069578,125.16664209419945,120.42570242817166,125.0886001586914,121251600,0.028464382515005715,1
2020-12-22,128.38578029311114,131.11718805054522,126.47379039741485,128.649169921875,168904800,-0.006975915035098423,-1
2020-12-23,128.92232344418136,129.18569821705117,127.57612617627444,127.75172424316406,88223700,0.007712422469377422,1
2020-12-24,128.1029291687596,130.19050284332158,127.8883175389933,128.73699951171875,54930100,0.03576570942814605,1
2020-12-28,130.7075172282758,133.97543996952834,130.2392655550684,133.34136962890625,124486200,-0.013314970487465994,-1
2020-12-29,134.66803693280866,135.38989879452387,131.04891842415702,131.56593322753906,121047300,-0.008526606284514404,-1
2020-12-30,132.25855654199404,132.6585159150223,130.13195454477884,130.44412231445312,96452100,-0.007702848100303417,-1
2020-12-31,130.79527790714135,131.43911264182535,128.49309315567558,129.4393310546875,99116600,-0.024719389607560482,-1
2021-01-04,130.24898210368568,130.33677367819303,123.65458898588705,126.23966979980467,143301900,0.012363773190271488,1
2021-01-05,125.73240966734548,128.5125953811988,125.28367234969814,127.80046844482422,97664900,-0.03366120705294939,-1
2021-01-06,124.5911153228658,127.839538734962,123.28393878649366,123.49855041503906,155088000,0.03412294478069766,1
2021-01-07,125.21540258559176,128.40529740863508,124.72765172087456,127.71268463134766,109578200,0.008631231997358046,1
2021-01-08,129.18568296556424,129.38079521351278,127.03958220290218,128.81500244140625,105158200,-0.023248701140248462,-1
2021-01-11,126.0250828794601,126.98107049808904,125.35198424007667,125.82022094726562,100384500,-0.0013955667365288527,0
2021-01-12,125.35197692534696,126.51282640843073,123.75215462457815,125.6446304321289,91951100,0.01622668206495903,1
2021-01-13,125.6056023729016,128.22970451216872,125.34222761254838,127.68342590332033,88636800,-0.01512710356923952,-1
2021-01-14,127.59564337383038,127.7907407644143,125.60561128893497,125.75194549560548,90221800,-0.013730452898727874,-1
2021-01-15,125.6251368950026,127.02986205065994,123.88874465675345,124.02531433105467,111598500,0.0054269601973298,1
2021-01-19,124.64961670921872,125.55684110809314,123.8301987834441,124.69839477539062,90757300,0.03285613211760707,1
2021-01-20,125.50806539990327,129.24423908723023,125.40075960629947,128.79550170898438,104319500,0.036658388563469924,1
2021-01-21,130.5221542310992,136.24834549078827,130.31729228736415,133.51693725585938,120150900,0.016073752200815417,1
2021-01-22,132.941396802551,136.4239457057513,131.7122697758214,135.66305541992188,114459400,0.027683629417958766,1
2021-01-25,139.5650353578536,141.53553807458803,133.19499556294772,139.418701171875,157611700,0.0016792266648455456,0
2021-01-26,140.08203987079344,140.7648880340617,137.90666052106042,139.65281677246094,98390600,-0.007683544014736476,-1
2021-01-27,139.9162209578925,140.7649176755725,136.97021613529958,138.5797882080078,140843800,-0.034985160149813344,-1
2021-01-28,136.10202948520754,138.5115203730672,133.35110697778126,133.73155212402344,142621100,-0.03742062481009456,-1
2021-01-29,132.50242137720485,133.39013165524483,127.0201056066314,128.72723388671875,177523800,0.016519863996734108,1
2021-02-01,130.47334523641737,132.0634176836117,127.7224234481406,130.85379028320312,106239800,0.006337024178037387,1
2021-02-02,132.40487583442152,132.9706687530236,131.3123184109022,131.68301391601562,83305400,-0.007778582981323945,-1
2021-02-03,132.434112108336,132.4438766522119,130.33678930161688,130.65870666503906,89880900,0.02575778225214531,1
2021-02-04,132.96089184283247,134.0339348395979,131.29277729666717,134.02418518066406,84183100,-0.003097999876813251,0
2021-02-05,134.1853957164029,134.2537751308866,132.72972066845895,133.60897827148438,75693800,0.0010969372780287312,0
2021-02-08,132.8958097444442,133.80438990060523,131.81138402031524,133.7555389404297,71297200,-0.006573841552222848,-1
2021-02-09,133.4721970895325,134.7031755537608,132.71994903608007,132.87625122070312,76774200,-0.0045583588208693016,0
2021-02-10,133.3354359263558,133.83369484015344,131.3033582625716,132.2705535888672,73046600,-0.001920405219690724,0
2021-02-11,132.76878860072446,133.2475041169639,130.68787502592983,132.01654052734375,64280000,0.0017759236305450177,0
2021-02-12,131.2545039467926,132.40730890611044,130.60970715231767,132.25099182128906,60145100,-0.016103814830185637,-1
2021-02-16,132.3682563100343,132.87626454864636,129.7304535690892,130.12124633789062,80576300,-0.01764400783993103,-1
2021-02-17,128.22594304718632,129.1735950188555,126.48695621215256,127.82538604736328,97918500,-0.008636573866968922,-1
2021-02-18,126.22315381492852,127.00472433071492,124.47440301601212,126.7214126586914,96856700,0.001233561568413144,0
2021-02-19,127.23921649175708,127.69838867042822,125.8323923619749,126.8777313232422,87668800,-0.02979900683807546,-1
2021-02-22,125.06058423119389,126.73119158884104,122.70611563671171,123.0969009399414,103916400,-0.0011111553914990857,0
2021-02-23,120.9085077307379,123.79053522480318,115.6622326225289,122.96012115478516,158273000,-0.004052088063825288,0
2021-02-24,122.06132638305527,122.66703652293154,119.41376694425402,122.46187591552734,111039900,-0.0347826157382789,-1
2021-02-25,121.80731459672973,123.54630136895392,117.76270273555824,118.20233154296876,148199500,0.0022316506999022767,0
2021-02-26,119.76546840374732,121.973399087529,118.4074952170664,118.46611785888672,164560400,0.05385110929312864,1
2021-03-01,120.89873262438095,124.98242344672664,119.96085244148551,124.84564971923828,116307900,-0.020893536201837093,-1
2021-03-02,125.4513804584117,125.75423553632804,122.12971646948624,122.2371826171875,102260900,-0.024456567871719348,-1
2021-03-03,121.93431943503865,122.81358452353464,119.03274836980684,119.2476806640625,112966300,-0.01581186781959243,-1
2021-03-04,118.944829308409,120.7522030474246,115.88694849490928,117.36215209960938,178155000,0.010738227896288866,1
2021-03-05,118.19255654931328,119.13043671901424,114.86112127502147,118.6224136352539,153766600,-0.041673449391844364,-1
2021-03-08,118.1437131191071,118.212099986244,113.53246306756203,113.67900848388672,154376600,0.04064976592493963,1
2021-03-09,116.28749919238894,119.24768556736949,116.05303097701892,118.30003356933594,129525800,-0.009166685906751626,-1
2021-03-10,118.88621431520568,119.35515074210788,116.6978194776284,117.21561431884766,111943300,0.01650255130849132,1
2021-03-11,119.7166092657106,120.37117029395525,118.46610238977786,119.14997100830078,103026500,-0.007625362380320522,-1
2021-03-12,117.62592748855695,118.37818303802467,116.41449977293216,118.2414093017578,88105100,0.02445667989277167,1
2021-03-15,118.6126518520549,121.14297328075108,117.64545661813416,121.1332015991211,92403800,0.012743013223199595,1
2021-03-16,122.80380564002115,124.28878824765124,121.8463895081631,122.6768035888672,115227900,-0.006450576118875451,-1
2021-03-17,121.19182718884684,122.96012147290102,119.5212199090365,121.88546752929688,111932600,-0.03390502818893526,-1
2021-03-18,120.048790845647,120.34188170191756,117.54777669894918,117.75293731689452,121229700,-0.0044803352158947485,0
2021-03-19,117.13744191051596,118.63218870661474,116.9225096345994,117.2253646850586,185549500,0.028335701166348315,1
2021-03-22,117.55753401515928,121.0159714098922,117.48914715086832,120.54702758789062,111912300,-0.00688864923159882,-1
2021-03-23,120.48842032011387,121.37744961429632,119.3258360971887,119.71662139892578,95467100,-0.019993503487908182,-1
2021-03-24,119.99016951544908,120.06832806693622,117.30353080035886,117.32306671142578,88530500,0.004163477810077643,0
2021-03-25,116.78573572681164,118.85689248276148,116.2581767195336,117.81153869628906,98844700,0.005141306767853404,1
2021-03-26,117.57705830576778,118.681027160581,116.18000611307438,118.41724395751952,94071200,0.001485195879051826,0
2021-03-29,118.8471283250857,119.7557009862055,117.94832734627744,118.5931167602539,80819200,-0.01227458124834302,-1
2021-03-30,117.34259649679043,117.62591562293731,116.12139722216196,117.13743591308594,85671900,0.01876563412051424,1
2021-03-31,118.84711446915551,120.6740238071046,118.35863476106496,119.3355941772461,118323800,0.0069587071106420595,1
2021-04-01,120.81081245730564,121.31882810556309,119.66776420491011,120.166015625,75089100,0.02357730597318186,1
2021-04-05,121.01597988601443,123.25321810824464,120.23440927913929,122.99920654296876,88651200,0.0024622013786093078,0
2021-04-06,123.585374503169,124.20085629367988,122.75496043398816,123.30205535888672,80171300,0.013390570782430666,1
2021-04-07,122.93083408899058,124.9726761721274,122.25672954785422,124.95314025878906,83466700,0.019233894933024853,1
2021-04-08,125.97895898079165,127.38578343051203,125.5588734364234,127.35647583007812,88844600,0.02025116355080514,1
2021-04-09,126.80932573443174,129.97466446592165,126.48692736229545,129.9355926513672,106686700,-0.013232874469831901,-1
2021-04-12,129.4666782429754,129.789076669653,127.62022536816302,128.21617126464844,91420000,0.024306493985617905,1
2021-04-13,129.38851701920058,131.5573682758643,128.89025813953373,131.33265686035156,91266500,-0.017852991344155633,-1
2021-04-14,131.83093211613695,131.88954730756276,128.62650578894565,128.98797607421875,87222800,0.018707717976150562,1
2021-04-15,130.7367214787142,131.88952648063574,130.56086102498654,131.4010467529297,89347100,-0.00252778290980471,0
2021-04-16,131.20566716980846,131.56713742369558,130.2091642804324,131.0688934326172,84922400,0.005068493995912027,1
2021-04-19,130.43385740885776,132.34870458701317,130.2677760828126,131.73321533203125,94264200,-0.012829788209980264,-1
2021-04-20,131.90910268119194,132.40734676088633,128.773055489456,130.04310607910156,94812300,0.0029296550720709913,0
2021-04-21,129.31035433959545,130.668327388692,128.27477970021195,130.42408752441406,68847100,-0.011685442001396207,-1
2021-04-22,129.97467079966847,131.059096319802,128.38223712948874,128.9000244140625,84566500,0.018038749977508317,1
2021-04-23,129.11498342731704,132.0067754754205,129.11498342731704,131.2252197265625,78657500,0.002977799007811255,0
2021-04-26,131.72344819452212,131.9481447004186,130.48270548356416,131.61598205566406,66905100,-0.0024494570513188263,0
2021-04-27,131.89930451580292,132.2900972832069,131.02004687677868,131.29359436035156,66015800,-0.006027341411549814,-1
2021-04-28,131.21541925511582,131.90906701274747,130.01376332476983,130.5022430419922,107760100,-0.000748778587083776,0
2021-04-29,133.32563948793228,133.9118210423569,129.39825885060606,130.40452575683594,151101000,-0.01513317453354368,-1
2021-04-30,128.74371056977083,130.4826971366181,128.0500777328737,128.43109130859375,109839500,0.008215534059019536,1
2021-05-03,128.99774150408825,130.9809832448479,128.7925883321888,129.48622131347656,75135100,-0.03538559763488347,-1
2021-05-04,128.1673226815826,128.4604135210105,123.78076904048892,124.9042739868164,137564700,0.001955477012333562,0
2021-05-05,126.22316795915263,127.44436736840764,125.02151191446714,125.14852142333984,84000900,0.012802354526637583,1
2021-05-06,124.94333632102912,126.76048139042916,124.2008450944678,126.75071716308594,78128300,0.005327544456395827,1
2021-05-07,128.05230280970935,128.4535252531299,126.71158461839184,127.42598724365234,78973300,-0.025804546874355405,-1
2021-05-10,126.6430870741667,126.77029738873344,124.09867172726176,124.1378173828125,88071200,-0.00741030417813493,-1
2021-05-11,120.859443088754,123.57021435708376,120.14504795375876,123.2179183959961,126142800,-0.024938424198158615,-1
2021-05-12,120.76159245913604,121.97507799254856,119.6361790565564,120.14505767822266,112172300,0.017919559187645318,1
2021-05-13,121.91634337974185,123.45277474181432,121.60318563289488,122.29800415039062,105861300,0.01984485937604874,1
2021-05-14,123.55065100975592,125.15558560180872,123.1592019093422,124.72499084472656,81918000,-0.00925865096023637,-1
2021-05-17,124.10844907203442,124.21609774874598,122.49372638763056,123.57020568847656,74244600,-0.011245635965191236,-1
2021-05-18,123.85401772611864,124.2748241929868,122.11207710810116,122.18058013916016,63342900,-0.001281529878041976,0
2021-05-19,120.52671624181264,122.24908025776814,120.2331275635426,122.02400207519533,92612000,0.021012033940376096,1
2021-05-20,122.55245283263278,124.98921189653866,122.42522759234048,124.58797454833984,76857100,-0.014766936548357812,-1
2021-05-21,125.08709084369087,125.26324257721592,122.53289444071314,122.7481918334961,79295400,0.013314002348582932,1
2021-05-24,123.31577052336202,125.20450531193676,123.24726749854406,124.38246154785156,63092900,-0.0015735698173925394,0
2021-05-25,125.08706463603312,125.57638154110204,123.61913631963486,124.18673706054688,72009500,-0.00039392030817686496,0
2021-05-26,124.24546606900942,124.66627253334184,123.71701091848011,124.1378173828125,56575900,-0.012376934362698933,-1
2021-05-27,123.73657324672143,124.91091291308472,122.40565097616602,122.60137176513672,94625600,-0.005347859471609984,-1
2021-05-28,122.88519022253216,123.11027588262051,121.88700210583085,121.94571685791016,71311100,-0.002648202987686976,0
2021-06-01,122.40567810814753,122.6699019784518,121.29005293793632,121.6227798461914,67637100,0.006275883565880713,1
2021-06-02,121.62274874768536,122.56222194205004,121.3976705946577,122.38607025146484,59278900,-0.012153998902962648,-1
2021-06-03,122.01421513150538,122.1805785667547,120.49735272094428,120.89859008789062,76229200,0.019022214481251964,1
2021-06-04,121.4172626643808,123.46258031804118,121.20196528333544,123.19834899902344,75169300,7.951520988491723e-05,0
2021-06-07,123.47236901120836,123.61916336822156,122.16102301210522,123.20814514160156,71057600,0.006671811213700751,1
2021-06-08,123.89316056697146,125.71339992147556,123.51149976456148,124.03016662597656,74403800,0.0030772813630559614,0
2021-06-09,124.49013366537348,125.0185888704457,123.81488410340266,124.4118423461914,56877900,-0.008023408973460433,-1
2021-06-10,124.30417460780706,125.44916444320808,123.24727182583148,123.41363525390624,71186400,0.009832609548226623,1
2021-06-11,123.82464615632549,124.71519292427574,123.40383973769605,124.62711334228516,53522400,0.02457807944536694,1
2021-06-14,125.087085665473,127.74892318837932,124.353121383881,127.6902084350586,96906500,-0.006437742981539207,-1
2021-06-15,127.1617603902723,127.80765254019512,126.6235169320033,126.86817169189452,62746300,0.0039340027115502,0
2021-06-16,127.5825688225318,128.0914549417621,125.71341766779094,127.36727142333984,91815000,0.012600660956807896,1
2021-06-17,127.02474109836618,129.71594317700723,126.87793929818906,128.97218322753906,96721700,-0.010091725101306515,-1
2021-06-18,127.91528613971695,128.69816933296693,127.45533405078574,127.6706314086914,108953300,0.01410400175211679,1
2021-06-21,127.51406019462506,129.57894690634825,126.44736905581904,129.47129821777344,79663300,0.012698362563436705,1
2021-06-22,129.30493548234813,131.21323957880873,128.80583022689916,131.11537170410156,74783600,-0.0020900111803203725,0
2021-06-23,130.90984959941682,131.44809296104657,130.38138705071168,130.84133911132812,60214200,-0.002168909007748021,0
2021-06-24,131.57531327793558,131.76125326543314,130.08780831049526,130.55755615234375,68711000,-0.0022488902809885136,0
2021-06-25,130.60646907956024,131.02726798776249,129.9703579124024,130.26394653320312,70783700,0.012546008669578335,1
2021-06-28,130.5575361737434,132.35819116099708,130.49882143563215,131.8982391357422,62111300,0.01150046800800042,1
2021-06-29,131.91784473362776,133.57171323969362,131.4774691683095,133.41513061523438,64556100,0.004621035938264573,0
2021-06-30,133.25852946059163,134.47202223259774,132.9649408136906,134.03164672851562,63261400,0.002263573643500827,0
2021-07-01,133.67936427909643,134.3937519835152,132.85731295249462,134.3350372314453,52485800,0.01959646656362768,1
2021-07-02,134.95156150334915,137.00666748869628,134.80477461834224,136.967529296875,78852600,0.01471830722310652,1
2021-07-06,137.07515561633554,140.08928866847637,137.07515561633554,138.98345947265625,108181800,0.01795536437713685,1
2021-07-07,140.47096680675352,141.7921084496811,139.60979222790235,141.4789581298828,104911600,-0.009199668031533714,-1
2021-07-08,138.55288746806352,140.9798585410617,137.66234054504386,140.17739868164062,105575500,0.013055008204282181,1
2021-07-09,139.6978741376513,142.5358635061349,139.60000625630684,142.00741577148438,99890800,-0.004203791761500764,0
2021-07-12,143.08389123520334,143.19153992301273,140.92113666468427,141.4104461669922,76299700,0.0078892039093712,1
2021-07-13,140.95048491894528,144.30715565248005,140.55904331544653,142.52606201171875,100827100,0.02410051701241933,1
2021-07-14,144.93347581872183,146.37204690308326,144.52244270958388,145.9610137939453,127050800,-0.00449198652560856,0
2021-07-15,146.0491189549383,146.79286409061552,143.9450789434474,145.30535888671875,106820300,-0.014076317594572618,-1
2021-07-16,145.28574243451615,146.5579348305551,142.76090433296852,143.25999450683594,93251400,-0.02691420003670375,-1
2021-07-19,140.67647397816722,140.98963920959875,138.64094477148268,139.40426635742188,121434600,0.025974173812209678,1
2021-07-20,140.39270413849675,143.95487710280224,139.90339458333094,143.02517700195312,96350000,-0.0051318116633014554,-1
2021-07-21,142.4184239807626,143.00560136245917,141.53767284075886,142.29119873046875,74993500,0.00962843033004357,1
2021-07-22,142.81962687748307,145.03129994046702,142.69240165790706,143.66123962402344,77338200,0.011989400299501352,1
2021-07-23,144.3952518138537,145.5402343738835,143.77871699978286,145.38365173339844,71447400,0.0028945630305556858,0
2021-07-26,145.09986688786083,146.62651038671302,144.54204679960304,145.80447387695312,72434100,-0.014900618935262178,-1
2021-07-27,145.93164237751336,146.0197294253044,142.43798074633216,143.63189697265625,104818600,-0.012196140256197197,-1
2021-07-28,141.71377881629738,143.82759890037482,139.49231007240476,141.88014221191406,118931200,0.004552573670527638,0
2021-07-29,141.5963770040042,143.4166088320994,141.48872832316107,142.52606201171875,56699500,0.001510718597159011,0
2021-07-30,141.29302673523125,143.2013309437346,141.02879540404095,142.7413787841797,70440600,-0.002330914121341565,0
2021-08-02,143.23069737931422,143.80807908589327,142.14442954077148,142.40866088867188,62880000,0.01264388087982149,1
2021-08-03,142.69239699012917,144.8747126129823,142.07586240162897,144.20925903320312,64786600,-0.0027821694827306898,0
2021-08-04,144.12120964935443,144.63008072615645,143.1523715622017,143.80804443359375,56368300,0.0007487847765275113,0
2021-08-05,143.83743438633402,144.6790474286487,143.04475528663332,143.9157257080078,46397700,-0.004767346918003068,0
2021-08-06,143.43545395856697,144.18031321751994,142.72979152170154,143.22962951660156,54126800,-0.0003420798604664155,0
2021-08-09,143.28844350778914,143.7784860744744,142.62199279545507,143.18063354492188,48908700,-0.0033539774024280433,0
2021-08-10,143.52367690186915,144.76838927434818,142.40638038902802,142.70040893554688,69023100,0.0017859254701715344,0
2021-08-11,143.14147985471118,143.79813529735975,142.631831244403,142.95526123046875,48493500,0.020773070717481357,1
2021-08-12,143.27865400221475,146.08169819848888,142.93561820929602,145.9248809814453,72282600,0.0014105960756569669,0
2021-08-13,146.00330617321433,146.46394745377953,145.3172494643666,146.13072204589844,59375000,0.01354760341712491,1
2021-08-16,145.58182197453553,148.17905624484246,143.55305376409413,148.11044311523438,103296000,-0.006153669588194188,-1
2021-08-17,147.23821721938666,148.65933797891813,146.12092052407525,147.1990203857422,92229700,-0.025501213610474305,-1
2021-08-18,146.81676211636082,147.71843868222086,143.23944225684676,143.4452667236328,86326000,0.002323199368906792,0
2021-08-19,142.1417779274818,145.05263263003178,141.62233388540264,143.7785186767578,86960300,0.010156782542186216,1
2021-08-20,144.50378183589572,145.5426698813194,143.85692193613244,145.2388458251953,60549600,0.010256899997510116,1
2021-08-23,145.3564180367249,147.19898280077066,144.94478409144247,146.72854614257812,60131800,-0.0006010814057650915,0
2021-08-24,146.47373764386114,147.85566143575133,146.17970907783348,146.64035034179688,48606400,-0.008421449577335482,-1
2021-08-25,146.8265464293222,147.32639940143548,144.85658076220977,145.40542602539062,58991300,-0.005527064450761787,-1
2021-08-26,145.39564242211458,146.15029724311051,144.57235950525344,144.6017608642578,48597200,0.007184522837834217,1
2021-08-27,144.54295000853472,145.7876623043235,143.90590065942186,145.64065551757812,55802400,0.030417280532265778,1
2021-08-30,146.0327017624141,150.43328990399013,145.6504691143869,150.07064819335938,90956700,-0.008424783655972545,-1
2021-08-31,149.61980794744622,149.7570192751645,148.27708107451022,148.80633544921875,86453100,0.004478592051083696,0
2021-09-01,149.7864127413778,151.89358979635324,149.30616564221367,149.4727783203125,80313700,0.00747490161137665,1
2021-09-02,150.80569255452266,151.63877088807703,149.36496623243957,150.59007263183594,71115500,0.004230388047669287,0
2021-09-03,150.69787277040314,151.55055693814364,150.04121757771816,151.2271270751953,57808700,0.015489332316666715,1
2021-09-07,151.88378675982,154.1281750234367,151.31533561615151,153.5695343017578,82278300,-0.01008343026805647,-1
2021-09-08,153.85378127804458,153.9125840013745,150.91352547223326,152.02102661132812,74420200,-0.006704908735954085,-1
2021-09-09,152.39345874260397,153.00110680340413,150.8841191042815,151.00173950195312,57305700,-0.033102096290944405,-1
2021-09-10,151.91317680467418,152.38361342288792,145.73863824034083,146.00326538085938,140893200,0.003893621446271034,0
2021-09-13,147.63024065247,148.4045013917985,145.78767566355324,146.57174682617188,102404300,-0.00956210910034283,-1
2021-09-14,147.35581250665328,148.06147503126564,143.98431710126377,145.1702117919922,109296300,0.006143973932808633,1
2021-09-15,145.60149242999609,146.46397241376593,143.45510289624343,146.0621337890625,83281300,-0.0016106844646359697,0
2021-09-16,145.48385292412618,146.00329689602742,144.28814775543293,145.82687377929688,68034100,-0.018347980675762376,-1
2021-09-17,145.85628990076225,145.85628990076225,142.85721655963627,143.1512451171875,129868800,-0.021361052959209315,-1
2021-09-20,140.93625767675672,141.9555397257547,138.4566432656741,140.0933837890625,123478900,0.0034278892863210952,0
2021-09-21,141.0636509821954,141.72032120475433,139.93655902151735,140.5736083984375,75834000,0.016872485517710922,1
2021-09-22,141.5733062965506,143.5138708346114,140.83824238540038,142.9454345703125,76404300,0.0067192054032034765,1
2021-09-23,143.72949119090302,144.1509356110608,142.73961050481446,143.90591430664062,64838200,0.0006128712722210938,0
2021-09-24,142.75920818791974,144.5331599371337,142.66119368982206,143.99411010742188,53477900,-0.010549976803572614,-1
2021-09-27,142.57299008435822,143.0532371987593,140.9558555448059,142.4749755859375,74150700,-0.02380135885979151,-1
2021-09-28,140.39718798406145,141.8673156069312,138.86825764906274,139.08387756347656,108972300,0.006483158915725928,1
2021-09-29,139.63274915010976,141.57331379089658,139.20150923995394,139.98558044433594,74602000,-0.009311872179217695,-1
2021-09-30,140.79904018482358,141.50470270899655,138.46643267686778,138.6820526123047,89056700,0.008127044372953751,1
2021-10-01,139.07406401271928,140.07375496115557,136.33963327586,139.8091278076172,94639600,-0.024605537487403906,-1
2021-10-04,138.93686741546034,139.3779177030337,135.51637976546095,136.36904907226562,98322000,0.01415831252303601,1
2021-10-05,136.71207166126047,139.40730560106334,136.58465581671635,138.2998046875,80861100,0.00630719571526428,1
2021-10-06,136.69247443763487,139.3190954107542,135.61437481140692,139.17208862304688,83221100,0.0090845280591072,1
2021-10-07,140.2109859591421,141.3478883774017,139.87776058117706,140.4364013671875,61732700,-0.0027218578736238896,0
2021-10-08,141.16165438015548,141.3086611617573,139.7209281008109,140.0541534423828,58773200,-0.0006299443193283905,0
2021-10-11,139.43668783947464,141.92609699331564,138.98584218937734,139.96592712402344,64452200,-0.009102775191934143,-1
2021-10-12,140.37759646472705,140.3972023557475,138.2312075228374,138.6918487548828,73035900,-0.004239926269422711,0
2021-10-13,138.42723544419957,138.58403770640166,136.4278533132654,138.1038055419922,78762700,0.020225680221055198,1
2021-10-14,139.27991428350313,141.0146693485301,138.69185715657107,140.8970489501953,69907100,0.007512484799101271,1
2021-10-15,140.90685250780268,142.014338607517,140.65202078625612,141.95553588867188,67940300,0.011806047769809869,1
2021-10-18,140.5932000333711,143.91568781616144,140.30898194377212,143.6314697265625,85589200,0.015080156956865709,1
2021-10-19,144.08230590025846,146.1992933162076,143.63147512671546,145.79745483398438,76378900,0.0033610738356180114,0
2021-10-20,145.73864560326368,146.76773790846218,145.17019447320249,146.28749084472656,58418800,0.0014741688751036541,0
2021-10-21,145.84648796823797,146.65996054435885,144.92520541323566,146.50314331054688,61421000,-0.005285052019376679,-1
2021-10-22,146.7089517488773,147.18918391188018,145.6798593275794,145.72886657714844,58883400,-0.00033621322137811216,0
2021-10-25,145.71906743521066,146.3953286488428,144.68017946553806,145.67987060546875,50720600,0.004574812752873081,0
2021-10-26,146.35612420354883,147.83604746665293,146.042489762277,146.34632873535156,60893400,-0.0031477581007851585,0
2021-10-27,146.38550388603736,146.7481305695104,145.53283467682837,145.8856658935547,56094900,0.02499193840491598,1
2021-10-28,146.8363967132131,150.11967371638,146.73838219464628,149.53163146972656,100077900,-0.018155648562890425,-1
2021-10-29,144.2881657342144,146.95399906987456,143.49429899729273,146.81678771972656,124953200,-0.0056076912963655134,-1
2021-11-01,146.02288585396352,146.71873790698544,144.85658218082636,145.9934844970703,74588300,0.007115929852007152,1
2021-11-02,145.69944762084313,148.5514987152831,145.6896371991665,147.03236389160156,69122000,0.009798760117489591,1
2021-11-03,147.3949991515026,148.94353542048876,146.83635841514152,148.4730987548828,54511500,-0.0034984414202473557,0
2021-11-04,148.5613223792471,149.39438585976856,147.64003986144715,147.95367431640625,60394600,0.0035821941005902413,0
2021-11-05,149.08239818789303,149.38666561598745,147.28622291132336,148.48367309570312,65463900,-0.005552446371019815,-1
2021-11-08,148.6112968984832,148.76834300613436,147.38440226384824,147.6592254638672,55020900,0.0024595445176938124,0
2021-11-09,147.4236746470698,148.63093492428865,147.2862630299615,148.02239990234375,56787900,-0.019163582040071736,-1
2021-11-10,147.24694889017508,147.3549161864625,145.11706220590227,145.18576049804688,65187100,-0.00033778621180646784,0
2021-11-11,146.2065822230877,146.6678808138986,144.95022837459734,145.13671875,41000000,0.014337004609070059,1
2021-11-12,145.68636749026334,147.619954608485,144.75393057491192,147.21754455566406,63804000,6.633465480954115e-05,0
2021-11-15,147.59046608655402,149.07256392748403,146.66783921314402,147.22731018066406,59222800,0.006666916096062403,1
2021-11-16,147.16845811789992,148.6898103620709,146.5795427405627,148.2088623046875,59256200,0.01649014065250176,1
2021-11-17,148.20886785237,152.13493057693609,148.19905808718525,150.65284729003906,88807000,0.028535776449038375,1
2021-11-18,150.86875026761706,155.73705863714747,150.22094645963304,154.95184326171875,137827700,0.01697609947647072,1
2021-11-19,154.7359171470172,158.04363466373405,153.63662454715842,157.5823211669922,117305600,0.002927576044693181,0
2021-11-22,158.6914443472637,162.6371414846842,158.0240208888666,158.0436553955078,117467900,0.002422098123793681,0
2021-11-23,158.14180469691394,158.8092431604203,156.11988475240108,158.42645263671875,96041900,0.003283173945421991,0
2021-11-24,157.77858860443422,159.1428943080719,156.68910599385052,158.94659423828125,69463600,-0.03167819364322222,-1
2021-11-26,156.62044578974744,157.48416930217962,153.4697742384674,153.9114532470703,76959800,0.021873764776948246,1
2021-11-29,156.4241473557717,158.21051306195648,155.85486647061634,157.278076171875,88748200,0.03157758094785712,1
2021-11-30,157.0326917313919,162.460471991212,156.96397844815215,162.24453735351562,174048100,-0.003206475624897842,0
2021-12-01,164.38420267038478,167.1520834163963,161.48873510059954,161.72430419921875,152052500,-0.006129771358245217,-1
2021-12-02,155.80577421667738,161.16484040312477,154.8831472601401,160.73297119140625,136739200,-0.011724453368947008,-1
2021-12-03,160.98817654426608,161.91080351077787,156.76765689784938,158.8484649658203,118023100,0.021502852993666943,1
2021-12-06,161.2531853471854,164.77683760268036,161.24337558317583,162.26416015625,107497000,0.03544638853865445,1
2021-12-07,165.95466478279718,168.40845386171824,165.22833782381016,168.01583862304688,120405400,0.022783038839220726,1
2021-12-08,168.9482820266579,172.7074885052505,167.54470695562583,171.84375,116998900,-0.002970177816421171,0
2021-12-09,171.67687992199998,173.48286484992437,170.70517418411447,171.33334350585938,108923700,0.028013264814843453,1
2021-12-10,171.97133378046797,176.30963040334342,171.4609415375598,176.13294982910156,115402700,-0.02067426032757891,-1
2021-12-13,177.77207433330148,178.76341452749634,172.285406536853,172.4915313720703,153237000,-0.008023067114102833,-1
2021-12-14,172.01061281459928,174.45459210584534,169.02681191245964,171.1076202392578,139380400,0.028509122182500013,1
2021-12-15,171.87319557243478,176.18204841367742,169.12494892495155,175.98574829101562,131063300,-0.03926369686931919,-1
2021-12-16,175.96614195545544,177.79176184427124,167.5938138301891,169.07589721679688,150185800,-0.006502109370304265,-1
2021-12-17,166.78890700129642,170.26347995151886,166.55335288720448,167.97654724121094,195432700,-0.008121897684437052,-1
2021-12-20,165.16942990386642,167.42691858696432,164.3645949683115,166.6122589111328,107499100,0.019086919335209007,1
2021-12-21,168.38879868844631,169.9984835275847,165.9938984450784,169.79237365722656,91185900,0.015318966601072459,1
2021-12-22,169.84147054164066,172.6093520110506,168.96792216563543,172.39341735839844,92135300,0.0036436618066510995,0
2021-12-23,172.59951616954052,173.5810317235857,172.03023535098566,173.0215606689453,68356600,0.022974756200668134,1
2021-12-27,173.8165732862966,177.08502164182448,173.79695375988817,176.99668884277344,74919600,-0.005767068072283221,-1
2021-12-28,176.8298657019043,177.97823723210308,175.22999037629228,175.97593688964844,79144300,0.000501961412702645,0
2021-12-29,176.0151912450478,177.29116449792193,174.84718530534158,176.06427001953125,62348900,-0.006578124041257238,-1
2021-12-30,176.1526265636074,177.2322998407697,174.79813008439314,174.90609741210938,59773000,-0.003535309386680896,0
2021-12-31,174.79812762549122,175.91705492574604,173.983467796318,174.28775024414062,64062300,0.02500411044462658,1
2022-01-03,174.5429321185891,179.4995892112378,174.42515503160624,178.64566040039062,104487900,-0.012691708942183633,-1
2022-01-04,179.25419002967348,179.55845745447346,175.8090608575143,176.3783416748047,99310400,-0.026599750448368487,-1
2022-01-05,176.290032760117,176.83967914737053,171.41189860813105,171.6867218017578,94537600,-0.016693446416489066,-1
2022-01-06,169.50773661732023,172.05968310015797,168.46733250526367,168.8206787109375,96904000,0.0009883555715597403,0
2022-01-07,169.69422597653536,170.9211204367095,167.86860642072668,168.98753356933594,86709100,0.00011630041516896839,0
2022-01-10,165.95467253383114,169.31145435336728,165.06148967296951,169.00718688964844,106765600,0.016783683360185542,1
2022-01-11,169.13477238363146,171.9418925722171,167.66249900972133,171.84375,76138300,0.00257015835265495,0
2022-01-12,172.8645062038037,173.90491024436494,171.58854802680634,172.28541564941406,74805200,-0.01902789477222222,-1
2022-01-13,172.53082457713552,173.35529415174287,168.6145716326397,169.00718688964844,84505800,0.005110483832014179,1
2022-01-14,168.1728627813742,170.56776300627916,167.9274839054903,169.8708953857422,80440800,-0.018894138408443117,-1
2022-01-18,168.33971425733603,169.3506740016402,166.27854073936825,166.6613311767578,90956700,-0.021024659877569962,-1
2022-01-19,166.85765136543813,167.91769000661554,162.87270044087128,163.15733337402344,94815000,-0.010347173051767466,-1
2022-01-20,163.8934607946357,166.54354975921092,161.14521428529383,161.4691162109375,91420500,-0.012765024513231804,-1
2022-01-21,161.38080003283116,163.25549850314815,159.29999166470387,159.407958984375,122848900,-0.004864190156753767,0
2022-01-24,157.06215216881375,159.30000684733824,151.84048126776224,158.632568359375,162294600,-0.011384990434915143,-1
2022-01-25,156.04132272716996,159.7514499461909,154.11756082376365,156.8265380859375,115798400,-0.0005630591185804557,0
2022-01-26,160.47780767829823,161.3513560017588,154.90280601323298,156.7382354736328,108275300,-0.0029431472770095057,0
2022-01-27,159.44722329665106,160.81152952765763,155.3543046036314,156.2769317626953,121954600,0.06977762133772836,1
2022-01-28,162.64696676990783,167.2011988377615,159.79075260205332,167.1815643310547,179935700,0.026125525959185047,1
2022-01-31,167.0146740043963,171.76520522888097,166.37667997036093,171.5492706298828,115541600,-0.0009725462486478431,0
2022-02-01,170.79351570873365,171.60817541361024,169.12494226668923,171.38243103027344,86213900,0.007044335777987243,1
2022-02-02,171.51985796847407,172.62897543344508,170.1261075578704,172.58970642089844,84914300,-0.016719979835271293,-1
2022-02-03,171.25480616949991,172.98228289261496,168.93842918083482,169.70401000976562,89418100,-0.001679326276991966,0
2022-02-04,168.72125118343197,171.09955797995624,167.73848523293438,169.4190216064453,82465400,-0.004234423980088331,0
2022-02-07,169.88094594072888,170.95215737367448,168.00385912062177,168.70162963867188,77251200,0.018466845694159684,1
2022-02-08,168.77043538223953,172.32805922455944,168.4756025229789,171.8170166015625,74829200,0.008293635992255854,1
2022-02-09,173.01597239364082,173.60562304759242,171.88578239754793,173.24200439453125,71285000,-0.023598707298520982,-1
2022-02-10,171.13890900487118,172.4558121410886,168.59354809326686,169.15371704101562,90865900,-0.02021864647096272,-1
2022-02-11,169.3600667805501,170.0971412814251,165.1439922378864,165.73365783691406,98670700,0.001423281324963499,0
2022-02-14,164.48555705147456,166.65747672658372,163.68951891129095,165.96954345703125,86185500,0.023152566245409956,1
2022-02-15,168.02353762882288,169.96941049690344,167.3159447684623,169.81216430664062,62527400,-0.0013890074500328975,0
2022-02-16,168.8883606728898,170.35267256794222,167.11937868964532,169.5762939453125,61177400,-0.021269190429674123,-1
2022-02-17,168.0824845697611,168.94732353481027,165.56660575778602,165.96954345703125,69589300,-0.009355629963464174,-1
2022-02-18,166.8933689298829,167.6009468216719,163.3259227044928,164.4167938232422,82772700,-0.017812352584202662,-1
2022-02-22,162.1367581949425,163.81729494035432,159.35552814005308,161.48814392089844,91162800,-0.02586427071287023,-1
2022-02-23,162.68708741626082,163.28657531432245,156.9968785115613,157.31137084960938,90009200,0.016680249531551228,1
2022-02-24,149.95045639119465,160.0434686425656,149.38045024208816,159.93536376953125,141147500,0.01296538556797655,1
2022-02-25,161.0163841306603,162.27432346013268,158.09756779697935,162.0089874267578,91974200,0.0016378742069285135,0
2022-02-28,160.249841950296,162.569170605232,159.63069449285575,162.2743377685547,95056600,-0.011627851214281115,-1
2022-03-01,161.86158516779412,163.72884988791748,159.1786377230553,160.38743591308594,83474400,0.020588135400204877,1
2022-03-02,161.5569135885326,164.47573001503346,160.14172804891763,163.68951416015625,79724800,-0.0019812527662405044,0
2022-03-03,165.56660530985462,165.9990247912093,162.69693011047048,163.36520385742188,76678400,-0.018408316895973997,-1
2022-03-04,161.65518372489828,162.69691327903544,159.30637359945834,160.35792541503906,83737200,-0.023717656605625304,-1
2022-03-07,160.54463836931006,162.1760333658169,156.29908247418155,156.5546112060547,96418800,-0.011675968032243356,-1
2022-03-08,156.08290647641851,160.0729341178279,153.1149488975309,154.7266845703125,131148300,0.0349974477740409,1
2022-03-09,158.69705635061237,160.5938026105418,156.66273844037977,160.1417236328125,91454900,-0.027186154841788213,-1
2022-03-10,157.43912578291366,157.62585374072555,153.2918516527838,155.7880859375,105342000,-0.023908668281858225,-1
2022-03-11,156.19101504721644,156.5349891936971,151.83736825574178,152.0634002685547,96970100,-0.026562603637483084,-1
2022-03-14,148.8398979655987,151.4638812144724,147.51317294986788,148.02420043945312,108732100,0.029677306695018668,1
2022-03-15,148.29936850838678,152.88889846379408,147.78834103669757,152.4171600341797,92964300,0.029015665628271403,1
2022-03-16,154.34342597712845,157.24258310394316,151.79806526213048,156.8396453857422,102300200,0.0064539647889316765,1
2022-03-17,155.8765285127207,158.22533884354678,154.9134219533723,157.8518829345703,75615400,0.020918936438839353,1
2022-03-18,157.74377696769278,161.6453594768953,157.00670241299437,161.1539764404297,123511700,0.008537609690848269,1
2022-03-21,160.69206357071295,163.48313041290612,160.20068056976743,162.52984619140625,95811400,0.020800716815458697,1
2022-03-22,162.6576150439786,166.50023417031582,162.06796436975657,165.91058349609375,81532000,0.008233610310052875,1
2022-03-23,165.09488461775757,169.66474104201137,164.76073274272346,167.27662658691406,98062700,0.022677838305568798,1
2022-03-24,168.11196337652208,171.1388847047802,167.27662120536306,171.07009887695312,90131400,0.0037341955624929923,0
2022-03-25,170.88338808927602,172.25925474224047,169.77285750778353,171.7089080810547,80546200,0.005036560987779826,1
2022-03-28,169.202835000459,172.701479862601,169.03576656556126,172.57373046875,90371900,0.019134392568846526,1
2022-03-29,173.64494077798946,175.92495028186923,173.30096665224875,175.87582397460938,100589400,-0.006649547404963929,-1
2022-03-30,175.4728856845117,176.51461532464543,173.6547624474948,174.70632934570312,92633200,-0.017775801572707528,-1
2022-03-31,174.77511451308345,174.96184246595325,171.39439682863326,171.6007843017578,103049300,-0.0017182064887081294,0
2022-04-01,171.0307654409147,171.86612253758457,168.97678810398756,171.30593872070312,78751300,0.023693592759977955,1
2022-04-04,171.56149171892602,175.4139331761271,171.4337273224645,175.3647918701172,76468400,-0.01894201253020722,-1
2022-04-05,174.4409814506257,175.22719732393347,171.41406008567415,172.04302978515625,73401800,-0.01845088945359885,-1
2022-04-06,169.38954763944744,170.63766465296877,167.19798366759716,168.86868286132812,89058800,0.001804286590250781,0
2022-04-07,168.2102636995684,170.37234630580983,166.92284239749918,169.17337036132812,77594700,-0.01190905051760871,-1
2022-04-08,168.8195531941642,168.8195531941642,166.28401495074868,167.15867614746094,76575500,-0.025515953529882673,-1
2022-04-11,165.80245706854532,166.1169343880837,162.6477716368248,162.89346313476562,72246700,0.011523424071036015,1
2022-04-12,165.12434995391737,166.94245808323757,163.7681280552551,164.7705535888672,79265200,0.016342509165475638,1
2022-04-13,164.5051976542895,168.0922875017565,163.89588754215904,167.46331787109375,70618900,-0.029987947016440142,-1
2022-04-14,167.67958299892038,168.318390097859,162.19574519009953,162.44143676757812,75329400,-0.0013312339689728336,0
2022-04-18,161.09499932270256,163.7288199744053,160.75104022360551,162.22518920898438,69023900,0.014115198197071077,1
2022-04-19,162.17605691767423,164.92780484237912,161.0851860080734,164.51502990722656,67723800,-0.0010154283335112035,0
2022-04-20,165.85160767261976,165.96954980606952,163.23746114831818,164.3479766845703,67929800,-0.004843692276896516,0
2022-04-21,165.9990185433864,168.57386081804293,163.05072036783037,163.5519256591797,87227800,-0.02782114241502498,-1
2022-04-22,163.5912552281569,164.97694406303006,158.7167286660117,159.00172424316406,84882400,0.006737210130536075,1
2022-04-25,158.3432742820327,160.35794785043367,155.72912776950562,160.0729522705078,96046400,-0.03732810347912463,-1
2022-04-26,159.453804965821,159.54225031873102,154.0191094538627,154.0977325439453,95623200,-0.001466984336686905,0
2022-04-27,153.2230444512666,157.0361661796235,152.7021796920346,153.87167358398438,88063200,0.04515578630748074,1
2022-04-28,156.50552671868616,161.684709101551,156.1910343178655,160.8198699951172,130216800,-0.03660499354285707,-1
2022-04-29,159.05085178561868,163.3357123056005,154.5399592760181,154.9330596923828,131747600,0.0019665751170534485,0
2022-05-02,154.00928950852122,155.50308325510557,150.6285715632027,155.2377471923828,123055300,0.00962269137923899,1
2022-05-03,155.42447125561708,157.94036536820087,153.62602227442122,156.73155212402344,88966500,0.04100808845083792,1
2022-05-04,156.9182434563484,163.6108774332453,156.5153058023954,163.1588134765625,108256500,-0.05571612086515232,-1
2022-05-05,161.0262227132276,161.2522547050873,152.2795959021098,154.0682373046875,130525300,0.004727139186468499,0
2022-05-06,153.54658846859752,156.92243639704813,151.74548246293438,154.79653930664062,116124600,-0.03318929818449867,-1
2022-05-09,152.4836283339545,153.36942622989235,149.09795898763585,149.65895080566406,131577900,0.016112174806630852,1
2022-05-10,153.06434369573583,154.2650810994448,150.5152283773258,152.07028198242188,115366700,-0.0518413562486667,-1
2022-05-11,151.0762217134339,152.99542804107662,143.50764507620434,144.18675231933594,142689800,-0.026894234706182574,-1
2022-05-12,140.5156506463481,143.89148337119573,136.60833616921673,140.3089599609375,182602000,0.03191656422289335,1
2022-05-13,142.3069263815123,145.7615132406745,140.85029972421802,144.78713989257812,113990900,-0.010672194604780194,-1
2022-05-16,143.251795072628,145.1906903336651,141.90341691040302,143.241943359375,86643800,0.025422519127555,1
2022-05-17,146.50950977669152,147.40514453340242,144.36392404181558,146.88351440429688,78336300,-0.056419082254831054,-1
2022-05-18,144.53126736021366,145.03320913315295,137.69099476435753,138.5964813232422,109742900,-0.024641478162808372,-1
2022-05-19,137.67130943156462,139.4232021551722,134.4431016025898,135.18125915527344,136095600,0.001747215533975277,0
2022-05-20,136.89376494741566,138.47834364409812,130.51608836864122,135.41744995117188,137426100,0.0401193592855571,1
2022-05-23,135.61430621725685,140.9979367905799,135.47651740077447,140.85031127929688,117726300,-0.019216173392327396,-1
2022-05-24,138.58659874320531,139.72828587372672,135.16155236949282,138.14370727539062,104132700,0.001140015459409227,0
2022-05-25,136.24418292623076,139.5511291229351,136.15560763062282,138.3011932373047,92482700,0.023199558414675137,1
2022-05-26,135.22061822713323,142.06087507401406,134.97456571452705,141.5097198486328,90601500,0.04075671494259048,1
2022-05-27,143.09429845299417,147.31655295622195,142.96634634088457,147.27719116210938,90978500,-0.0053460655340605845,-1
2022-05-31,146.71621679774168,148.28110735892756,144.5214173125584,146.48983764648438,103718400,-0.0008735090920567457,0
2022-06-01,147.5330747402819,149.3440325752995,145.34812731297455,146.36187744140625,74286600,0.01681114165053854,1
2022-06-02,145.49575338046964,148.88143788729292,144.54106856251593,148.8223876953125,72348100,-0.03855566118444531,-1
2022-06-03,144.58043039547144,145.63354221228246,142.17897081970852,143.08444213867188,88570300,0.005227689939258928,1
2022-06-06,144.70838950271786,146.22408125410382,142.61201747807138,143.8324432373047,71598400,0.01758597815048124,1
2022-06-07,142.07072118986648,146.64729173693155,141.82466868695218,146.36187744140625,67808200,-0.005043279942852252,-1
2022-06-08,146.23393897895934,147.5035634046079,145.1316284687619,145.6237335205078,53950200,-0.035955835100748734,-1
2022-06-09,144.75760527366657,145.61386314826538,140.2794468730643,140.38771057128906,69473000,-0.03862844085109329,-1
2022-06-10,138.06500838135332,138.5374250816839,134.89585027333402,134.96475219726562,91437900,-0.03828491642217968,-1
2022-06-13,130.77199636565416,133.0652077917095,129.36458307542827,129.79763793945312,122207100,0.006672491288342464,1
2022-06-14,131.02787945261767,131.77587363104502,129.40392397478837,130.66371154785156,84784300,0.020111577747371046,1
2022-06-15,132.16956604237166,135.17140981281415,130.0732087681398,133.29156494140625,91533000,-0.03965166547687138,-1
2022-06-16,129.99444052600705,130.2995431807251,127.00243413205736,128.00633239746094,108123900,0.01153316661546877,1
2022-06-17,128.01618763180625,130.9786539949958,127.7602834489197,129.48265075683594,134520300,0.03276059051766045,1
2022-06-21,131.31326788458287,134.89579090596212,131.21485591666365,133.72457885742188,81000500,-0.0038270042107430013,0
2022-06-22,132.66164417884966,135.5847487472672,131.79554968965817,133.2128143310547,73409200,0.021573875159145217,1
2022-06-23,134.65962935518908,136.40167037101077,133.48841696582116,136.08673095703125,72433800,0.024517243776475572,1
2022-06-24,137.6909831751248,139.66925503284406,137.56304607780373,139.42320251464844,89116800,0.0,0
2022-06-27,140.4467743824865,141.2243087499828,138.74409516157192,139.42320251464844,70207900,-0.029789633389254666,-1
2022-06-28,139.88578412525837,141.15540852649434,135.1517360213465,135.26983642578125,67083400,0.013023849627818995,1
2022-06-29,135.2895293397043,138.44883540642064,134.51199493699397,137.0315704345703,66242400,-0.01802794743856717,-1
2022-06-30,135.08280250671814,136.18511273785495,131.65775641864977,134.56117248535156,98964500,0.016164468717883906,1
2022-07-01,133.89191616880768,136.84454604479996,133.51792659665475,136.7362823486328,71051600,0.018930384931664435,1
2022-07-05,135.59460384717786,139.3739663068114,134.76785610712872,139.3247528076172,73353800,0.009607386526484518,1
2022-07-06,139.11809758016227,141.84434862551257,138.85235665974255,140.66329956054688,74064300,0.023999648533222784,1
2022-07-07,141.02747347335122,144.23600834868253,141.01763677774284,144.03916931152344,66253700,0.004714319265412881,0
2022-07-08,142.966323535681,145.22017259883353,142.71043437013336,144.7182159423828,64547800,-0.014757725252584453,-1
2022-07-11,143.36987531125314,144.3245602553875,141.50971892875648,142.58250427246094,63141600,0.00683369421337332,1
2022-07-12,143.4584425008562,146.10596977247354,142.7596618190989,143.55686950683594,77588800,-0.002536738652888282,0
2022-07-13,140.73217850583993,144.1375363377061,139.87590568375293,143.1927032470703,71185600,0.020482558219455882,1
2022-07-14,141.80497494021958,146.59807271073137,140.98807885917248,146.1256561279297,78140700,0.011450123014786984,1
2022-07-15,147.4149715696043,148.47792016432717,145.85991797831633,147.79881286621094,76259900,-0.020643201323788052,-1
2022-07-18,148.3598211223461,149.17671722622794,144.38360430388153,144.74777221679688,81420900,0.026722108665333533,1
2022-07-19,145.58436874350355,148.84210205255908,144.59032186321505,148.61573791503906,82982400,0.013509682709320847,1
2022-07-20,148.73380801228873,151.29275997844778,147.99565052411046,150.6234893798828,64823400,0.015094221498144877,1
2022-07-21,152.06044916137068,153.11356109876007,149.54087389527504,152.89703369140625,65086600,-0.008110767584873058,-1
2022-07-22,152.93639744167697,153.8123437761435,150.98766576840873,151.65692138671875,66675400,-0.0073982381304816824,-1
2022-07-25,151.5781876406526,152.59192281243702,149.8755084226827,150.53492736816406,53623900,-0.008826352393001113,-1
2022-07-26,149.85582028627226,150.67271644888328,148.4188819899041,149.2062530517578,55138700,0.03423470613386814,1
2022-07-27,150.17076942758217,154.84576710893515,149.75740301368916,154.3142852783203,78620700,0.0035717884285406676,0
2022-07-28,154.50129531236348,155.15087757432116,151.97188319707365,154.86546325683594,81378700,0.03279292299352177,1
2022-07-29,158.6940186370959,161.0462798301135,156.981487908036,159.94395446777344,101786900,-0.006153259365239028,-1
2022-08-01,158.46767275111222,161.00693677079695,158.34957233740533,158.95977783203125,67829400,-0.009287562533669025,-1
2022-08-02,157.57201926429306,159.84554184971918,157.1094393855953,157.48342895507812,59907000,0.038247781138617265,1
2022-08-03,158.30034109572696,163.95954889245084,158.21176579536746,163.50682067871094,82507500,-0.0019263534237941027,0
2022-08-04,163.38868774052628,164.55006328617097,161.83363422359466,163.1918487548828,55474100,-0.0013888809671788183,0
2022-08-05,160.8560601129534,163.45798329811657,160.64908228561242,162.96519470214844,56697000,-0.0029029726068711126,0
2022-08-08,163.97047703384425,165.3897106347166,161.8317762742878,162.4921112060547,60276900,0.0003030307867823989,0
2022-08-09,161.65433806504254,163.42837961038725,160.8954395908957,162.54135131835938,63135500,0.02619488167355244,1
2022-08-10,165.26158960768942,166.8976514870886,164.49284053929043,166.79910278320312,70170500,-0.004431842153747589,0
2022-08-11,167.6072235706779,168.5238180082282,165.7641993781453,166.05987548828125,57149200,0.02142581481039052,1
2022-08-12,167.3707287952548,169.68682621240507,166.9567731335436,169.6178436279297,68039400,0.006333440535440715,1
2022-08-15,169.04619612673898,170.88922057556053,168.8786498167292,170.69210815429688,54091700,-0.0009237044939435224,0
2022-08-16,170.28804476181145,171.20463947132552,169.18420299774098,170.53443908691406,56377100,0.008784513801494143,1
2022-08-17,170.27817502867526,173.60941569871042,170.08106259876365,172.03250122070312,79542000,-0.0022916677384235973,0
2022-08-18,171.24403503116682,172.3774427727219,170.6231165953559,171.6382598876953,62290100,-0.015101767037961067,-1
2022-08-19,170.5344351473727,171.23420163153378,168.83924102673046,169.0462188720703,70346300,-0.023029417130104646,-1
2022-08-22,167.2426018901802,167.41014821395845,164.72937695607638,165.15318298339844,69026800,-0.0020291072768746643,0
2022-08-23,164.67023889482752,166.2767345287208,164.24643288251994,164.8180694580078,54147100,0.0017940072676829733,0
2022-08-24,164.90679147316692,165.68539087789364,163.8522166048561,165.11375427246094,53841500,0.014922610375574186,1
2022-08-25,166.34571105112042,167.68609658373745,165.92192009296824,167.5776824951172,51218200,-0.03769923634887218,-1
2022-08-26,168.10990520235598,168.58297803338863,161.20099961189769,161.2601318359375,78961000,-0.013690129692977449,-1
2022-08-29,158.82576612384565,160.55052629290446,157.5149616294303,159.05245971679688,73314000,-0.015305465583976163,-1
2022-08-30,159.79164778477147,160.21543879278465,155.44524840968555,156.6180877685547,77906200,-0.01063500505596049,-1
2022-08-31,157.99788365077418,158.26399371424608,154.87360563007792,154.95245361328125,87991100,0.004706762131308384,0
2022-09-01,154.3808088580502,156.13513503517575,152.43922061054926,155.68177795410156,74229900,-0.013611021565633097,-1
2022-09-02,157.44596671349123,158.04716944145756,152.734908630889,153.5627899169922,76957800,-0.00821521218781085,-1
2022-09-06,154.2132611313819,154.8243141649417,151.47335779942037,152.30123901367188,73714800,0.009253884347134589,1
2022-09-07,152.587059729615,154.410368411757,151.3945047755551,153.7106170654297,87449600,-0.009617634407790954,-1
2022-09-08,152.40968125083623,154.1048755009208,150.47794302211767,152.23228454589844,84923800,0.01883970593468076,1
2022-09-09,153.22770515232838,155.54381783971746,152.51808828805244,155.1002960205078,68028800,0.038507856588906764,1
2022-09-12,157.2882631049793,161.89090686431402,157.00245233153106,161.0728759765625,104956000,-0.05867959218163721,-1
2022-09-13,157.59378043168627,158.2245492067868,151.15796283866058,151.62118530273438,122656600,0.009555437518856902,1
2022-09-14,152.557487712131,154.83418366980385,151.3945138382118,153.0699920654297,87965400,-0.018929891009355937,-1
2022-09-15,152.41950862141564,153.00101060134492,149.19668199140034,150.17239379882812,90481100,-0.01096030380123425,-1
2022-09-16,149.02911266156946,149.16709284731172,146.2300624042499,148.52645874023438,162278800,0.025083035146494348,1
2022-09-19,147.15652109079085,152.33080110123336,146.94955831205283,152.251953125,81474200,0.01566558936153828,1
2022-09-20,151.1875492113153,155.800058716333,150.87217230085707,154.63706970214844,107689800,-0.020268010749637688,-1
2022-09-21,155.07066751536726,156.45048421352996,151.3846194942398,151.5028839111328,101696800,-0.006375030932451398,-1
2022-09-22,150.18223999013938,152.24209247430875,148.73344048207258,150.53704833984375,86652500,-0.015123769511745655,-1
2022-09-23,149.00940896271652,149.28536935652284,146.41733629369975,148.26036071777344,96029900,0.0022602013443058233,0
2022-09-26,147.50146783564452,151.55219019297488,147.48175208341434,148.595458984375,93339400,0.0065664087722439035,1
2022-09-27,150.53707403917747,152.48851277634017,147.78730509985635,149.57119750976562,84442700,-0.012651727176627325,-1
2022-09-28,145.5105969943164,148.46732818361193,142.75097820989805,147.67886352539062,146691400,-0.04911904819471058,-1
2022-09-29,143.99281757061257,144.6038705485337,138.65097655674526,140.42501831054688,128138200,-0.03003902902717337,-1
2022-09-30,139.2423671597571,141.03612515991253,136.00967464661605,136.206787109375,124925300,0.030752433666784373,1
2022-10-03,136.21663934873945,141.0065454207756,135.7041349641021,140.39547729492188,114311700,0.025622875357109498,1
2022-10-04,142.9382384476115,144.11107754403744,142.1793399077984,143.99281311035156,87830100,0.0020532573153384526,0
2022-10-05,141.99208622138215,145.25434369926734,140.94736196435568,144.28846740722656,79471000,-0.006625466405825953,-1
2022-10-06,143.7070131726072,145.41205756578128,143.12552621752397,143.33248901367188,68402200,-0.036718717896471964,-1
2022-10-07,140.4841648717613,141.03610072606975,137.4387349893986,138.0695037841797,85925600,0.002355633068513052,0
2022-10-10,138.39474487304688,139.84354452092543,136.5714361256321,138.39474487304688,74899000,-0.01025497919587981,-1
2022-10-11,137.88223882715224,139.31133774176766,136.22647641502994,136.9755096435547,77033700,-0.0046049678800761384,0
2022-10-12,137.123356205743,138.33561191162715,136.16734514961954,136.34474182128906,70433700,0.033612933774525455,1
2022-10-13,133.04307103462438,141.51902589270472,132.43200294708785,140.9276885986328,113224000,-0.032239958327545226,-1
2022-10-14,142.22865171308297,142.43562955432296,136.19692370577835,136.38418579101562,88598000,0.029122493279872153,1
2022-10-17,139.03536366842835,140.83895646188824,138.24689900930798,140.3560333251953,85250900,0.009409490134831389,1
2022-10-18,143.39162165141138,144.58416155365336,138.5820004582486,141.6767120361328,99136600,0.0007652188897595558,0
2022-10-19,139.6464251768979,142.85940118883795,139.45916311704835,141.78512573242188,61758300,-0.003267100945649082,0
2022-10-20,140.95724070036255,143.7858421579012,140.59256694794956,141.3218994140625,64522000,0.027059153034139083,1
2022-10-21,140.80940185727815,145.71758686598037,140.59257368233722,145.1459503173828,86548600,0.014802857567871364,1
2022-10-24,145.06712585230207,148.06327424087988,143.89428645377873,147.29452514648438,75981900,0.019337323349384095,1
2022-10-25,147.92525860269856,150.2906525903393,147.20579155352908,150.14280700683594,74732300,-0.01962710672080481,-1
2022-10-26,148.78271775892205,149.79786091510002,145.90481954516318,147.19593811035156,88194300,-0.030465344747747758,-1
2022-10-27,145.9344043483702,146.90026566861184,142.05122827640076,142.71156311035156,109180200,0.07555257841414464,1
2022-10-28,146.06252959255997,155.2284000306861,145.68802050452555,153.49378967285156,164762400,-0.01541040993724363,-1
2022-10-31,150.9509907934603,152.01541585586838,149.72886978727786,151.12838745117188,97943200,-0.01754249395467644,-1
2022-11-01,152.8433340164017,153.20799281581503,146.9791519154273,148.4772186279297,80379300,-0.037305293412957075,-1
2022-11-02,146.80169249277182,149.97525166506418,142.90866631469993,142.938232421875,93604600,-0.04240488492249883,-1
2022-11-03,140.01108109963562,140.74041357111363,136.74882328898968,136.876953125,97918500,-0.0019473002668340955,0
2022-11-04,140.27296098274414,140.8455457973991,132.6615642734104,136.61041259765625,140814800,0.003902310983033397,0
2022-11-07,135.35665734492238,137.37056348588823,133.93506945075268,137.1435089111328,83374600,0.004175086842362674,0
2022-11-08,138.61446164278013,139.6214071902777,135.7318039714629,137.71609497070312,89908500,-0.03319013686099237,-1
2022-11-09,136.72886334632145,136.77822695953947,132.86886077303504,133.14527893066406,74917800,0.08897467272089044,1
2022-11-10,139.43384265889435,144.99183654785156,137.7160881791185,144.99183654785156,118854000,0.01926883132668955,1
2022-11-11,143.95528678900914,148.09169315452817,142.523817082341,147.78565979003906,93979700,-0.009485734074210161,-1
2022-11-14,147.0649830587826,148.35822845841318,145.544668037547,146.38380432128906,73374100,0.01186939908430884,1
2022-11-15,150.2734222564666,151.6258979697989,146.66022247085542,148.1212921142578,89868300,-0.008331069567706795,-1
2022-11-16,147.22294689122086,147.9534742124063,145.4064651591236,146.8872833251953,64218300,0.012971509093997247,1
2022-11-17,144.55748402489598,149.5429089514445,144.28106579714384,148.79263305664062,80389400,0.003781557158582638,0
2022-11-18,150.36226138845927,150.74727347635653,148.05218886107582,149.3553009033203,74829600,-0.02168009498016432,-1
2022-11-21,148.2397789385964,148.4470850528785,145.83097890062086,146.1172637939453,58724100,0.014661117899535947,1
2022-11-22,146.23573346771818,148.49644255294848,145.05106689456673,148.25950622558594,51804100,0.005926308633862565,1
2022-11-23,147.53884398667913,149.88841358362208,147.4302500541231,149.1381378173828,58301400,-0.019593679790814722,-1
2022-11-25,146.41341229167975,146.97613037369675,145.23862757756845,146.21597290039062,35195900,-0.02626426963571793,-1
2022-11-28,143.28395040385445,144.76476841756258,141.54646269068775,142.37571716308594,69246000,-0.021148173214650345,-1
2022-11-29,142.4448277773216,142.95818228893546,138.55522474324414,139.36473083496094,83763800,0.04859391462572504,1
2022-11-30,139.59178750228543,146.8181874388057,138.75266623992653,146.1370086669922,111380900,0.0018913600846173217,0
2022-12-01,146.31469421224674,147.22292742638413,144.735149018476,146.4134063720703,71250400,-0.003371112400393117,0
2022-12-02,144.09349682237342,146.10740304717433,143.78744839224407,145.91983032226562,65447400,-0.007983058039724322,-1
2022-12-05,145.8803652630535,148.99007797137995,143.9059406701696,144.75494384765625,68826400,-0.025370362171723282,-1
2022-12-06,145.1892636809204,145.41631820372012,140.10511327657744,141.08245849609375,64727200,-0.013784693455966779,-1
2022-12-07,140.37169521657745,141.53659829976584,138.20969824104947,139.13768005371094,69721100,0.012132880672503399,1
2022-12-08,140.53953599940877,141.68470582050676,139.2956539918693,140.82582092285156,62128300,-0.00343487344082527,0
2022-12-09,140.5197930315224,143.70849955790823,139.09820493093716,140.34210205078125,76097000,0.01638985111106761,1
2022-12-12,140.87517003337655,142.65215490653637,139.2561427186447,142.6422882080078,70462700,0.006782371588984093,1
2022-12-13,147.5882046530128,148.05219553159674,142.39547458111565,143.6097412109375,93886200,-0.015535814921318392,-1
2022-12-14,143.49128007302596,144.78452547159364,139.35485909896488,141.37864685058594,82291200,-0.04685414787136344,-1
2022-12-15,139.3055198563437,139.98669871245937,134.29047986707778,134.7544708251953,98931900,-0.014578878754570868,-1
2022-12-16,134.94203206743774,135.8897473019235,132.01987745650547,132.78990173339844,160156900,-0.015909646390889765,-1
2022-12-19,133.38222793972224,133.47107341378072,129.64070069453433,130.67726135253906,79592600,-0.0005289544159228221,0
2022-12-20,129.70977258242192,131.5459873422408,128.2289547136537,130.60813903808594,77432800,0.023809704615963323,1
2022-12-21,131.27946507821224,135.06048935091275,131.05241050570748,133.71788024902344,85928000,-0.023772798826017683,-1
2022-12-22,132.63193156053958,132.83923763447277,128.6337201487229,130.53903198242188,77852100,-0.002798010895608938,0
2022-12-23,129.24580060550824,130.72661868998517,127.9821703785141,130.1737823486328,63814900,-0.013878213855731292,-1
2022-12-27,129.69994527084378,129.72956043211943,127.07395717087712,128.36720275878906,69007800,-0.03068543137240687,-1
2022-12-28,128.0117765700734,129.35438547518544,124.26037553788484,124.4281997680664,85438400,0.02832451399845226,1
2022-12-29,126.3532816511138,128.81143780896,126.09661191364768,127.95256805419922,75703700,0.002468845177320711,0
2022-12-30,126.76791156272076,128.28821159493137,125.80044037402875,128.26846313476562,77034200,-0.03740476376846524,-1
2023-01-03,128.6139854814398,129.22605213593528,122.58211921528644,123.47061157226562,112117500,0.01031424521458213,1
2023-01-04,125.26733892869382,127.01470850998555,123.4804874926226,124.7441177368164,89113600,-0.01060465512256814,-1
2023-01-05,125.50426745503847,126.13608257581905,123.16457967496471,123.42124938964844,80962700,0.03679411661073351,1
2023-01-06,124.39859654565812,128.6238555191488,123.29291630250204,127.9624252319336,87754700,0.004088946465333754,0
2023-01-09,128.8015718603827,131.70397802412538,128.22898699932043,128.48565673828125,70790800,0.004456420071359712,0
2023-01-10,128.59425187274505,129.5814640429866,126.48161843097463,129.05824279785156,63896200,0.021112180583476414,1
2023-01-11,129.57158328133335,131.8026771210122,128.7916923794983,131.78294372558594,69458900,-0.0005994307665569965,0
2023-01-12,132.16793979306604,132.54307008824253,129.75914024116136,131.70394897460938,71379600,0.010119274505146825,1
2023-01-13,130.34161256817276,133.19465493922883,129.97634891095512,133.0366973876953,57809700,0.008756358321138302,1
2023-01-17,133.1058083537203,135.53434166770566,132.4147629011091,134.2016143798828,63646600,-0.005369960353776793,-1
2023-01-18,135.0703691429246,136.83747220518643,133.3032510170013,133.48095703125,69672800,0.0004437683131590653,0
2023-01-19,132.36540678256628,134.50765533885576,132.0593734264766,133.54019165039062,58280400,0.019220744793291278,1
2023-01-20,133.55005775379874,136.2550244536786,132.50361529041555,136.10693359375,80223600,0.023500477135179887,1
2023-01-23,136.35374163026458,141.48725702280552,136.1365537453342,139.30551147460938,81760300,0.010062844445593244,1
2023-01-24,138.5157093840139,141.32926952973608,138.505842687211,140.7073211669922,66435100,-0.004700590311986441,0
2023-01-25,139.0883167228264,140.60861677861874,137.03491367991992,140.04591369628906,65799300,0.014803363982911932,1
2023-01-26,141.33915831562229,142.4053492196724,140.08539469738815,142.1190643310547,54105100,0.013684256298237552,1
2023-01-27,141.3292912944412,145.34723680622537,141.25031251687773,144.06385803222656,70555800,-0.020078126381883776,-1
2023-01-30,143.10626796433064,143.68871946900538,141.02324989890042,141.17132568359375,64015300,0.009020835287907092,1
2023-01-31,140.87514553812727,142.4941725713441,140.46051831709534,142.44480895996094,65874500,0.007900902202755189,1
2023-02-01,142.1289302044529,144.7351696002277,139.51282411039048,143.57025146484375,77663600,0.0370627334196334,1
2023-02-02,146.9958966630842,149.24673936752703,146.27523594496205,148.891357421875,118339000,0.02439979978978757,1
2023-02-03,146.13701293629845,155.36745253753844,145.93957351960248,152.52427673339844,154357300,-0.017928774506091538,-1
2023-02-06,150.61897306818702,151.14219433077403,148.8518547888618,149.78970336914062,69858300,0.019244509667178722,1
2023-02-07,148.7136179890826,153.2449175425215,148.7136179890826,152.67233276367188,83322600,-0.017652631033985844,-1
2023-02-08,151.91220679965525,152.60325227526124,149.2368553096487,149.97726440429688,64120100,-0.00691165144456507,-1
2023-02-09,151.81346444457745,152.35643407265164,148.49643142830433,148.940673828125,56007100,0.0024564141946461504,0
2023-02-10,147.77403058031547,149.63281307537432,147.53673245711806,149.30653381347656,57450700,0.018806528759003793,1
2023-02-13,149.2471763928944,152.51983488560623,149.21751602061343,152.11447143554688,62199000,-0.004224707577730635,0
2023-02-14,150.40401334935044,152.03540966135478,149.1582321456351,151.47183227539062,61707600,0.013903190717546199,1
2023-02-15,151.38281594677636,153.745854522139,151.1554147270533,153.57777404785156,65573800,-0.010429341731385988,-1
2023-02-16,151.77830301928833,154.5664988468429,151.6201193880744,151.97605895996094,68167900,-0.007546559439384093,-1
2023-02-17,150.6314217151784,151.27408335489702,149.14834246660095,150.82916259765625,59144100,-0.02668001383951424,-1
2023-02-21,148.50563686680903,149.59323413897312,146.735835945734,146.80503845214844,58867200,0.002896056185340168,0
2023-02-22,147.19063687139987,148.25845552223066,145.4999353225789,147.23019409179688,51011300,0.0032905380293957176,0
2023-02-23,148.3968793904493,148.6440592209031,145.57903837527164,147.71466064453125,48394200,-0.018005236850336614,-1
2023-02-24,145.45050490064946,145.5296042594395,144.07618560082526,145.05502319335938,55469600,0.00824756062436749,1
2023-02-27,146.04375066348234,147.48727255329774,145.7866739614647,146.25137329101562,44998500,-0.0034477757850247537,0
2023-02-28,145.39119175781394,147.3982909462784,145.17367228142913,145.74713134765625,50547000,-0.014245864917641793,-1
2023-03-01,145.17369536359,145.56917715444587,143.3742185158702,143.67083740234375,55479000,0.0041289934207144885,0
2023-03-02,142.75131384795435,145.05503189340783,142.27671766674902,144.26405334472656,52238100,0.035090103759177316,1
2023-03-03,146.3700174255545,149.4053933099208,145.66803508048022,149.3262939453125,70732300,0.018539383019927635,1
2023-03-06,152.05515407809082,154.53684949594242,151.72888994336137,152.09471130371094,87558000,-0.014496554313195631,-1
2023-03-07,151.96616367909397,152.29244288057856,149.42516275115915,149.88986206054688,56182000,0.008377224406511008,1
2023-03-08,151.08620232381537,151.73876071934626,150.11726157953802,151.14552307128906,47204800,-0.014914381170894164,-1
2023-03-09,151.82777955050608,152.79672053544238,148.53534146802153,148.8912811279297,53833600,-0.013878932404320254,-1
2023-03-10,148.51554589298388,149.23730682187812,145.94486944980744,146.8248291015625,68572400,0.013266042506208553,1
2023-03-13,146.1426162263365,151.4124925875259,146.03385648579933,148.77261352539062,84457100,0.014089080552313948,1
2023-03-14,149.57346291926223,151.66954312555754,148.40678132116508,150.86868286132812,73695900,0.0026214357162146484,0
2023-03-15,149.48447760738804,151.52123700910988,148.22879983662045,151.26417541503906,77167900,0.018694072952268215,1
2023-03-16,150.443542077547,154.69503836094125,149.92940378389787,154.0919189453125,76161100,-0.005453941588549949,-1
2023-03-17,154.31932940774055,154.97188784795392,152.53963142836827,153.2515106201172,98944600,0.015483759581205403,1
2023-03-20,153.32071734921686,156.03969557063917,152.4110822679711,155.62442016601562,73641400,0.011944207874456714,1
2023-03-21,155.5453489444009,157.60187209543255,154.77413390443738,157.4832305908203,73938300,-0.009103442449006738,-1
2023-03-22,157.50300984854792,160.31096943804832,156.029812451383,156.04959106445312,75701800,0.006969486057605501,1
2023-03-23,157.03831361968307,159.7276317574304,155.90127718884906,157.13717651367188,67622100,0.008305381689240665,1
2023-03-24,157.06794158008978,158.53124185441158,156.06934056292735,158.4422607421875,59196500,-0.012293050088639124,-1
2023-03-27,158.13580009435265,158.9564390941657,156.0891434767474,156.49452209472656,52390300,-0.003980294509812521,0
2023-03-28,156.188025298689,156.70216367834936,154.22046800357575,155.8716278076172,45992200,0.01979040455681602,1
2023-03-29,157.5721744456201,159.23323055057568,157.55241092396736,158.95639038085938,51305700,0.009890120016902593,1
2023-03-30,159.70784921727477,160.6372479005565,159.45078759523014,160.5284881591797,49501700,0.015644089409190487,1
2023-03-31,160.60756909681194,163.13868814753852,160.0835490630284,163.03981018066406,68749800,0.007701747977557627,1
2023-04-03,162.41694087425697,164.4141432098461,162.36750188667764,164.29550170898438,56976200,-0.0032497559734269155,0
2023-04-04,164.7206403425892,164.95792331758295,163.24744316398008,163.76158142089844,46278300,-0.011290146296047632,-1
2023-04-05,162.88164511746857,163.1881457283857,159.9748075653386,161.91268920898438,51511700,0.005495843507418163,1
2023-04-06,160.5976809407093,163.09915484076092,160.17253885078875,162.8025360107422,45390100,-0.015972366650992553,-1
2023-04-10,159.59907481013732,160.2021942138672,158.2741945090455,160.2021942138672,47716900,-0.007591095961324346,-1
2023-04-11,160.5186020856557,160.52848384854775,158.6993469072352,158.986083984375,47644200,-0.004353166504659778,0
2023-04-12,159.40135205289505,160.23187277591592,157.9775936210526,158.2939910888672,50133100,0.034103579589462196,1
2023-04-13,159.8067227797579,163.92968090167284,159.59908506589906,163.6923828125,68445600,-0.0021139579766258354,0
2023-04-14,162.73332768738865,164.44382316709542,161.9720245871667,163.34634399414062,49386500,0.0001208773490981585,0
2023-04-17,163.2276687659828,163.52428757903846,162.1796287016244,163.3660888671875,41516200,0.007504791544465261,1
2023-04-18,164.22629596467013,165.52151594579726,163.78136017187086,164.5921173095703,49923000,0.006968390451619566,1
2023-04-19,163.92970090005386,166.26307959159772,163.67262416708968,165.7390594482422,47720200,-0.005846504401864294,-1
2023-04-20,164.2163849134918,165.97630406053003,163.6923648914332,164.7700653076172,52456400,-0.009780827126610103,-1
2023-04-21,163.18813815793777,164.5723392677561,162.63445771401044,163.15847778320312,58337300,0.0018785618747050314,0
2023-04-24,163.13870186497232,163.73193954278202,162.04122272168698,163.46498107910156,41949600,-0.009435592295265138,-1
2023-04-25,163.32657200300784,164.4339329839802,161.883034935673,161.92259216308594,48714100,-6.115856946997678e-05,0
2023-04-26,161.22058862196803,163.41554697412082,160.96352700012233,161.91268920898438,45498800,0.02839514433457002,1
2023-04-27,163.32654598880194,166.65852525119462,163.32654598880194,166.51022338867188,64902300,0.007541044538815989,1
2023-04-28,166.589321099478,167.9339799574928,165.9862017200745,167.76588439941406,55275900,-0.0005302552455932474,0
2023-05-01,167.37042504765017,168.52722497825897,166.7376452115908,167.6769256591797,52472900,-0.0061913526179886436,-1
2023-05-02,168.17129693616403,168.42837366285386,165.6500591818085,166.63877868652344,48425700,-0.006467451813912839,-1
2023-05-03,167.58792807875122,168.9919077307227,165.27432844465707,165.56105041503906,65136000,-0.00991335742933619,-1
2023-05-04,163.0299431104764,165.15568380990734,162.45648404157697,163.91978454589844,81235400,0.04692698177646526,1
2023-05-05,169.05125040031595,172.3338062754006,168.8337309104411,171.61204528808594,113453200,-0.000403493732910043,0
2023-05-08,170.53430297922057,171.88885869773142,170.168481660933,171.5428009033203,55962800,-0.00997106534656067,-1
2023-05-09,171.09789605728315,171.58235891028352,169.66425593732595,169.83233642578125,45326900,0.010420900668563604,1
2023-05-10,171.06824047843108,172.06684167430913,169.96086445482297,171.60214233398438,53724500,0.0010947777713163909,0
2023-05-11,171.8888865269506,172.62052928198048,170.2278299661715,171.79000854492188,49514700,-0.005417540456351344,-1
2023-05-12,171.89890853860956,172.3345492571858,169.3048853057611,170.8593292236328,45533100,-0.002897359458240323,0
2023-05-15,171.44347960387887,171.49298697857782,169.77023004875,170.36428833007812,37266700,0.0,0
2023-05-16,170.28507955206572,171.42367363249335,170.0969605927275,170.36428833007812,42110300,0.0036030471668859754,0
2023-05-17,170.00783790944186,171.21573009717264,168.7306172756303,170.97811889648438,57951600,0.013666128167741709,1
2023-05-18,171.2850464654308,173.50284672542747,170.86921174934298,173.31472778320312,65496700,0.0006284361272768102,0
2023-05-19,174.64144781679403,174.64144781679403,173.20582466782196,173.42364501953125,55809500,-0.00548071302148645,-1
2023-05-22,172.25533943207657,172.97811385055638,171.73059450812943,172.47315979003906,43570900,-0.015155087483625262,-1
2023-05-23,171.41375772100255,171.66127945739515,169.5820908286863,169.85931396484375,50747300,0.0016320664037585697,0
2023-05-24,169.39397044171028,170.71078788094945,168.82962874348078,170.13653564453125,45143500,0.006692425552920378,1
2023-05-25,170.70090944955888,172.17612946392208,169.9880455752579,171.27516174316406,56058300,0.014104800587348088,1
2023-05-26,171.60189457506775,174.02760482348145,171.39396964747598,173.6909637451172,54835000,0.010659481924422343,1
2023-05-30,175.20579349606086,177.21566879798618,174.81966018947244,175.54241943359375,55964400,-0.00028189341977480353,0
2023-05-31,175.57214396008078,177.5721240946458,175.00778707206032,175.49293518066406,99625300,0.016022460450539233,1
2023-06-01,175.9384564736909,178.33446519527467,175.17608525533697,178.3047637939453,68901800,0.004775282894070809,0
2023-06-02,179.2354282464183,179.97799341291704,177.48297022337377,179.15621948242188,61996900,-0.007570958358366298,-1
2023-06-05,180.8196037452728,183.1165978576715,176.27509267968756,177.79983520507812,121946500,-0.0020602817128649864,0
2023-06-06,178.18597822020433,178.33448524354625,175.6711485030586,177.4335174560547,64848400,-0.007756347175245093,-1
2023-06-07,176.67113061333816,179.41367589423808,175.56223798316736,176.05728149414062,61944600,0.015465037974222717,1
2023-06-08,176.1364684949153,179.04732664647344,175.70084291207064,178.78001403808594,50214900,0.002159684350149238,0
2023-06-09,179.70076268646082,180.42352185448632,178.83939196419036,179.16612243652344,48900000,0.015638957842264878,1
2023-06-12,179.47308536155512,182.06710862095264,179.17605622243772,181.9680938720703,54274900,-0.002611806788852755,0
2023-06-13,180.98788948565831,182.32449774459167,180.63145759510397,181.49282836914065,54929100,0.0034914161506076624,0
2023-06-14,181.5522431050323,182.56213604593384,180.21563475820471,182.12649536132812,57462900,0.011198791002762887,1
2023-06-15,182.136425495302,184.67104599748652,181.95820196536692,184.1660919189453,65433200,-0.00585989040647783,-1
2023-06-16,184.87895397960628,185.1363862861082,182.4433482525156,183.08689880371097,101256200,0.000486632685998023,0
2023-06-20,182.5819517231594,184.25520121093788,182.5819517231594,183.17599487304688,49799100,-0.00567523075695342,-1
2023-06-21,183.06709801295077,183.5720521007454,180.7799992383261,182.1364288330078,49515700,0.016525121742207105,1
2023-06-22,181.91857754734076,185.1957628610581,181.84926421078353,185.1462554931641,51245300,-0.0017111782059046066,0
2023-06-23,183.7106491987163,185.7007186660485,183.17599374881704,184.82943725585935,53117000,-0.007552970853915042,-1
2023-06-26,184.9779592329188,186.18586660248252,183.39381396241689,183.4334259033203,48088700,0.015059028025886656,1
2023-06-27,184.04726807160984,186.52248552112175,183.8294477274505,186.1957550048828,50730800,0.006327870666112068,1
2023-06-28,186.06705547946467,188.01752821246563,185.74034004157735,187.3739776611328,51216800,0.0017966176973926995,0
2023-06-29,187.20567806322865,188.1858697695927,187.0670664680638,187.7106170654297,46347300,0.023102385886036414,1
2023-06-30,189.7303801784341,192.5521191164762,189.3640377084909,192.04718017578125,85213200,-0.00778459946461163,-1
2023-07-03,191.85907691511048,191.95809166806356,189.85909674419335,190.5521697998047,31458200,-0.005871543999704798,-1
2023-07-05,189.67096065277283,191.06697174397888,188.73036598215447,189.4333343505859,46920300,0.0025087994453030227,0
2023-07-06,187.95811200082892,190.11650951153769,187.32445692665848,189.90858459472656,45094300,-0.005891281502772627,-1
2023-07-07,189.51255404191053,190.7600582083635,188.35415407859097,188.7897796630859,46815000,-0.010855906800607329,-1
2023-07-10,187.3838458679872,188.1066202001988,185.18585168727856,186.74029541015625,59922200,-0.0028098875881542584,0
2023-07-11,187.28487201023415,187.42348359441797,184.75025155228488,186.215576171875,46638100,0.008985544203194085,1
2023-07-12,187.7997051463105,189.7996852254477,186.60170827121755,187.88882446289065,60750200,0.004057585011290721,0
2023-07-13,188.6116025020443,189.294765054296,187.8987385438278,188.6511993408203,41342300,0.0007871592424280038,0
2023-07-14,188.34425119556795,189.28483085110776,187.75020804300397,188.79969787597656,41616200,0.017305498822169918,1
2023-07-17,189.9976776399959,192.39370132812152,189.9085734412509,192.0669708251953,50520200,-0.001340239659002207,0
2023-07-18,191.43333225746687,192.4036133115075,190.51254346863507,191.80955505371097,48288200,0.007071595238062889,1
2023-07-19,191.1857808476927,196.26491622319193,190.74022966968735,193.16595458984375,80507300,-0.010097221620996466,-1
2023-07-20,193.15607727761312,194.52240222913113,190.59175546623808,191.21551513671875,59581200,-0.006161752383992303,-1
2023-07-21,192.17588392818155,193.03725474426253,189.33432409540023,190.03729248046875,71951700,0.00422015428586664,0
2023-07-24,191.49274025459553,192.97787083183135,190.3442356490594,190.8392791748047,45377800,0.004513529113622017,0
2023-07-25,191.4135192381226,192.51251639930572,191.00757994716116,191.7006378173828,37283200,0.004544907135414222,0
2023-07-26,191.75012548540775,193.70059786031172,191.40360413966724,192.5718994140625,47471900,-0.0065809366301776695,-1
2023-07-27,194.07684234558644,195.24513765991685,190.64123952357383,191.3045959472656,47460200,0.01350797114985669,1
2023-07-28,192.7402284005584,194.68080550669023,192.2154835157043,193.88873291015625,48291400,0.0031660482523698796,0
2023-07-31,194.1164606567971,194.54220593555127,193.3243880114047,194.50259399414065,38824100,-0.0042759342216107665,0
2023-08-01,194.29467332466547,194.77980627337752,193.34418318178373,193.67091369628903,35175100,-0.015489878720498895,-1
2023-08-02,193.1065805270162,193.24519211613384,189.9482153815842,190.6709747314453,50389300,-0.007321652460708261,-1
2023-08-03,189.67099202259732,190.46304961249737,188.79971054467111,189.2749481201172,61235200,-0.0480201136329651,-1
2023-08-04,183.68094960257173,185.52251207833032,180.11663025996506,180.1859436035156,115956800,-0.017253769392749252,-1
2023-08-07,180.32454086912372,181.31462781819695,175.5919264611557,177.07705688476562,97576100,0.005311625532683495,1
2023-08-08,177.9087137403543,178.48296594319257,175.81962982094473,178.0176239013672,67823000,-0.008954222421804992,-1
2023-08-09,179.07704055404358,179.13644336005612,175.25530392276485,176.42361450195312,60378500,-0.001234810498925043,0
2023-08-10,177.7007905335651,178.95820511217872,175.83943745613908,176.2057647705078,54686900,0.0003376394559631013,0
2023-08-11,175.7993034466227,177.0881424893324,175.03590276334816,176.2652587890625,52036700,0.009393233215486463,1
2023-08-14,176.44373225185288,178.14898275911253,175.78938877461678,177.92095947265625,43675600,-0.011200467092067123,-1
2023-08-15,177.34590561297395,177.94075085454938,175.53159812671015,175.92816162109375,43622600,-0.0049590498496568935,0
2023-08-16,175.61092006059548,177.0088162608788,174.9863181633248,175.05572509765625,46964900,-0.014555040195417646,-1
2023-08-17,175.6208528452633,175.98767489704687,171.99223724872292,172.50778198242188,66062900,0.002816070450852637,0
2023-08-18,170.82235510894964,173.59834528388794,170.48527458580276,172.9935760498047,61172200,0.00773675794436901,1
2023-08-21,173.56859991663836,174.61950689363672,172.25000423465377,174.3319854736328,46311900,0.007904930765553875,1
2023-08-22,175.5415274877659,176.15620551446153,174.73847648439144,175.71006774902344,42038900,0.021948905524676432,1
2023-08-23,176.9890180826326,179.99303161559698,176.80064510070915,179.56671142578125,52722800,-0.02617036044270249,-1
2023-08-24,179.12058855477642,179.54690878007156,174.5005486639036,174.8673858642578,54945800,0.01264298620545401,1
2023-08-25,175.8587845923081,177.6135940867137,174.3121656551708,177.07823181152344,51449600,0.008846101580879173,1
2023-08-28,178.54553539179292,179.04124736642365,177.018749166219,178.64468383789062,43820700,0.021810254450548516,1
2023-08-29,178.1588778766287,183.31427930675537,177.9605961154563,182.5409698486328,53003900,0.01917235677825091,1
2023-08-30,183.35395983897268,186.23900735465395,183.1556780614674,186.04071044921875,60813900,0.001172291115980384,0
2023-08-31,186.22906281435257,187.4980842034032,185.8721496031866,186.25880432128903,60794500,0.008463414676106673,1
2023-09-01,187.86493132785435,188.2912363685708,186.66530168187228,187.8351898193359,45766500,0.0012666971406178895,0
2023-09-05,186.66529992482816,188.350717612699,186.00104769428793,188.0731201171875,45280000,-0.03579334326391659,-1
2023-09-06,186.78426205503197,187.2304149251444,179.91370149278592,181.3413543701172,81755800,-0.029249384086869612,-1
2023-09-07,173.6776376395152,176.68166607969957,172.0517029915355,176.0372314453125,112488800,0.003491703401366175,0
2023-09-08,176.82045661878996,178.6942471635063,176.265246533602,176.6519012451172,65551300,0.006622580052498606,1
2023-09-11,178.52571023294755,178.75373349578624,175.8191120741523,177.82179260253906,58953100,-0.01706046193454469,-1
2023-09-12,177.95071595688535,178.58522677149583,173.32076725641124,174.78807067871094,90370200,-0.011854915328456062,-1
2023-09-13,174.99623588192003,175.77946927367296,172.48793449989455,172.71597290039062,84267900,0.008782577859009155,1
2023-09-14,172.50778112260195,174.58977763559852,172.09138484558866,174.2328643798828,60895800,-0.004153951583063531,0
2023-09-15,174.9665039932106,174.98633670911127,172.32932763975032,173.5091094970703,109259500,0.01691323780396492,1
2023-09-18,174.96648328990372,177.8416216381054,174.65914430549358,176.44371032714844,67257600,0.006180959517581908,1
2023-09-19,175.99759154247158,178.08949677364237,175.61093679016653,177.5343017578125,51826900,-0.01999228527167607,-1
2023-09-20,177.72264255589144,178.158871491594,173.8957457034938,173.9849853515625,58436200,-0.008889450180139424,-1
2023-09-21,173.05304760725463,174.78803946069445,172.3689626845727,172.4383544921875,63149100,0.004944553186820189,0
2023-09-22,173.17201907467273,175.56135441857745,172.55734106823024,173.29098510742188,56725400,0.007380337309864871,1
2023-09-25,172.70604916227998,175.4522977411563,172.65647493916612,174.56993103027344,46172700,-0.02339839248152309,-1
2023-09-26,173.32074847329434,173.69747930093746,170.1878450472042,170.4852752685547,64588900,-0.008897403123605208,-1
2023-09-27,171.1396202080804,171.55601650720317,167.60024410157126,168.96839904785156,66921800,0.0015255321414260337,0
2023-09-28,167.88773731405627,170.55467030699108,166.18248681585104,169.22616577148438,56294400,0.003046507044016211,0
2023-09-29,170.5447655196905,171.58576377459906,168.87916528625075,169.74171447753906,51861100,0.01483550312368731,1
2023-10-02,169.75161672914737,172.8052044328195,169.46409530048962,172.25991821289062,52164500,-0.007769797504275311,-1
2023-10-03,170.78269477378157,172.14095595651972,169.3550569046923,170.92149353027344,49594600,0.007308656841027883,1
2023-10-04,169.62273306372262,172.71598631340495,169.5037670214799,172.1707000732422,53020300,0.007197932463316237,1
2023-10-05,172.29956799243436,173.94533544106068,171.19908676207933,173.40997314453125,48527900,0.014750546345862148,1
2023-10-06,172.30950772319366,176.46357702906525,171.6948145080504,175.96786499023438,57266700,0.008451097489384107,1
2023-10-09,175.29367439346143,177.51446959158443,174.2923416030924,177.45498657226562,42390800,-0.0033521959742692786,0
2023-10-10,176.57261638357625,178.17871838563994,176.42389371024447,176.86012268066406,43698000,0.007904005839161732,1
2023-10-11,176.67174177957318,178.30760034526705,176.07689649671707,178.25802612304688,47551100,0.005061153103348204,1
2023-10-12,178.52570660256114,180.7762279340573,177.50452608120557,179.16021728515625,56743100,-0.01029260114854702,-1
2023-10-13,179.86414450043375,180.3697653062864,176.61227491408687,177.31619262695312,51427100,-0.0007268991585112072,0
2023-10-16,175.2341951108354,177.5442148871955,174.99624790055657,177.1873016357422,52517000,-0.008784594270120794,-1
2023-10-17,175.13507100334587,176.889895994256,173.30094539258255,175.6307830810547,57549400,-0.007395045359573804,-1
2023-10-18,174.07422069011992,176.05706860986896,173.60825021874456,174.3319854736328,54764400,-0.002160958828872128,0
2023-10-19,174.53027383635083,176.31484005715805,173.68757251536525,173.95526123046875,59302900,-0.014704133177875889,-1
2023-10-20,173.80655315689722,173.91561041088508,171.1594526769345,171.39739990234375,64244000,0.0006939560390644139,0
2023-10-23,169.4442697526279,172.51767489960218,168.4726633962427,171.51634216308594,55980100,0.0025433043651548193,0
2023-10-24,171.5659057161436,172.18058368172586,169.97962145460033,171.9525604248047,43816600,-0.013491603531538443,-1
2023-10-25,170.40595412753763,171.57582713235345,169.1864917714858,169.6326446533203,57157000,-0.024605549406339522,-1
2023-10-26,168.9088912991807,169.91023915738614,164.24920182104776,165.458740234375,70625300,0.007969287418531978,1
2023-10-27,165.4785656118454,167.5109876180873,165.3992498850538,166.77732849121094,58499100,0.012305397688674446,1
2023-10-30,167.57049222945847,169.7020478229813,167.42176954958222,168.82958984375,51131000,0.0028187660333811593,0
2023-10-31,167.89766069037708,169.43435579022267,166.4600837859852,169.30548095703125,44846000,0.018738502203214935,1
2023-11-01,169.5334819772275,172.73577684542204,168.6610241296242,172.47801208496094,56934900,0.020693378761074355,1
2023-11-02,174.01474271477764,176.25535548295753,173.95525969593038,176.0471649169922,77334800,-0.005181137874155084,-1
2023-11-03,172.74571998498175,175.30359567263832,171.8633532465518,175.13504028320312,79829200,0.014605080308251361,1
2023-11-06,174.86735256910734,177.8911833660216,174.69881232122145,177.69290161132812,63841300,0.014450744945463834,1
2023-11-07,177.64332285545842,180.8753743733685,177.4351323131202,180.2606964111328,70530000,0.005885014388120835,1
2023-11-08,180.78617090399572,181.87672821790488,180.03267898856913,181.321533203125,49340300,-0.002624570313709662,0
2023-11-09,181.3909282750837,182.54096853276508,180.2507816826859,180.84564208984375,53763500,0.023220074418447645,1
2023-11-10,182.63256439705196,185.2136688107188,182.19576071339824,185.04489135742188,66133400,-0.008583584107728304,-1
2023-11-13,184.46913200851657,184.67759686655455,182.8708357894957,183.45654296875,43627500,0.014285609724288717,1
2023-11-14,186.3354359145955,186.74245888927783,184.9456198398988,186.07733154296875,60108400,0.0030408952563576452,0
2023-11-15,186.48434792046905,188.12234646111895,186.41484954526325,186.64317321777344,53790500,0.009042215783111152,1
2023-11-16,188.191859451107,189.57175373642215,187.2785343944212,188.33084106445312,54412900,-0.00010548959080247666,0
2023-11-17,188.8669005505681,188.99596031021713,187.19912126214516,188.31097412109375,50922700,0.009278148191724123,1
2023-11-20,188.50949490320363,190.5148137000222,188.49957305665296,190.0581512451172,46505100,-0.0042306901501977245,0
2023-11-21,190.01848054916417,190.1276814709477,188.36062302598555,189.2540740966797,38134500,0.003514404430234652,0
2023-11-22,190.09788874466753,191.52740733771327,189.4426832554431,189.919189453125,39617700,-0.007004353979707112,-1
2023-11-24,189.48237920572873,189.5121598953073,187.8741613770549,188.58892822265625,24048300,-0.0009475406663320696,0
2023-11-27,188.53929229982836,189.28383984926063,187.5267033912,188.4102325439453,40552600,0.003214052095568354,0
2023-11-28,188.4003050715069,189.6908571482296,188.0230628104096,189.0157928466797,38415400,-0.005409555676162525,-1
2023-11-29,189.5121772909601,190.6935285788745,187.5962153955331,187.99330139160156,43014200,0.0030628240528316475,0
2023-11-30,188.45989087281944,188.93641225844013,186.82189215984647,188.569091796875,48794400,0.006791193183657507,1
2023-12-01,188.94631294335792,190.1673666680402,187.85430382511623,189.8497009277344,45704800,-0.009464563144641835,-1
2023-12-04,188.59886103241988,188.66835941071503,186.08725507958516,188.0528564453125,43389500,0.021063219192887672,1
2023-12-05,188.82719982806023,192.9867262414063,188.79740398889692,192.01385498046875,66628400,-0.005686985351030183,-1
2023-12-06,193.03637997744383,193.34412390879868,190.71339499767492,190.921875,41089700,0.010139338581307777,1
2023-12-07,192.22234982318224,193.58238532404093,192.18263213313443,192.85769653320312,47477700,0.007412223728831879,1
2023-12-08,192.78816888710017,194.56516412443645,192.26202318278135,194.2872009277344,53406400,-0.012927394008830584,-1
2023-12-11,191.7060905074991,192.0833327540296,190.02837438732865,191.77557373046875,60943700,0.007920383851185209,1
2023-12-12,191.6763547643133,193.30443173677244,190.3262410446256,193.2945098876953,52696900,0.016691442181243188,1
2023-12-13,193.67172809287345,196.5605765657659,193.433482543182,196.5208740234375,70404200,0.0007576562256388364,0
2023-12-14,196.58042720970235,198.16878635020208,194.7339485373248,196.66976928710935,66831600,-0.0027258232827342965,0
2023-12-15,196.093964566378,196.95763485816647,195.56781885438525,196.13368225097656,128538400,-0.008503310728634195,-1
2023-12-18,194.66443959475328,195.20052232582975,192.9768014723469,194.4658966064453,55751900,0.005360265908861184,1
2023-12-19,194.73395718814848,195.51820737110475,194.46591579616015,195.50828552246097,40714100,-0.01071402565131796,-1
2023-12-20,195.46854814025792,196.2428763965629,193.41360473632812,193.41360473632812,52242800,-0.000769986069247941,0
2023-12-21,194.67436895686495,195.647240164928,192.09326476649224,193.26467895507812,46482500,-0.00554746113824367,-1
2023-12-22,193.7610508645393,193.98938969071887,191.56712585784612,192.1925506591797,37149600,-0.0028407694760942404,0
2023-12-26,192.2025024386685,192.48046569413555,191.42817406303007,191.6465759277344,28919300,0.0005178447023228561,0
2023-12-27,191.09062871652011,192.09328069742187,189.7007974418798,191.74581909179688,48087700,0.0022262800035712793,0
2023-12-28,192.72862541967712,193.24484932489415,191.76567598880632,192.17269897460935,34049900,-0.005424071181802992,-1
2023-12-29,192.49037607711168,192.9867411677157,190.33615340163328,191.13034057617188,42672100,-0.03578667846939443,-1
2024-01-02,185.78943757371047,187.0700679228564,182.55314280656535,184.29042053222656,82488700,-0.007487627774161787,-1
2024-01-03,182.88074176951616,184.5286773848404,182.0964765011294,182.9105224609375,58414500,-0.012700104711482862,-1
2024-01-04,180.82578520690032,181.7589539428833,179.5650288616003,180.58753967285156,71983600,-0.0040130173380025225,0
2024-01-05,180.66696287937032,181.43135417752765,178.86018676112266,179.8628387451172,62379700,0.02417486469342789,1
2024-01-08,180.76622380895435,184.2507162227342,180.18051667398524,184.21099853515625,59144500,-0.0022634175725030348,0
2024-01-09,182.58292017691045,183.80397397190293,181.40156892129536,183.79405212402344,42841800,0.005671256102156574,1
2024-01-10,183.00977575706816,185.0448600742625,182.5828939937159,184.83639526367188,46792900,-0.003222454269382502,0
2024-01-11,185.18385896123664,185.6901609871056,182.2850890001184,184.2407684326172,49128400,0.00177814174332247,0
2024-01-12,184.7073562390581,185.382420570264,183.84368591687615,184.56837463378903,40477800,-0.012317010934225103,-1
2024-01-16,180.83572939974707,182.9204536449405,179.61466039771227,182.2950439453125,65603000,-0.005173481160951732,-1
2024-01-17,179.95220591318565,181.60012651740652,178.98925641635856,181.35194396972656,47317400,0.032570581555144695,1
2024-01-18,184.73713933247967,187.76496914507203,184.47903496158256,187.25868225097656,78005800,0.015533012254948853,1
2024-01-19,187.9535897974558,190.55453778649465,187.4473029046773,190.16737365722656,68903000,0.0121633092507476,1
2024-01-22,190.9020010109637,193.90997199821769,190.86228332421425,192.48043823242188,60133900,0.006653191059930119,1
2024-01-23,193.602222064805,194.3269107729025,192.4208708604592,193.76104736328125,42355600,-0.003483845584661416,0
2024-01-24,193.9993237123997,194.95235131957728,192.9271733347724,193.0860137939453,53631300,-0.0016966852996482817,0
2024-01-25,193.80077725921535,194.84314692565724,191.70611607825748,192.75840759277344,54822100,-0.009012781597476094,-1
2024-01-26,192.85767485186383,193.3441028913112,190.54461197208147,191.0211181640625,44594000,-0.003585898283855582,0
2024-01-29,190.614099077556,190.80272021826383,188.20177223046255,190.3361358642578,47145600,-0.01924583302903049,-1
2024-01-30,189.5518847070131,190.4056331853674,186.10711010289756,186.67295837402344,55859400,-0.019357519279170732,-1
2024-01-31,185.6802399646441,185.7398164976455,183.0098085943538,183.05943298339844,55467800,0.01334068740449168,1
2024-02-01,182.65244073831812,185.5909137406175,182.4836784167144,185.50157165527344,64885400,-0.00540518486791719,-1
2024-02-02,178.55244241438749,185.96813772334343,177.9468764270477,184.4989013671875,102551700,0.00984656762040892,1
2024-02-05,186.78216664518396,187.87417583998953,184.48896248395175,186.31558227539065,69668800,0.008631755708136124,1
2024-02-06,185.50154897397763,187.9337347140823,185.4122068995574,187.92381286621097,43490800,0.0005811246145692728,0
2024-02-07,189.2540738540102,189.66109684812312,187.238832875566,188.03302001953125,53439000,-0.0057546369646443996,-1
2024-02-08,188.0131716874575,188.1620751580878,185.98800874758209,186.95095825195312,40962000,0.004093856212095126,0
2024-02-09,187.5174970927484,188.8494643803939,186.8714052160575,187.71630859375,45155200,-0.009001822116672553,-1
2024-02-12,187.288900125969,187.53739935899367,185.66868027314752,186.02651977539065,41781900,-0.01127439151128573,-1
2024-02-13,184.6548126341336,185.09217370700773,182.4083698811328,183.92918395996097,56529500,-0.004809862433023282,0
2024-02-14,184.20749952407863,184.41623036442272,181.3447838047128,183.0445098876953,54630500,-0.0015747742686004207,0
2024-02-15,182.4481195157763,183.3824789542038,180.26132954316023,182.7562561035156,65434500,-0.008430328040628154,-1
2024-02-16,182.31889800876044,183.7403213725013,180.57940354414131,181.2155609130859,49752500,-0.004113877712654701,0
2024-02-20,180.69867728023533,181.33483464555084,178.91942962585208,180.47006225585935,53665600,0.004186082927224444,0
2024-02-21,180.8478012209779,181.79209525720324,179.57548638259638,181.22552490234375,41371400,0.011243857350079711,1
2024-02-22,182.37854224114136,183.84966853541172,181.36467634977905,183.26319885253903,52292200,-0.010034106453465697,-1
2024-02-23,183.89935895257477,183.92917764586625,181.13604881484736,181.42431640625,45119700,-0.007451245703889331,-1
2024-02-26,181.1459977034405,181.66286516303873,179.56553112991756,180.07247924804688,40867400,0.008114408413360197,1
2024-02-27,180.0128468267154,182.8159102315647,178.482083088638,181.53366088867188,54318900,-0.006625541418459835,-1
2024-02-28,181.4143549983027,182.02069366799873,179.04865286943277,180.33090209960935,48953900,-0.003693128020032743,0
2024-02-29,180.18179956174367,181.47399840204056,178.45223971391368,179.6649169921875,136682600,-0.006030309515801968,-1
2024-03-01,178.47214167082092,179.44625436004063,176.31517027538305,178.58148193359375,73563100,-0.025381261494409002,-1
2024-03-04,175.09254322615726,175.838040881393,172.74670999766127,174.04885864257812,81510100,-0.028440973742436926,-1
2024-03-05,169.73489700267342,171.00721175997333,168.60174119797853,169.09873962402344,95132400,-0.005878151660499764,-1
2024-03-06,170.03310800783655,170.2120353375331,167.6673905223103,168.10475158691406,68587700,-0.0007096361748522018,0
2024-03-07,168.13455182641533,169.7050685827557,167.47852546870348,167.98545837402344,71765100,0.010236717913688631,1
2024-03-08,167.9854678195768,172.6572499858552,167.92583043526673,169.705078125,76267000,0.011831546570912232,1
2024-03-11,171.90181348381185,173.33317133974063,171.01715691552084,171.71295166015625,60139500,0.0027785429799758177,0
2024-03-12,172.11054191154895,172.98526395951052,169.98338934079592,172.1900634765625,59825400,-0.012122487117010694,-1
2024-03-13,171.73284593382695,172.1503228051375,169.73490248954016,170.10269165039062,52488700,0.01092730885327664,1
2024-03-14,171.87200022180366,173.26358975503445,171.0171623179081,171.96145629882812,72913500,-0.002196515850602876,0
2024-03-15,170.14244776104985,171.583740234375,169.26772563447943,171.583740234375,121752700,0.006372393132111576,1
2024-03-18,174.51603957790343,176.64319229534289,172.4783429395777,172.67713928222656,75604200,0.013585124607997434,1
2024-03-19,173.29341963294198,175.54979689128342,171.9912860926869,175.02297973632812,55215200,0.014709197819134046,1
2024-03-20,174.66513949599232,177.59742736816406,174.0389165846836,177.59742736816406,53423100,-0.04085754605733727,-1
2024-03-21,175.98714219427453,176.42450322724187,169.81441519205438,170.3412322998047,106181300,0.005310170669852843,1
2024-03-22,170.7288907150358,172.01115512427612,169.03909913099622,171.2457733154297,71160100,-0.008300362397388183,-1
2024-03-25,169.54605342761408,170.90782428626645,168.43276661931924,169.82437133789062,54288300,-0.006672471003027036,-1
2024-03-26,168.97947557636294,170.39094937582044,168.5619986920605,168.69122314453125,57388400,0.021212448490992797,1
2024-03-27,169.38699247288517,172.55784458202757,169.0887904097557,172.2695770263672,60273300,-0.01055903355391774,-1
2024-03-28,170.71896018041463,171.1960744249358,169.4863986176142,170.45057678222656,65672700,-0.008455730727910282,-1
2024-04-01,170.16233265286536,170.22197004043582,168.46259127116116,169.00929260253906,46240500,-0.006998884905671132,-1
2024-04-02,168.06498070773253,168.32341441545842,167.2200773611407,167.826416015625,49329500,0.004797579198652313,0
2024-04-03,167.77673855420844,169.6553921834382,167.56800768828836,168.63157653808594,47691700,-0.004892394556039292,0
2024-04-04,169.2677258236611,170.88794562795422,167.8065643310547,167.8065643310547,53704400,0.004501803203692978,0
2024-04-05,168.5719309687928,169.36713152382467,167.9357735582051,168.56199645996094,42104800,-0.006663511024244895,-1
2024-04-08,168.01530178433154,168.1842794442996,167.23005087422234,167.43878173828125,37425500,0.00724241857576069,1
2024-04-09,167.68726532493085,169.05898582949538,167.33937552823474,168.6514434814453,42373800,-0.011139318292177514,-1
2024-04-10,167.7866623517303,168.07491474927153,166.10680533820357,166.7727813720703,49709300,0.043270942331852025,1
2024-04-11,167.32942111379162,174.40668878905643,167.15050896636146,173.98919677734375,91070300,0.008626750002367789,1
2024-04-12,173.21389665591337,177.28929006742356,173.16420894399843,175.4901580810547,101670900,-0.021863549560326545,-1
2024-04-15,174.30729011068368,175.56967037066977,171.46445848220424,171.6533203125,73531800,-0.019167299585260533,-1
2024-04-16,170.71895735574867,172.71688554496447,167.2598525976239,168.36318969726562,73711200,-0.008147382826483973,-1
2024-04-17,168.59180586766368,169.62555591523414,166.99147033691406,166.99147033691406,50901200,-0.005714388576047447,-1
2024-04-18,167.02127846323074,167.62761710838,165.55016746918514,166.03721618652344,43122900,-0.01221256610468402,-1
2024-04-19,165.21221853676252,165.40106519259456,163.0950004513954,164.0094757080078,68149400,0.005090838045220147,1
2024-04-22,164.52635030592455,166.25589498596477,163.7808527253039,164.84442138671875,48116400,0.006391691236447228,1
2024-04-23,164.35737315952596,166.04716464714997,163.9299466584378,165.89805603027344,49537800,0.012702377924807884,1
2024-04-24,165.540232667877,168.2836737462142,165.21222704669103,168.00535583496094,48251800,0.005147315733062818,1
2024-04-25,168.51229295621184,169.58581142644354,167.14057238305094,168.87013244628906,50558300,-0.003472824295999488,0
2024-04-26,168.8601961624801,170.31142312512412,168.16438620722982,168.28367614746094,44838400,0.024807956811352616,1
2024-04-29,172.3292258757486,174.97326108846298,172.06085765153782,172.4584503173828,68169400,-0.018270896283629545,-1
2024-04-30,172.28947031289857,173.9395086711804,168.9794590883409,169.30747985839844,65934800,-0.00604700815223147,-1
2024-05-01,168.56199406268553,171.6732091751753,168.0948143120181,168.28367614746094,50383100,0.02203182097083789,1
2024-05-02,171.4743893691613,172.37893013348045,169.8641193422282,171.99127197265625,94214900,0.05981624646678996,1
2024-05-03,185.52950301417593,185.87740797297917,181.56346535319665,182.27914428710935,163224100,-0.009106763974690346,-1
2024-05-06,181.2553285088154,183.09421354898845,179.33690673477625,180.61917114257812,78569700,0.0037972273178012994,0
2024-05-07,182.34872294128857,183.79001537072008,180.23151991986552,181.30502319335935,77305800,0.0018641633407694425,0
2024-05-08,181.75234564063675,181.97102617972277,180.360740831254,181.64300537109375,45057100,0.010014149680162232,1
2024-05-09,181.46406224266897,183.55146169147775,181.01676669426377,183.4620056152344,48983000,-0.006890167029765415,-1
2024-05-10,184.039301056681,184.22841905381327,181.2822060927068,182.1979217529297,50759500,0.017645458243328305,1
2024-05-13,184.57680131825043,186.22907786103977,183.76061103045285,185.4128875732422,72044800,0.006173454696191127,1
2024-05-14,186.637155065652,187.42348620330452,185.42283282321628,186.5575256347656,52393600,0.012217907820184282,1
2024-05-15,187.03529613574696,189.76253191302305,186.49780129168897,188.8368682861328,70400000,0.0006325343237545411,0
2024-05-16,189.58338637309936,190.21045865928463,188.7771592552961,188.9563140869141,52845200,0.00015803361924970893,0
2024-05-17,188.62785068172937,189.9218023921439,188.2993849653176,188.98617553710935,41282900,0.0061620950735696844,1
2024-05-20,188.44869465688268,191.02663488992152,188.1301769262196,190.15072631835935,44361300,0.006857240711112267,1
2024-05-21,190.2004910768324,191.83285642957057,190.03128423275257,191.4546356201172,42309400,-0.007538352669298809,-1
2024-05-22,191.37501623979523,191.92245910983817,189.38432593982932,190.01138305664065,34648500,-0.021058196265418383,-1
2024-05-23,190.09099161364105,190.11090276702717,185.76124979940408,186.0100860595703,51005900,0.016588193438469512,1
2024-05-24,187.94106857836448,189.6928704821682,187.16468542966413,189.0956573486328,36327000,5.269285079068098e-05,0
2024-05-28,190.61853495727323,192.10160462638697,188.21976480489596,189.10562133789065,52280100,0.0015789270687063262,0
2024-05-29,188.7273779696699,191.35508832801628,188.62783738828333,189.4042053222656,53068000,0.005255222957861294,1
2024-05-30,189.8720349370489,191.2854232244703,189.7426503955058,190.39956665039065,49889100,0.0050185822661370505,1
2024-05-31,190.5488754083416,191.67362027294615,189.02599856414395,191.3551025390625,75158300,0.009258692214309638,1
2024-06-03,192.0020557606219,194.0823384761381,191.62383496596823,193.12680053710935,50080500,0.0016493165153350642,0
2024-06-04,193.73397115741048,194.41081372828987,192.13146492648488,193.44532775878903,47471400,0.007820860566006393,1
2024-06-05,194.49042328995185,195.9834409155792,193.96289161058436,194.9582366943359,54156800,-0.007096622052671364,-1
2024-06-06,194.7790659077195,195.58529292944823,193.26613725182497,193.57469177246097,41181800,0.012392134989201775,1
2024-06-07,193.7439169991778,196.02326577578603,193.23629646745044,195.97349548339844,53103900,-0.01914785422677734,-1
2024-06-10,195.9834264840809,196.3815736009198,191.25553768440523,192.2210235595703,97010200,0.07264913537296636,1
2024-06-11,192.74855695795017,206.1956778920413,192.7286609927464,206.1857147216797,172373300,0.028578539401818537,1
2024-06-12,206.40472171133436,219.1750019825869,205.9369082694312,212.0782012939453,198134300,0.005491066575234127,1
2024-06-13,213.74040935969603,215.74104751612717,210.61502639534655,213.24273681640625,97862700,-0.008168470783271542,-1
2024-06-14,212.8545395919822,214.16838712685717,210.31640674162668,211.50086975097656,70122700,0.01967149224788156,1
2024-06-17,212.37676580912532,217.93079294137289,211.72979760979996,215.66140747070312,93728300,-0.010984473437951281,-1
2024-06-18,216.5771221156608,217.61228945527097,212.008492058615,213.29248046875,79943300,-0.021512861044404863,-1
2024-06-20,212.93416556238657,213.24273529474337,207.8778259238728,208.70394897460935,86172500,-0.010444359406920123,-1
2024-06-21,209.41066477171813,210.9036824915187,206.14593390610847,206.524169921875,241805100,0.003132525064337921,0
2024-06-24,206.75306897426384,211.70988292620217,205.6283242404664,207.17111206054688,80727000,0.004468237333181246,0
2024-06-25,208.1764159984445,210.3960464470149,207.6389363414956,208.0968017578125,55549700,0.019993280456893636,1
2024-06-26,210.51548557795783,213.8598456726642,209.65948819693895,212.25733947753903,66213200,0.00398598267193484,0
2024-06-27,213.69064352295015,214.7357589232,211.36153961685812,213.1033935546875,49772700,-0.016254182316641108,-1
2024-06-28,214.76560832661605,215.0642148828325,209.3210696212814,209.6395721435547,82542700,0.029104576415980965,1
2024-07-01,211.10273143743845,216.4974998735104,210.933524598722,215.7410430908203,60402900,0.01623984488080832,1
2024-07-02,215.14381249791867,219.35413272093265,214.09871241355896,219.24464416503903,58046200,0.005811148159188484,1
2024-07-03,218.97591935149836,220.51870727539065,218.01043340115496,220.51870727539065,37369800,0.021620319633786966,1
2024-07-05,220.618221554563,225.3958807735831,220.618221554563,225.2863922119141,60412400,0.006538918121052006,1
2024-07-08,226.03290864697604,226.78938062149984,222.21078721739227,226.759521484375,59085900,0.0037748692677810336,0
2024-07-09,226.8690002119573,228.33215871662,225.3162642938077,227.61550903320312,48076100,0.018803567202810845,1
2024-07-10,228.23262994836375,231.9950331368443,228.1828596567971,231.89549255371097,62627700,-0.02322078830976393,-1
2024-07-11,230.31290687462652,231.30825199534104,224.7190721562944,226.5106964111328,64710600,0.013050869322558611,1
2024-07-12,227.8544036714271,231.55708874298097,227.6155153743793,229.46685791015625,53046500,0.016743270866332427,1
2024-07-15,235.3792032824568,236.12571210202407,232.00498402552307,233.3088836669922,62631300,0.001791874772034241,0
2024-07-16,233.90609879782943,235.17019132901208,231.2485291999769,233.72694396972656,43234300,-0.02529598605623662,-1
2024-07-17,228.38192926123955,230.38258262455565,225.58501197125685,227.81459045410156,57345900,-0.020534817784018,-1
2024-07-18,229.20807059344992,229.3673294560276,221.23536173419896,223.1364593505859,66034600,0.0005798213023433529,0
2024-07-19,223.773474302542,225.7442531861875,222.24063446922685,223.26583862304688,49151500,-0.001560215829059186,0
2024-07-22,225.95328613844396,226.7197061195605,222.0515351611177,222.91749572753903,48201800,0.004688235520809325,0
2024-07-23,223.3255652212696,225.88360930378687,221.64342964759248,223.96258544921875,39960300,-0.028754268746169376,-1
2024-07-24,222.9572958470105,223.75357494115903,216.1192800710717,217.522705078125,61777600,-0.004804508666368168,0
2024-07-25,217.91089956980477,219.8219755631398,213.62096453779796,216.4776153564453,51391200,0.002160980729152273,0
2024-07-26,217.6819649471348,218.46829606182757,215.0044842643322,216.94541931152344,41601300,0.0012846631337550818,0
2024-07-29,215.95008057489312,218.27918447457577,214.74570631572195,217.22412109375,36311800,0.0025660297836471724,0
2024-07-30,218.16970866418467,219.30440154226625,215.11399172426283,217.78152465820312,41643800,0.014990684903096962,1
2024-07-31,220.40919868116703,222.7781246353508,219.60297166321624,221.0462188720703,50036300,-0.016750647241204453,-1
2024-08-01,223.3255700813178,223.4350586473055,216.0097928775357,217.3435516357422,62501000,0.006869431930056624,1
2024-08-02,218.12987665236415,224.54986481713928,216.69659243938975,218.83657836914065,105568600,-0.048166971303349904,-1
2024-08-05,198.1632616839607,212.5061888982195,195.08764882459496,208.29588317871097,119548600,-0.009748383235980818,-1
2024-08-06,204.34432656983304,209.01249693638889,200.1340215747604,206.2653350830078,69660500,0.012498330905054589,1
2024-08-07,205.93688655864335,212.64551772150753,205.42926604632788,208.8433074951172,63516400,0.016633307164481304,1
2024-08-08,212.1179963940502,213.2029189157903,207.85792055043288,212.3170623779297,47161100,0.013735903014507667,1
2024-08-09,211.11270086651857,215.77090862412464,210.9833011439981,215.23342895507812,42201600,0.007129965549701023,1
2024-08-12,215.31315848368175,218.7410960979999,214.8448035806853,216.76803588867188,38028100,0.017193024691488423,1
2024-08-13,218.2428407360094,221.11275746457665,218.2428407360094,220.49493408203125,44155300,0.0020337215221548632,0
2024-08-14,219.7973936824548,222.24876826808693,218.93043078284688,220.943359375,41960600,0.01353055689382332,1
2024-08-15,223.813271274212,224.56064415441705,221.97970491871703,223.9328460693359,46414000,0.0059185060327429095,1
2024-08-16,223.1356500786779,226.03546056539557,222.86659157853387,225.25819396972656,44340200,-0.0007078736755057324,0
2024-08-19,224.92933693390268,225.19839542072495,222.2587166767679,225.09873962402344,40687800,0.002744699371362902,0
2024-08-20,224.9791698204466,226.3742597731608,224.66028342820331,225.7165679931641,30299000,-0.00048558190836611725,0
2024-08-21,225.7265541171402,227.18143154067607,224.26170199000447,225.60696411132812,34765500,-0.008259714428674014,-1
2024-08-22,226.9920904114928,227.5401669123529,223.11571691317775,223.74351501464844,43695300,0.01028816589495296,1
2024-08-23,224.86956599566977,227.42059644239848,223.5442228703079,226.04542541503903,38677300,0.0014988410038456745,0
2024-08-26,225.9657045588355,226.48388737170689,223.1057623977585,226.3842315673828,30602200,0.00374156200625797,0
2024-08-27,225.208374045966,228.0483972344343,224.10226151212836,227.23126220703125,35934600,-0.0067535026593108505,-1
2024-08-28,227.12163896438045,229.05484595642545,224.88947977262964,225.6966552734375,38052200,0.014570094655923738,1
2024-08-29,229.294003797999,232.10411789712717,228.07827604001008,228.98507690429688,51906300,-0.003437915937384406,0
2024-08-30,229.3836794905121,229.5929353752877,226.68316554604095,228.1978454589844,52990800,-0.027205233452984312,-1
2024-09-03,227.7494219919808,228.19784265919515,220.39526831044307,221.9896697998047,50190600,-0.008618730072864289,-1
2024-09-04,220.8835610121704,221.00313580397116,216.71819503548093,220.0764007568359,43840200,0.006927789345394508,1
2024-09-05,220.85367082984084,224.6901757794695,220.744055533832,221.60104370117188,36615400,-0.007015016202747026,-1
2024-09-06,223.16553454066073,224.4510243839852,219.00018373655976,220.0465087890625,48423000,0.000407600932198271,0
2024-09-09,220.04651885251477,220.49493955114087,215.95091475509392,220.13619995117188,67180000,-0.003621442968199662,0
2024-09-10,218.15315521125123,220.70418549359823,215.97082401031443,219.3389892578125,51591000,0.011585157152198988,1
2024-09-11,220.6842723421212,222.3085524071335,217.126770108234,221.88006591796875,44587100,0.0004939780479265021,0
2024-09-12,221.72061131734023,222.7669363444001,219.05000630879996,221.9896697998047,37455600,-0.0012119616601647953,0
2024-09-13,222.7968456308755,223.25522582753553,221.1326971327844,221.7206268310547,36766600,-0.02777522570687141,-1
2024-09-16,215.7815017768951,216.45912779468063,213.1706839207783,215.56228637695312,59357400,0.0021725634932598936,0
2024-09-17,214.9942587915762,216.1402244248995,213.74863736172932,216.03060913085935,45519300,0.017989894179752497,1
2024-09-18,216.7879762232403,221.92990559819444,216.77800151948543,219.91697692871097,59894900,0.03706551801393765,1
2024-09-19,224.20191472936153,229.01499812075548,223.84317512238368,228.0683135986328,66781300,-0.002927471877543275,0
2024-09-20,229.1644542640561,232.27352055331795,226.82267984404157,227.4006500244141,318679900,-0.007580992971247591,-1
2024-09-23,226.5436750131678,228.64628476177805,225.01903547850176,225.67672729492188,54146000,0.003973914719116678,0
2024-09-24,227.8490624720206,228.5466226266176,224.93929267987525,226.57354736328125,43556100,-0.004398088347524087,0
2024-09-25,224.1420985437932,226.49383244586693,223.2352976856936,225.5770568847656,42308700,0.0050802189317789015,1
2024-09-26,226.50380712846777,227.69960067739044,224.62042810744603,226.72303771972656,36636700,0.001186659156722225,0
2024-09-27,227.6597471643239,228.71603171782343,226.50380681299467,226.99208068847656,34026000,0.022872042254472813,1
2024-09-30,229.23421467656505,232.1838531494141,228.84558136748996,232.1838531494141,54541900,-0.02914164788375384,-1
2024-10-01,228.71603627902877,228.84557057238277,222.9562838134916,225.41763305664065,63285000,0.0025197370603202707,0
2024-10-02,225.09874435066007,226.573555899704,222.2388023482828,225.98562622070312,32880600,-0.004894601650727859,0
2024-10-03,224.35137431302277,226.01552277761735,222.53775735368689,224.8795166015625,34044200,0.005007292859186219,1
2024-10-04,227.1016919290748,227.20134772512515,223.3449086623416,226.00555419921875,37245100,-0.022530803767342955,-1
2024-10-07,223.7136221153256,224.8994562199718,220.55472780586587,220.91346740722656,39505400,0.018404127426951078,1
2024-10-08,223.51433484676548,225.18844291794565,222.46800969960725,224.97918701171875,31855700,0.016698254151656267,1
2024-10-09,224.44104641791935,228.94521774486736,224.04245364435144,228.73594665527344,33591100,-0.002178255086458858,0
2024-10-10,226.98212047614993,228.6960967971132,226.3742566041183,228.2377014160156,28183500,-0.006505307670533589,-1
2024-10-11,228.4968150773993,228.60643037956845,226.54367384020583,226.75294494628903,31759200,0.016479883793802053,1
2024-10-14,227.89890830734765,230.91829362955485,227.79926770980504,230.48980712890625,39882100,0.011024615070921673,1
2024-10-15,232.7917037363273,236.65811760908664,231.5560417756155,233.03086853027344,64751400,-0.008851871910463771,-1
2024-10-16,230.78874694170784,231.3069145139278,229.0349022193022,230.96810913085935,34082200,0.0015963822031264119,0
2024-10-17,232.6123377292532,233.0308799404877,229.71254238803704,231.3368225097656,32993800,0.012276522024762482,1
2024-10-18,235.35269346424636,235.35269346424636,233.19029643777657,234.1768341064453,46431500,0.006297837891972913,1
2024-10-21,233.6287538470191,236.0203561309456,233.6287538470191,235.65164184570312,36254500,-0.002621722070394461,0
2024-10-22,233.07072804715943,235.3925683333293,231.7852533575211,235.03382873535156,38846600,-0.021623006734260097,-1
2024-10-23,233.26006870913344,234.31635331873264,226.96219904424217,229.95169067382812,52287000,-0.0008233514358284566,0
2024-10-24,229.17441473320775,230.0114839114603,227.60992208421712,229.76235961914065,31109500,0.003643184426631585,0
2024-10-25,228.93527772998817,232.4030838122294,228.7658750265385,230.59942626953125,38802300,0.008599401134049778,1
2024-10-28,232.50273684103132,233.9077863541258,231.7354297301684,232.5824432373047,36087100,0.0011568294828880887,0
2024-10-29,232.2835059613629,233.50919327337175,231.5062393532264,232.85150146484375,35417200,-0.015277956529408998,-1
2024-10-30,231.79520878623467,232.65219696606212,228.74592985962587,229.29400634765625,47070900,-0.018209475044007384,-1
2024-10-31,228.5366609095724,229.02495000446748,224.5805658660821,225.11868286132812,64370100,-0.013279670594761428,-1
2024-11-01,220.1959740256502,224.56063636026596,219.4984290694042,222.12918090820312,65276700,-0.004037518088666481,0
2024-11-04,220.21591416091667,222.0095968952219,218.94039900502227,221.2323303222656,44944500,0.006486244749695391,1
2024-11-05,221.02308305755813,223.1655459656629,220.36539125313263,222.66729736328125,28111300,-0.003266970580681261,0
2024-11-06,221.83023455712816,225.27812143912791,220.41521040716108,221.9398498535156,54561100,0.021372150662940514,1
2024-11-07,223.8431738287627,227.081789771112,223.7833864288354,226.6831817626953,42137700,-0.0011882140635082195,0
2024-11-08,226.6233197345054,228.10973956989392,225.8651541338214,226.4138336181641,38328800,-0.012028569123718635,-1
2024-11-11,224.4585504714927,225.15686291743452,220.96697301971395,223.69039916992188,42005600,0.0,0
2024-11-12,224.0096364149637,225.04712701721013,222.82249764582772,223.69039916992188,40398300,0.003969092565820009,0
2024-11-13,223.4709176605461,226.10456392944064,222.2239257676591,224.5782470703125,48566200,0.013770454601045312,1
2024-11-14,224.47849544461576,228.3192213173845,224.45853931227535,227.67079162597656,44923900,-0.014109186922565575,-1
2024-11-15,225.8551667084814,226.3739196007606,223.7303028631179,224.4585418701172,47923700,0.013422192824461332,1
2024-11-18,224.70792952115227,229.18712968944303,224.62812021676072,227.4712677001953,44633700,0.0011402941474583095,0
2024-11-19,226.43377721041003,229.6061325797712,226.11455519341968,227.73065185546875,36211800,0.00315399667501004,0
2024-11-20,227.51117324017343,229.37666823104936,225.34639715216647,228.44891357421875,35169600,-0.002096031239889218,0
2024-11-21,228.3292117939797,229.60613029336432,225.16684213362325,227.97007751464844,42108300,0.005907532854041886,1
2024-11-22,227.51117639639193,230.16477882059493,227.51117639639193,229.3168182373047,38168300,0.013050863934787493,1
2024-11-25,230.9030055193102,232.68869124314412,229.1871434272115,232.30960083007812,90152800,0.009404359064732137,1
2024-11-26,232.76849125195545,235.0031061533749,232.76849125195545,234.49432373046875,45986200,-0.0005530387524059766,0
2024-11-27,233.9057547855541,235.12282010257627,233.24733940643017,234.36463928222656,33498400,0.010215816180936699,1
2024-11-29,234.24492549364632,237.2377059705746,233.40695061340287,236.7588653564453,28481400,0.009522610165137335,1
2024-12-02,236.69901868412032,240.21053691361496,236.58928278806928,239.013427734375,48137100,0.012771846549383792,1
2024-12-03,239.232908507596,242.1758064568113,238.32509471728144,242.06607055664065,38861000,0.0014836067630177308,0
2024-12-04,242.28553892887177,243.5225604021956,240.66944226019712,242.4252014160156,44383900,0.00012342976380685933,0
2024-12-05,243.40284992887905,243.95151419061432,241.54732536132988,242.4551239013672,40033900,-0.0008229313638363767,0
2024-12-06,242.325438826628,244.04130085085737,241.49743440151175,242.2555999755859,36870600,0.01610119331994797,1
2024-12-09,241.24804586880077,246.64503053466012,241.1682365595268,246.1562042236328,44649200,0.004133747555261413,0
2024-12-10,246.2958646584201,247.612695417372,244.7495916510093,247.1737518310547,36914800,-0.005166068380832889,-1
2024-12-11,247.3632990378159,250.1964610170644,245.66737785476369,245.89683532714844,45205800,0.005963725314681589,1
2024-12-12,246.2958641332418,248.1414182384854,245.08876927344312,247.36329650878903,32777500,0.0006855753623684624,0
2024-12-13,247.223631137632,248.69007959411312,245.647431564018,247.5328826904297,33155300,0.011727734296862025,1
2024-12-16,247.3932343641577,250.77507595019196,247.05404098232512,250.43588256835935,51694800,0.009719503945940122,1
2024-12-17,249.47818331943677,253.21915892963332,249.1789022262073,252.8699951171875,51356400,-0.021421742389975296,-1
2024-12-18,251.55318925842403,253.66808268004456,247.14382766353577,247.4530792236328,56774100,0.007014700854068412,1
2024-12-19,246.90440599607692,251.3935770141874,246.4953889833523,249.1888885498047,60882300,0.01881586884400277,1
2024-12-20,247.4431032675572,254.3863612366688,245.09876750312787,253.87759399414065,147495300,0.003064949277328255,0
2024-12-23,254.15691915529425,255.03479114956255,252.8400883307868,254.6557159423828,40858800,0.011478078798297098,1
2024-12-24,254.87518901917565,257.58862955018265,254.67565812568793,257.57867431640625,23234700,0.0031757022052907313,0
2024-12-26,257.56867823862046,259.47408555117545,257.0100282923795,258.39666748046875,27237100,-0.013242189631401002,-1
2024-12-27,257.20952960207876,258.0774615569102,252.4510193654514,254.9749298095703,42355300,-0.013263465544690267,-1
2024-12-30,251.62300520062965,252.8899532126316,250.14657107718884,251.59307861328125,35557500,,0
