date,open,high,low,close,volume,fwd_ret,label,rsi_14,macd,macd_signal,bb_upper,bb_lower,log_ret,vol_20,roc_10
2015-02-20,28.686780798766748,28.883052825927734,28.55965252898941,28.883052825927734,195793600,0.0270273375791567,1,78.73722947195226,1.253891888799803,1.1516022660131062,29.539270117171167,24.27595758210862,0.008141065095990996,0.01782107930652339,7.970634171696621
2015-02-23,28.99904082917313,29.663684844970703,28.918748012259847,29.663684844970703,283896400,-0.0062406790397878,-1,82.37924358315375,1.3077687894790628,1.1828355707062976,29.889475921463188,24.382174583602733,0.026668549461820845,0.018328190139682586,11.83049565824278
2015-02-24,29.65030137339149,29.797505428827776,29.25552809862953,29.47856330871582,276912400,-0.025573110819186,-1,78.92668617114258,1.3203091584640916,1.2103302882578564,30.12527928687529,24.581616159902055,-0.006260233474979948,0.01855325393733318,10.399266541042415
2015-02-25,29.342513260248232,29.35143657494631,28.581962336489088,28.72470474243164,298846800,0.0126562265729031,1,66.67242880029607,1.2549511099771102,1.2192544526017073,30.012066141419083,25.14266332025084,-0.025905786778342765,0.01744284722332164,5.548279554586806
2015-02-26,28.72470263962541,29.188616275789528,28.238487524843507,29.0882511138916,365150000,-0.0150283060604547,-1,69.15924004856755,1.2184440747265413,1.2190923770266742,30.095128253218025,25.406717678788812,0.012576805945649028,0.013656929428748412,4.436279343687512
2015-02-27,28.994576692159352,29.121708392752836,28.60203595595755,28.651103973388672,248059200,0.0049040603990433,0,63.065505263985024,1.1410841575559019,1.2034907331325198,30.154081060120582,25.571411226561544,-0.015142375340179814,0.013199241516777127,1.5815457832861923
2015-03-02,28.827297163536542,29.057023127860493,28.61541442209414,28.79161071777344,192386800,0.0020918051796423,0,64.15863593194784,1.078679242999275,1.178528435105871,30.16268156681731,25.839163983719803,0.00489207466471564,0.012434917297674066,1.5816693594554367
2015-03-03,28.762624428524777,28.88752361137346,28.56858146644076,28.851837158203125,151265200,-0.006338869514722,-1,64.64170138964668,1.0222982511387642,1.1472823983124496,30.178490834536397,26.073072809872784,0.0020896204014104747,0.012324889767466549,1.1968880429206796
2015-03-04,28.79385172413756,28.896446031850218,28.619884503887594,28.668949127197266,126665200,-0.0165709897007382,-1,61.91281908620047,0.9518856282488528,1.1082030442997304,30.13733139522671,26.345217318457372,-0.006359045455044399,0.012531071333105442,-0.13980360792033977
2015-03-05,28.67786217029503,28.715777740280956,28.048903067660213,28.193876266479492,226068400,0.0015031412804646,0,55.373485289138884,0.847973793753642,1.0561571941905128,30.05620742519594,26.589603083532086,-0.01670982444016511,0.013336277420641496,-1.5881684588906528
2015-03-06,28.63771798003012,28.854062393731382,28.160424495428032,28.236255645751953,291368400,0.0042655565110074,0,55.82175606747044,0.7602785600169781,0.996981467355806,29.974989773559525,26.81936218566899,0.0015020126944178536,0.01330380591950774,-2.239365707198252
2015-03-09,28.539587810298716,28.898676368147218,27.892785303343523,28.356698989868164,354114000,-0.0206861779218604,-1,57.1394604493568,0.6925153409788152,0.9360882420804079,29.81376708847498,27.16369701522375,0.00425648481291141,0.01304376621669829,-4.406013150197456
2015-03-10,28.19387439867593,28.374532327389144,27.611752515463166,27.77010726928711,275426400,-0.0182312153671951,-1,49.40979957306632,0.5847389456065066,0.8658183827856276,29.641669230036698,27.44262814087395,-0.02090313411202427,0.014089226114754813,-5.79558787019847
2015-03-11,27.82364333428763,27.82810328991539,27.23483049725104,27.263824462890625,275756000,0.0180790026875432,1,43.89103282088566,0.45324782569507605,0.7833042713675173,29.632420496056753,27.45678391068153,-0.018399451881954132,0.014188274899582087,-5.085797374212966
2015-03-12,27.279432073886337,27.857094069691744,27.127768084796827,27.75672721862793,193450800,-0.0069103500225631,-1,49.772955626596385,0.3843823780660749,0.7035198927072289,29.640552747066707,27.43906132001093,0.017917520900599282,0.013781522707529805,-4.577531629695604
2015-03-13,27.74557818039915,27.96861337203962,27.33965419967843,27.564918518066406,207309200,0.0110040467878533,1,47.678360451090235,0.31074656260749123,0.6249652266872814,29.680494976185095,27.335108089305628,-0.0069343370610401855,0.013519830027296013,-3.791077147781536
2015-03-16,27.62959660422218,27.868244171142575,27.404332304778652,27.868244171142575,143497200,0.0167267972195717,1,51.17743189126937,0.2737103312245672,0.5547142475947385,29.687936966041804,27.280159194846867,0.010943942787844385,0.013728271572267223,-3.2070680438203483
2015-03-17,28.080130660699805,28.39684022097525,28.024371863399615,28.33439064025879,204092400,0.0112563925489357,1,56.04263582064797,0.2787596080908088,0.4995233196939526,29.680798392231182,27.269677109782975,0.01658844500836132,0.014204807121022942,-1.7934612451436773
2015-03-18,28.32547163340424,28.80722850316116,28.18496006387028,28.65333366394043,261083600,-0.0075506907959135,-1,59.04950785538502,0.30498159489690124,0.4606149747345423,29.67609132729919,27.268808994661256,0.011193510803400919,0.014350222700746568,-0.05446820944693112
2015-03-19,28.715775134516697,28.827292707854625,28.414678026828913,28.436981201171875,183238000,-0.0125488558449403,-1,56.239187924248526,0.30479142690422023,0.42945026516847795,29.662826239675468,27.260885346323064,-0.007579341574892151,0.014442481519334758,0.8622614797434478
2015-03-20,28.6042619583486,28.637715874194154,27.915084065955917,28.08012962341309,274780400,0.0104051908443612,1,51.85545216486997,0.27270223578498687,0.39810065929177973,29.61734533939041,27.226073926356662,-0.012628257704109469,0.014544541005008637,-0.552927499657173
2015-03-23,28.352236379049575,28.515051128701085,28.218413892358317,28.3723087310791,150838800,-0.0040877938208949,0,54.951661563908644,0.26776114892948755,0.37203275721932133,29.408262049659818,27.306019604698093,0.010351429456190164,0.013290192992391151,0.05504780798538946
2015-03-24,28.376767788779087,28.557424045367036,28.227332919212294,28.256328582763672,131369200,-0.026126781317759,-1,53.48136520391166,0.2515865402861479,0.3479435138326867,29.212779979837542,27.379278201925153,-0.004096171689182526,0.013264399391247026,1.7508802136112323
2015-03-25,28.22287369593157,28.285323278086903,27.518081665039062,27.518081665039062,206620800,0.0069702787751082,1,45.192532109891246,0.17715555101449,0.31378592126904736,29.18972135209204,27.281674521931397,-0.026474149435864458,0.013318545438468296,0.9325808361718013
2015-03-26,27.37979925117033,27.85263274507692,27.344112805489548,27.709890365600582,190291600,-0.0079682196327178,-1,47.47048955802428,0.13212278566394176,0.2774532941480263,29.061814664031644,27.27174513516269,0.006946098678326074,0.01304771131812626,-0.16874054588076376
2015-03-27,27.78349830630142,27.812492273380258,27.41326071236719,27.489091873168945,158184800,0.0253143846661589,1,45.14442135827248,0.07772147682592845,0.23750693068360673,29.021106145833855,27.19625244333851,-0.008000135549860232,0.012776303449548481,-0.275083870999884
2015-03-30,27.66751967746109,28.191652103299248,27.65636723582943,28.184961318969727,188398800,-0.0153519274533858,-1,52.96650310347422,0.089724606867712,0.2079504659204278,28.936674994777064,27.22001865451493,0.024999282309877913,0.014077811366352866,1.136480453817435
2015-03-31,28.122505355776788,28.211719769136774,27.73665544280817,27.752267837524418,168362400,-0.0014467173982235,0,48.34978492650742,0.06358940702028093,0.17907825414039844,28.814724639106473,27.23201207811765,-0.01547098840687422,0.01441432165720586,-2.0544744022384758
2015-04-01,27.839248119731284,27.90615934721872,27.4556273789328,27.71211814880371,162485600,0.0086118708682576,1,47.9322942387293,0.03918562106499479,0.15109972752531772,28.71924042415264,27.231813195232125,-0.0014477649042574647,0.014376912346682699,-3.284837730142434
2015-04-02,27.886090919277912,28.00429930359269,27.69874216714662,27.95077133178711,128880400,0.0161985045434587,1,50.65954533695893,0.03865714671049503,0.12861121136235318,28.700328963302074,27.226414162613455,0.008575000240500064,0.01409627003294829,-1.709780183575636
2015-04-06,27.761191272731303,28.439218476535935,27.729966481247576,28.40353202819824,148776000,-0.0105219502148554,-1,55.429262980551655,0.07392022495887929,0.11767301408165841,28.724517886223644,27.21895287793651,0.016068708560055267,0.014569875978568346,1.1517126492019383
2015-04-07,28.468218312182895,28.575274276033092,28.09798069323383,28.104671478271484,140049200,-0.0032538981151062,0,51.865163403033435,0.07686486946179016,0.10951138515768477,28.69394100507097,27.224327007929517,-0.01057769732336844,0.014734267073499051,-0.9433044569772591
2015-04-08,28.06898054263557,28.191650587493417,27.87271017248661,28.013221740722656,149316800,0.0076431558911025,1,50.788998243531275,0.07100083843354454,0.10180927581285673,28.701213804074712,27.241365656069334,-0.003259203553608536,0.013952440794655248,-0.8603624541275703
2015-04-09,28.06897639167934,28.23179281790146,27.80356569092795,28.227331161499023,129936000,0.004266905129185,0,53.23556390338907,0.08267733955957368,0.09798288856220012,28.68015843131838,27.358771698686507,0.007614094959336626,0.013301496371758615,2.577394402317812
2015-04-10,28.091283676912617,28.37230851454649,27.937390540989917,28.34777450561523,160752000,-0.0019669100504506,0,54.60283647082339,0.10049141957858865,0.09848459476547784,28.712925207522037,27.385109651181576,0.004257827702013994,0.012766874458768094,2.3020088914048036
2015-04-13,28.631029764719884,28.67563953079171,28.23848900731811,28.292016983032227,145460400,-0.0043357570687038,0,53.81836839810942,0.1088552249762813,0.10055872080763854,28.718164752660034,27.45257995254016,-0.001968846958256165,0.01265111743651634,2.920886268516516
2015-04-14,28.32547364766116,28.39015406727193,28.082366068566923,28.169349670410156,102098400,0.0038003630884784,0,52.04677537283923,0.10438212193081853,0.10132340103227455,28.726128102952003,27.47472715217495,-0.004345183721034207,0.012498829381898512,-0.055389994624768145
2015-04-15,28.19388148911807,28.35446540967976,28.1046670655014,28.276403427124023,115881600,-0.0048115413856573,0,53.48582734737416,0.10822791498712192,0.10270430382324403,28.719390967088103,27.475665566725375,0.0037931599525964366,0.011949389380843008,1.8886225539049866
2015-04-16,28.16488434954854,28.347773142664177,28.126968774522695,28.140350341796875,113476000,-0.0112546402083065,-1,51.37570506194961,0.0991543965864814,0.10199432237589151,28.639914766171113,27.503843435428006,-0.004823154115972894,0.011686317820002252,1.5452885654345054
2015-04-17,28.00206966159836,28.133659611037796,27.75896041204498,27.823640823364254,207828000,0.0228457715562691,1,46.751841290041035,0.06565097304621048,0.09472565250995531,28.593088148323698,27.48933601549466,-0.011318452915894284,0.011827794107210169,-0.4548372097276454
2015-04-20,28.00653214696416,28.575270929671763,27.91731771978738,28.459293365478516,188217200,-0.0054073268937607,-1,55.423406061271365,0.0893610180987423,0.09365272562771271,28.641363023763446,27.47897751426146,0.022588714661852638,0.012614927345056197,0.19631832134439717
2015-04-21,28.57081715762612,28.59311864088921,28.251874977408363,28.305404663085938,129740400,0.0134740243112889,1,53.16605579146233,0.09464288319862746,0.09385075714189567,28.631526861624394,27.48212326960119,-0.005421999402432043,0.012470077022442143,0.7142342331581624
2015-04-22,28.32324553371349,28.742551185394703,28.173812326646782,28.686792373657227,150618000,0.0081634872970939,1,57.757983320828004,0.1281266360922757,0.10070593293197168,28.71067775372297,27.446018756591975,0.013384056893547491,0.012785182364267265,2.40447399863117
2015-04-23,28.615419475695823,29.08825305419757,28.579733023630347,28.920976638793945,183083600,0.0047041727646013,0,60.32999116281648,0.17158157889914705,0.11488106212540676,28.826271905747316,27.470714101943113,0.00813034627669973,0.011142109434461199,2.457354091771266
2015-04-24,29.10386479937753,29.13508959159763,28.82283826614954,29.057025909423828,178103600,0.0181916405467943,1,61.785707183311544,0.21452506190179577,0.13480986208068457,28.969406979514435,27.462292582558316,0.004693142721859722,0.011105976411471508,2.5019650261014537
2015-04-27,29.50978972131579,29.692680237181143,29.25106804663929,29.585620880126953,387816800,-0.015755716478205,-1,66.87220016906659,0.28789263101236173,0.16542641586702,29.21146985173589,27.42988261103266,0.018028152421747823,0.01134875696022366,4.572328292714333
2015-04-28,29.98931763900977,30.007157462025948,28.898675532596673,29.119478225708008,475696000,-0.0147060393621717,-1,59.36767581271664,0.3049083479856556,0.19332280229074714,29.32066661152049,27.414137541921892,-0.015881157128628587,0.010981433772340003,3.372916188746424
2015-04-29,29.030260466474736,29.349199147137707,28.6154148866722,28.691246032714844,253544400,-0.0271297092313792,-1,53.435025732427874,0.2806040385039026,0.21077904953337823,29.33369500691919,27.495006966042236,-0.014815245137805189,0.010928536810399233,1.4670981995994732
2015-04-30,28.69125338831198,28.69125338831198,27.78573085051481,27.912860870361328,332781600,0.0303634360134743,1,44.69256170265723,0.19627103050562056,0.2078774457278267,29.316835727275034,27.531940517842152,-0.027504514245076717,0.012724577377787843,-0.8084102318287654
2015-05-01,28.124741192112108,29.023574567358025,27.94631403524375,28.76039123535156,234050400,-0.0019386250617424,0,53.59515543741202,0.19557071397620973,0.20541609937750333,29.34101118883192,27.588727046641715,0.02991159050296588,0.01425222497000309,3.3667427563997676
2015-05-04,28.88306449844051,29.121713846388108,28.606499566876973,28.704635620117188,203953200,-0.0225331798486807,-1,52.99085629507457,0.18834556546323356,0.20200199259464938,29.361663171622812,27.598185423042718,-0.0019405066274678084,0.013841512924127011,0.8620813295957487
2015-05-05,28.581959582418435,28.648870823217013,28.053367246279116,28.05782890319824,197085600,-0.0062799180687543,-1,46.44804394582564,0.12894133134171426,0.18738986034406235,29.363534463498592,27.59162987365961,-0.02279093127792553,0.014605553813966984,-0.8746589664926113
2015-05-06,28.227331540907524,28.26970876918357,27.513619653025216,27.881628036499023,288564000,0.0061853181997568,1,44.82438045546745,0.06687422599595294,0.16328673347444048,29.372470421766206,27.56953454496963,-0.006299719699506046,0.014656086349104378,-2.8067423038121784
2015-05-07,27.94433980407834,28.237737504672765,27.776364686526524,28.05408477783203,175763600,0.0188409088127752,1,46.785113877177636,0.031241285492409787,0.13687764387803433,29.37625111875461,27.548429209614532,0.006166267634654332,0.01461880251243942,-2.997450161482738
2015-05-08,28.372119850916896,28.58264923095703,28.244458818255232,28.58264923095703,222201600,-0.0101866866325804,-1,52.37161222476373,0.04513239918772527,0.11852859493997253,29.387840633834195,27.560327167069126,0.018665617236113707,0.015199109025641713,-1.6325713441751317
2015-05-11,28.531131153120356,28.569205099876047,28.13694909786364,28.291486740112305,168143200,-0.0035622195463362,0,49.301269894919585,0.0322747835917383,0.1012778326703257,29.387835280957606,27.56027949565372,-0.010238925991645331,0.015378742755439448,-4.374199700787537
2015-05-12,28.130234250462387,28.416911527049663,27.95554039183773,28.19070625305176,192640000,0.0011123779088959,0,48.246916669875134,0.01379388028416173,0.0837810421930929,29.387525179386515,27.56272525548897,-0.003568579358240509,0.0153681733374705,-3.1895213418909547
2015-05-13,28.253420196141793,28.486345939426375,28.190709747705863,28.222064971923828,138776800,0.0233314117064249,1,48.6151555265212,0.0016588950924223411,0.06735661277295879,29.387478779104917,27.55733781025055,0.0011117596750200853,0.015345367804242551,-1.6352760011051373
2015-05-14,28.53561813214859,28.880525588989254,28.47962641777774,28.880525588989254,180814000,-0.0013959450955118,0,55.73697063053816,0.04465929614579167,0.06281714944752537,29.42764080203265,27.59119331204206,0.023063395117921992,0.016139628295141057,3.4667342882628707
2015-05-15,28.90740069414048,29.001466353639582,28.714789081605353,28.8402099609375,152832000,0.0110272254178676,1,55.23222047689608,0.07462406970603297,0.06517853349922689,29.432385237973175,27.688105789858856,-0.001396920334559404,0.015881845497735927,0.2775300409955128
2015-05-18,28.752858106934585,29.276939584696883,28.748377814165263,29.15823745727539,203531600,-0.0009216138296106,0,58.43027712558695,0.12262004220660927,0.07666683524070338,29.50361061543086,27.686774821580862,0.010966868872454238,0.015282257675017223,1.580238966142122
2015-05-19,29.27022315197837,29.312777392972247,29.03505731632856,29.131364822387695,178532800,-7.706296476350794e-05,0,58.05290068174253,0.15668265899286737,0.09266999999113619,29.563368094405618,27.709613358536274,-0.0009220387767476801,0.015212394652727654,3.8261546283329397
2015-05-20,29.11568241257345,29.335168907717343,28.96786351244182,29.129119873046875,145819600,0.0102262643490904,1,58.01918829757627,0.18140525272137964,0.11041705053718488,29.610014355507605,27.707199847373257,-7.706593426615171e-05,0.014951593309636597,4.474243164404878
2015-05-21,29.131367511630593,29.48075522315246,29.077614241603133,29.427001953125,158921600,0.0087525304273519,1,61.23593846930982,0.22247018293973397,0.1328276770176947,29.687369239187902,27.68044749512606,0.01017432987152489,0.015011452931016132,4.8938227219511
2015-05-22,29.474036729754335,29.780870198833405,29.42924062897147,29.68456268310547,182384000,-0.022031116873971,-1,63.81751411645393,0.272654443674039,0.16079303034896358,29.799450400638264,27.631120011043862,0.00871444907704344,0.015092108406598134,3.855183063139533
2015-05-26,29.698002208914215,29.767431377512352,28.91859520135844,29.03057861328125,282790400,0.0186700282988918,1,53.98621964837412,0.2566957541360324,0.17997357510637735,29.70768925691573,27.667376928081826,-0.02227742629803764,0.015396215656384788,2.6124179332047768
2015-05-27,29.191837389314056,29.62185331620064,29.12688850876601,29.572580337524418,183332800,-0.0019690995204053,0,59.54817077352037,0.2845038043904822,0.20087962096319834,29.78629785334108,27.63407854283812,0.01849788266235386,0.015559393643146562,4.901878200809753
2015-05-28,29.532266740502852,29.55242293528483,29.36205317768391,29.51434898376465,122933200,-0.0113825632500516,-1,58.726842438323025,0.2984032935561238,0.22038435548178345,29.88293521471984,27.619751476564343,-0.001971040745595065,0.015141634643624814,4.578984610539392
2015-05-29,29.39116785708155,29.440440835950447,29.093291545724245,29.17840003967285,203538000,0.0019955046073363,0,54.09153284095049,0.27909325341867586,0.23212613506916194,29.891815354219283,27.73742525399605,-0.011447840443713275,0.013902595965627583,1.0314024575687168
2015-06-01,29.17839553147613,29.426998825554183,29.12688412242206,29.23662567138672,128451200,-0.0044429912244008,0,54.758046504184804,0.26542853443439185,0.23878661494220793,29.930728108126672,27.746135943692174,0.0019935162327846534,0.01228275048126345,1.3745243567440817
2015-06-02,29.08432955252149,29.263503680744098,28.96338898101202,29.106727600097656,134670400,0.0012314299291993,0,52.91240666198731,0.2413354921138513,0.23929639037653663,29.955035671423637,27.762037578393254,-0.004452890642812513,0.012325255212158891,-0.1766562785326448
2015-06-03,29.26351452941397,29.32622498492078,29.093297506641047,29.14257049560547,123934000,-0.0058408545005923,-1,53.37934810304443,0.2225681772067709,0.2359507477425835,29.95125913659086,27.87428827246676,0.0012306723412445209,0.011017084316883183,0.038466008325026314
2015-06-04,29.021625963884272,29.24559282261084,28.87156857863304,28.972352981567383,153800400,-0.0054888600992095,-1,50.80284991282745,0.19174944586391973,0.22711048736685077,29.891762678458033,28.04285722510642,-0.0058579790049573255,0.011000217362758257,-0.5381792933076166
2015-06-05,29.003700938513425,29.046255177804035,28.748378920231943,28.81332778930664,142507200,-0.006606965142513,-1,48.4499870727293,0.15273276698631122,0.21223494329074288,29.834002699087165,28.176541505624748,-0.005503979241756163,0.01107233518249895,-2.0854117751984935
2015-06-08,28.86932057865151,28.938753160748476,28.405711056837685,28.62295913696289,210699200,-0.0029732770899134,0,45.72018770278113,0.10523749626006662,0.19083545388460765,29.83208380005347,28.18249139525903,-0.006628887751338297,0.01041362407088849,-3.576281575968017
2015-06-09,28.37659874556621,28.685674087079356,28.134715850173816,28.53785514831543,224301600,0.011458051718163,1,44.512761044484485,0.06003789193844966,0.16467594149537607,29.807819817063837,28.231392219068972,-0.0029777060594544658,0.01015873826199521,-1.6972567840601132
2015-06-10,28.64983372872067,28.9678661866452,28.63415612047738,28.864843368530273,156349200,-0.0022501087158275,0,49.978811515880956,0.050025434416561154,0.1417458400796131,29.749094244585002,28.357531503095665,0.011392905404519205,0.010396604070727927,-2.393220209114124
2015-06-11,28.932033944612545,29.1560007783716,28.77525784447374,28.799894332885746,141563600,-0.011042728143741,-1,48.94739195843918,0.03642970634182774,0.12068261333205604,29.67837749178972,28.486031191987134,-0.0022526440142893733,0.01042497341379558,-2.4207027275848514
2015-06-12,28.7103120813085,28.741667304738165,28.4684274645098,28.48186492919922,147544800,-0.0019661548146014,0,44.143477839244554,-7.2376728219580855e-06,0.09654464313108045,29.708630140863026,28.415912476934825,-0.011104151673649199,0.009367305090460555,-2.387160055131804
2015-06-15,28.242212470034367,28.497534479294885,28.154865556799507,28.425865173339844,175955600,0.0053579264782257,1,43.33693504858912,-0.03302183544319348,0.07063134741622566,29.73955351726357,28.34355462177452,-0.0019680902342851248,0.009370427857421084,-2.773098739778132
2015-06-16,28.45050783666142,28.634160579854697,28.302690608594347,28.578168869018555,125976400,-0.0023511013107955,0,46.215191493035306,-0.046362073523177116,0.04723266322834511,29.73647093930616,28.288630340906245,0.005343623855673663,0.009081088046089097,-1.8159332039694087
2015-06-17,28.60504435907014,28.64087816402896,28.385556109546233,28.51097869873047,131672400,0.0045560719841177,0,45.126166496146475,-0.061645383910555296,0.025457053800565028,29.734992235803674,28.228070432043005,-0.002353869489178706,0.009086044558453887,-2.167248070894228
2015-06-18,28.495299701749957,28.737182572460274,28.493059555070516,28.64087677001953,141628800,-0.0100093446566704,-1,47.69241892140892,-0.06255473668774414,0.007854695702903194,29.721430730687395,28.19280762685655,0.0045457245054900675,0.009171202580543644,-1.144112153261219
2015-06-19,28.602803681393585,28.627440169415465,28.3094076806092,28.35420036315918,218867600,0.0079778594673252,1,42.92168922770319,-0.08542309127197711,-0.010800861692072868,29.6788547315928,28.128103466954563,-0.010059774945191613,0.009006187324481288,-1.5934550479721221
2015-06-22,28.5535295552786,28.68119057500859,28.46170404713027,28.580406188964844,136157200,-0.0045450043792315,0,47.39338581363291,-0.08432150159396201,-0.025504989672450698,29.54675009575418,28.149792453379117,0.007946204593785477,0.008960247760477007,-0.14866718634655487
2015-06-23,28.551294223415173,28.580409298194233,28.416912749095985,28.45050811767578,121075600,0.0085017960266178,1,45.203329697077024,-0.0928597432699263,-0.03897594039194582,29.53306306953492,28.105472430037835,-0.004555364314186683,0.007613615272935419,-0.3060742658678905
2015-06-24,28.490818061209136,29.070892995104312,28.47066186824105,28.6923885345459,221123600,-0.0047617259104273,0,49.85048252145277,-0.07919571425410865,-0.047019895164378385,29.400941848475274,28.14957447079963,0.008465859299604528,0.006511505303732916,-0.5974563304659843
2015-06-25,28.86035818927008,28.936506071064947,28.555763244628903,28.555763244628903,127752400,-0.0058820645490172,-1,47.404960137025824,-0.07848664667949379,-0.05331324546740147,29.259001484883022,28.19565626047831,-0.0047730990454475375,0.006551948696380721,-0.8476804999179354
2015-06-26,28.593845480559093,28.665514799575774,28.334044839897864,28.38779640197754,176267200,-0.0175146359553652,-1,44.5137878449929,-0.0904357390569892,-0.06073774418531902,29.196511424704454,28.17908595688734,-0.005899432028608764,0.006224582911235624,-0.33027516792006806
2015-06-29,28.098883743117657,28.325090763788303,27.879397163986315,27.890594482421875,196645600,0.0072271858884649,1,37.26807568336059,-0.13842978804599682,-0.07627615295745459,29.17505582532785,28.06593843736746,-0.017669831996359076,0.007149036538353026,-1.8830409827595693
2015-06-30,28.12352021885733,28.24670268269531,27.96450394382296,28.092164993286133,177482800,0.009327702935522,1,41.43041566814821,-0.15837471686534954,-0.09269586573903359,29.122747235760656,28.016790766253507,0.007201194933045052,0.007438281837028186,-1.700612372891729
2015-07-01,28.42139109571546,28.43034997397172,28.217580460031034,28.35420036315918,120955200,-0.0012636414925647,0,46.408502184810956,-0.15129313909160658,-0.10441532040954819,29.02354752452154,28.037153464247993,0.009284468558167003,0.00781782739656551,-0.5498875967322372
2015-07-02,28.316130672007898,28.374362535068343,28.168311721638663,28.318370819091797,108844000,-0.0034801685622034,0,45.83484542231438,-0.1468789533073931,-0.11290804698911718,28.954685543255525,28.04061722926645,-0.001264440560703406,0.007746223668943679,-1.1260337926013655
2015-07-06,27.982413842963677,28.27133123347691,27.96225594148402,28.219818115234375,112241600,-0.002460171167732,0,44.215854068745216,-0.1496084655698411,-0.12024813070526197,28.916156257255604,28.019795547859143,-0.003486238435694844,0.007699415258335737,-0.47394123693718593
2015-07-07,28.195185216642784,28.253417073210287,27.72037490296042,28.150392532348633,187787200,-0.0248231018097335,-1,43.06192821173428,-0.15558025568578415,-0.1273145557013664,28.906949255415615,27.981745889237704,-0.002463202361343342,0.007595936404158528,-1.5045750356838634
2015-07-08,27.879389909785505,27.91522371167966,27.44489374147473,27.45161247253418,243046400,-0.020396592654075,-1,33.5665503815296,-0.2142291529334912,-0.14469747514779138,29.02055661027443,27.759514266800768,-0.025136390400156028,0.009340906907680576,-3.5109940427426176
2015-07-09,27.738287330335332,27.785320152426383,26.7013216804665,26.891693115234375,314380000,0.0267347481295117,1,28.20059859189342,-0.30240371742289085,-0.1762387236028113,29.164613952540915,27.418141899204688,-0.020607475606861048,0.00967167432328651,-6.27586447584686
2015-07-10,27.310520968606568,27.73829680637137,27.147024399904527,27.61063575744629,245418000,0.0193055020663617,1,41.19871242063992,-0.31068860740283455,-0.20312870036281594,29.120375458468178,27.343454535733482,0.0263836192319169,0.011765400136493943,-3.3097609021547836
2015-07-13,28.002572745297982,28.16606928457996,27.843556499547745,28.14367294311523,165762000,-0.0003978207285607,0,48.624813720572426,-0.2711175222636406,-0.21672646474298088,29.096640578313885,27.333370217279377,0.019121515064801642,0.012469293705079628,-0.8599591719112872
2015-07-14,28.228782622685728,28.30269209496647,28.00481576757911,28.132476806640625,127072400,0.0096329236476846,1,48.48630138587192,-0.2379180160498393,-0.22096477500435258,29.07719950867916,27.32347245024418,-0.0003978998802196543,0.012465150762497606,0.8672541001992518
2015-07-15,28.157111623514105,28.477384275626225,28.125756402361706,28.403474807739254,134596800,0.0133261695636353,1,52.046951560158455,-0.18757761632403813,-0.2142873432682897,29.0566365398095,27.32656601298591,0.009586822859156463,0.01260550118999216,1.1081730956924207
2015-07-16,28.609530572616297,28.795425213538454,28.522183620619725,28.781984329223633,144889600,0.0086371488919618,1,56.56303024006236,-0.11580500381277403,-0.19459087537718656,29.097822610809118,27.31248050503561,0.013238157215461399,0.012949674874058343,1.5087146192994954
2015-07-17,28.909638032088125,29.03057861328125,28.73718262083749,29.03057861328125,184658800,0.0189014942067164,1,59.275705820565115,-0.038422301791516844,-0.16335716066005262,29.169960724701028,27.279312575469874,0.00860006211779707,0.013048144674907228,2.515002712335746
2015-07-20,29.332935054699643,29.780868700287225,29.272463055655816,29.579299926757812,235600800,-0.0099949239338068,-1,64.53981310506856,0.0664156726824352,-0.11740259399155506,29.400474099024883,27.17130915750588,0.01872508048708177,0.013384843464877085,4.817471912724788
2015-07-21,29.75398868841901,29.76966458625413,29.18735299701936,29.28365707397461,307025600,-0.0422940819002323,-1,60.0369376421483,0.12421276787239677,-0.0690795216187647,29.512317316279308,27.12979102875243,-0.010045208527057259,0.013575537465293242,4.025750405873387
2015-07-22,27.321717942734768,28.10784213343751,27.321717942734768,28.04513168334961,461802400,-0.0004791982658001,0,45.663676392686156,0.06928011593008776,-0.04140759410899421,29.496335247866234,27.105235453732888,-0.043214522981364745,0.016807892412974954,2.1620559135069244
2015-07-23,28.264616531337147,28.463946896391388,28.00929445230741,28.031692504882812,203998000,-0.0052732998200953,-1,45.536283014114844,0.02438012520380539,-0.02825005024643429,29.454673438631744,27.08082766000107,-0.0004793131179821053,0.016669102648260114,4.239225045308204
2015-07-24,28.067525735549932,28.16159140299697,27.749493216811004,27.883872985839844,168649200,-0.0138953758008315,-1,44.07962494304511,-0.02286763685815174,-0.02717356756877778,29.424598691105864,27.04371338164804,-0.005287252739158088,0.01667535567179515,0.9896086087762959
2015-07-27,27.568085432953097,27.684549180091015,27.350838971094355,27.496416091918945,177822000,0.0049682849819863,0,40.42898369013543,-0.09053275665698379,-0.03984540538641899,29.419765503195922,26.959408538552122,-0.013992820273276418,0.016892434046787846,-2.2998307737036985
2015-07-28,27.633026123046875,27.751729975071367,27.44713495780925,27.633026123046875,134472400,-0.003161034104601,0,42.24518240542338,-0.1316173607779767,-0.05819979646473054,29.42440583491243,26.929011370898113,0.004955983781244733,0.016512609756551576,-1.775352689443453
2015-07-29,27.58151269446135,27.659900735365955,27.384420810208464,27.545677185058594,148046800,-0.0050410376275424,-1,41.37653760791894,-0.1692742466863315,-0.08041468650905073,29.426871002714968,26.871897422272824,-0.0031660407264251234,0.01642179775459848,-3.020044654701655
2015-07-30,27.395619366212692,27.45161106714991,27.25899947922739,27.406818389892575,134513200,-0.0087439921286461,-1,39.969536021427295,-0.20792550851739122,-0.10591685091071884,29.41536504519733,26.788665182463806,-0.005053786520871739,0.01626220330778139,-4.777870502607392
2015-07-31,27.458329198903865,27.46728807590613,27.079826470761883,27.167173385620117,171540000,-0.0235779699865685,-1,37.59360367404493,-0.2549552950960212,-0.13572453974777932,29.41451339421975,26.674397090094214,-0.008782445147180074,0.016338336715711187,-6.418767095495094
2015-08-03,27.211964402858825,27.451608794682908,26.320575845886513,26.526626586914062,279904000,-0.0320835555141393,-1,32.100865757516175,-0.3399942708581598,-0.17657848596985543,29.477359734372797,26.442231597109135,-0.023860378229709323,0.017050600785067045,-10.320302871949524
2015-08-04,26.298185624478727,26.360896065522866,25.364244323075575,25.67555809020996,496554400,0.0066292574457595,1,26.550242573798396,-0.47063717444468267,-0.2353902236648209,29.646588526132767,26.025519361135302,-0.032609513111041544,0.018280098381772913,-12.321203511740649
2015-08-05,25.29704831269019,26.302660432687535,25.106676882442105,25.845767974853516,397250400,0.0021762832211589,0,29.187425935995233,-0.5540513425885436,-0.29912244744956545,29.759492416094627,25.752031021405376,0.006607380550441633,0.017774354471351124,-7.842229921857902
2015-08-06,26.091000281327553,26.210239723891853,25.674786517417267,25.902015686035156,211612000,0.0033873790179701,0,30.080836221033632,-0.6086033510105437,-0.3610186281617611,29.837731354591437,25.57482433998864,0.0021739185470082134,0.017311474600831506,-7.597389342354872
2015-08-07,25.77827505424626,26.15399220777394,25.760276196044007,25.989755630493164,154681600,0.0363575331108634,1,31.531963883516326,-0.6374086799768754,-0.416296638524784,29.884499596051647,25.365968085833117,0.0033816547728142687,0.016053679640092796,-6.79287757589687
2015-08-10,26.2169903328047,26.99542304111473,26.2169903328047,26.93467903137207,219806400,-0.0520380618840919,-1,44.81541961182345,-0.5773345361627022,-0.4485042180523677,29.830017567741294,25.29955072296916,0.035712193481185484,0.017611343765850142,-2.0429464649830007
2015-08-11,26.50496676412921,26.58821021293682,25.49705452983172,25.533050537109375,388331200,0.0154200386772753,1,34.2124340188557,-0.6354994083729792,-0.48590325611649,29.848284519723222,25.021341144034103,-0.05344092719989835,0.02099526820671019,-7.599513627593793
2015-08-12,25.3170737722356,25.96726775200223,24.66462950522491,25.92677116394043,404870000,-0.0007810583240976,0,38.60646654236525,-0.6424201054472363,-0.5172066259826392,29.76672228388568,24.85523301549176,0.01530235809837066,0.02123955933962583,-5.877169075357841
2015-08-13,26.10675347427533,26.18774664138051,25.769282516825747,25.90652084350586,194143200,0.0070342834348784,1,38.464166774110744,-0.6421366873441023,-0.5421926382549319,29.598197371247988,24.73621157955768,-0.0007813635090725413,0.02084893715177195,-5.474176261699949
2015-08-14,25.719786543832917,26.167497534171147,25.65004309511507,26.088754653930664,171718000,0.0103482806467396,1,40.586487929975206,-0.6200596690545517,-0.5577660444148559,29.3355746451794,24.704651909691208,0.0070096582759484605,0.02079624638723681,-3.9695654618977474
2015-08-17,26.10674951421202,26.46896842424783,25.9852597819827,26.358728408813477,163538800,-0.0056334624136141,-1,43.68521091591394,-0.5741602848877037,-0.5610448925094255,28.867875199366985,24.85029420370919,0.01029510373567133,0.020363706533395705,-0.6329420650246282
2015-08-18,26.19448893115061,26.421719796980568,26.09999749974371,26.21023750305176,138242800,-0.0127895263130587,-1,42.376085199067155,-0.5435015201466591,-0.5575362180368723,28.393391947122385,25.0174354988615,-0.005649390210259675,0.020338770990830438,2.0824451447685286
2015-08-19,26.120249026988247,26.214740473223504,25.80077696602189,25.87502098083496,193146000,-0.0205198849502979,-1,39.49844087903175,-0.5400282900546287,-0.5540346324404236,28.203494089432418,24.990322286300007,-0.01287201639890112,0.018422302174596807,0.11318296291256212
2015-08-20,25.665790899502316,25.726534914871216,25.114587321459155,25.34406852722168,274006400,-0.061162930135342,-1,35.39817472306022,-0.5735081113242728,-0.5579293282171934,28.01529396069646,24.909760017269846,-0.020733342926938736,0.01877043271360759,-2.154068492492995
2015-08-21,24.84461012606305,25.17533191463751,23.769203028838565,23.7939510345459,513102000,-0.0249620778006495,-1,26.687774303677564,-0.7168591318336084,-0.5897152889404764,28.064692256791332,24.451369526045582,-0.06311332935039138,0.02282607387978361,-8.448731212274193
2015-08-24,21.343914268602596,24.477894701484914,20.69821920377445,23.20000457763672,648825200,0.0060121754589392,1,24.227758743981244,-0.8683821942444041,-0.645448670001262,28.197976933304258,23.888443698104435,-0.025278914177227385,0.023121421216491706,-13.865672761072828
2015-08-25,24.997594723719715,24.997594723719715,23.285492212156004,23.339487075805664,414406400,0.0573550867384626,1,25.953932855277287,-0.9660739419289079,-0.7095737243867912,28.15559060633385,23.50147612035072,0.005994174446196876,0.0231543515446684,-8.591074764512046
2015-08-26,24.09317438149669,24.723120820021823,23.634215415574214,24.678125381469727,387098400,0.029446583418641,1,40.06561362443854,-0.9248177091281349,-0.75262252133506,27.92299803810386,23.44731350822182,0.05577058873124807,0.027249575350556922,-4.81604814797513
2015-08-27,25.249576394490592,25.476805590744505,24.75236770087008,25.40481185913086,338464400,0.0032766397501156,0,46.073820945076776,-0.8239859249935577,-0.7668952020667597,27.68046753261697,23.489643360632545,0.02902136019363155,0.028322831725019603,-1.936612744743632
2015-08-28,25.236075366845448,25.49255313260234,25.094338196232183,25.488054275512695,212657600,-0.004678337278656,0,46.73255931515712,-0.7289560902480474,-0.7593073797030172,27.46675963751402,23.535439344724747,0.0032712832637509237,0.028339306808381377,-2.3025260744957183
2015-08-31,25.20457597022168,25.76702746189481,25.19782682695612,25.368812561035156,224917200,-0.0446968263902192,-1,45.8682021314615,-0.6557074836650401,-0.7385874004954218,27.35202341662171,23.534394163029173,-0.004689314950050427,0.027924537282511652,-3.7555523636236017
2015-09-01,24.781610001212645,25.170825424088193,24.15391400816828,24.234907150268555,307383600,0.0428891039566834,1,38.56376992991969,-0.6813005171592756,-0.7271300238281926,27.347035513909475,23.395316971747263,-0.04572652960368373,0.028815391564409737,-7.536483988568249
2015-09-02,24.799613100120496,25.274320602416992,24.55213305889593,25.274320602416992,247555200,-0.0175360800445368,-1,46.90988884499586,-0.6106717578490795,-0.70383837063237,27.306676958059864,23.37853079035322,0.04199484625909955,0.030468146917773768,-2.321545473771379
2015-09-03,25.308065840856777,25.373310417294256,24.756864087336417,24.83110809326172,212935600,-0.0099664696467806,-1,44.155333283685835,-0.5837325966372511,-0.6798172158333462,27.24759159863752,23.330525390498224,-0.017691658604655824,0.03067827357852797,-2.0239861386462
2015-09-04,24.516136457480822,24.849106786987825,24.41264558660887,24.583629608154297,199985200,0.0278209889407181,1,42.649385096836106,-0.5757160663329941,-0.6589969859332758,27.172571710020527,23.26493267688133,-0.010016467383388683,0.030698293988531227,3.31882070557295
2015-09-08,25.14158190957819,25.32381564529133,24.819859584716458,25.26757049560547,219374400,-0.0192324066969999,-1,47.93437045859485,-0.5083150550861681,-0.6288605997638543,26.924590399932466,23.34620313339273,0.027441016597991474,0.03020416680108163,8.911920301781956
2015-09-09,25.59379443542876,25.65228815762763,24.69612057404836,24.781614303588867,340043200,0.0219700242513047,1,44.7770108801065,-0.48848096694726095,-0.6007846732005356,26.88359481563731,23.312055094335832,-0.019419755431906882,0.028110903819977096,6.178915685247217
2015-09-10,24.80861088590172,25.485802996509893,24.72536915948995,25.326066970825195,251571200,0.0145685924842107,1,48.84268401746538,-0.42394258293413856,-0.5654162551472562,26.816604789874773,23.318974700786846,0.02173216087319041,0.028348860370692817,2.625570538036062
2015-09-11,25.15057952208659,25.695032119750977,25.14383037924651,25.695032119750977,199662000,0.0096316717312727,1,51.45124245111786,-0.33911395015559975,-0.520155794148925,26.788081974563898,23.326348643722238,0.01446349010677217,0.02856405392823048,1.1423830344793826
2015-09-14,26.228244621326656,26.297988073643577,25.84127762821442,25.94251823425293,233453600,0.0084120320106435,1,53.175936609837535,-0.24904574211920405,-0.46593378374298083,26.764436407771186,23.335370568547177,0.009585582886530108,0.028605047562542108,1.7830468886628765
2015-09-15,26.08200465042898,26.216992685890737,25.742283416618527,26.160747528076172,173364800,0.0011178376767291,0,54.70399777724161,-0.15823274951083732,-0.40439357689655214,26.726249245377627,23.353759642867,0.008376848044105767,0.02857091485652176,3.121687170559083
2015-09-16,26.15399327943494,26.21923785574231,25.97175955295047,26.189990997314453,148694000,-0.0213899136106959,-1,54.916318090386476,-0.08294693439967915,-0.34010424839717757,26.72244754224674,23.355536695424156,0.0011172133614052449,0.028545246760724736,8.067222353786628
2015-09-17,26.02125682940647,26.207989421525458,25.584793919332697,25.629789352416992,256450400,-0.0041257264896139,0,50.07409339964974,-0.06770550751637927,-0.28562450022101793,26.68909036600745,23.364370708821653,-0.021621993222020297,0.028818039537777847,1.4064423554317278
2015-09-18,25.245072393985996,25.715282730750296,25.168579815483454,25.5240478515625,297141200,0.0155135812772306,1,49.19238061050941,-0.06342786535385159,-0.24118517324758468,26.706789196276596,23.36466981098659,-0.004134260780669585,0.028440482318724772,2.7906115010985775
2015-09-21,25.573546878738973,25.956014965838325,25.5712983083755,25.92001724243164,200888000,-0.0157104493642689,-1,52.56098881279041,-0.027766309797026878,-0.19850140055747312,26.753004300092947,23.53106132795881,0.015394475929404017,0.0243422187142302,5.436087573635055
2015-09-22,25.50830155049554,25.688286729362176,25.314818083976963,25.51280212402344,201384800,0.0081128547906794,1,48.96549330189116,-0.031994316344359675,-0.16519998371485045,26.604869056421993,23.910476326268434,-0.015835166439356563,0.02382477137824193,0.9705390095206143
2015-09-23,25.56454660967297,25.809776372059076,25.49030431139632,25.719783782958984,143026800,0.0059482783809114,1,50.80748187510931,-0.018430892084943196,-0.135846165388869,26.408725337541792,24.34464971586397,0.00808012249996004,0.02383506181362927,3.7857480464226727
2015-09-24,25.47905611784562,25.985262530782947,25.28107378315788,25.872772216796875,200878000,-0.0025218978790962,0,52.181309079234765,0.004609966567880264,-0.10775493899751916,26.43764532868696,24.435194408251515,0.0059306572155994886,0.020620277673786845,2.1586661940105674
2015-09-25,26.196740910216345,26.25298605870687,25.65228656831411,25.807523727416992,224607600,-0.0197890333559365,-1,51.52044941347802,0.017404378421495892,-0.08272307551371616,26.470544838195707,24.442566085571386,-0.0025250832200827134,0.019657904990859815,0.43779516266705426
2015-09-28,25.61403951499989,25.776025812453643,25.296817779541016,25.296817779541016,208436000,-0.0300603536895401,-1,46.550998398855704,-0.01350992583625299,-0.06888044557822352,26.463218775368812,24.43076849880111,-0.01998745839945082,0.020184100308471044,-2.4889659858053808
2015-09-29,25.384564409988307,25.537551304124783,24.266410425611294,24.536386489868164,293461600,0.011369907322942,1,40.315457775813776,-0.0982377608173799,-0.0747519086260548,26.49642816125608,24.31431650579714,-0.03052142971896643,0.021271810374538493,-6.2091537577996005
2015-09-30,24.786114351327377,25.09433841688778,24.462143427581807,24.81536293029785,265892000,-0.0065277024213787,-1,43.31533139189816,-0.1412459182091439,-0.08805071054267262,26.425686199978365,24.44310404507779,0.011305755733798772,0.018724959380843086,-5.248677126912939
2015-10-01,24.5386350340402,24.662375055975247,24.14266868031388,24.65337562561035,255716400,0.0073007022027595,1,41.99543067550382,-0.18625419211555183,-0.10769140685724847,26.450093207618448,24.356602539757038,-0.006549101044224681,0.016121665724879178,-3.809682995754161
2015-10-02,24.300159557775835,24.975101481963375,24.196668668709677,24.833362579345703,232079200,0.0036236253088941,0,44.036007924979636,-0.20503659625005355,-0.1271604447358095,26.449959865632138,24.35696133035175,0.007274181080084041,0.015743187217141845,-2.706017776778754
2015-10-05,24.72086650705366,25.056088820595715,24.538632779190944,24.923349380493164,208258800,0.004784490533529,0,45.076341847112644,-0.21023712137785466,-0.14377578006421854,26.4232842642957,24.417608908922073,0.003617075795923075,0.01558076935075075,-3.8451666625703833
2015-10-06,24.88960800324023,25.139336655151183,24.696124512273805,25.04259490966797,192787200,-0.0047617081857905,0,46.49572781945248,-0.2024032783799612,-0.15550127972736708,26.423622484534974,24.39477313008905,0.004773081236007393,0.014304284364275974,-1.843024580638731
2015-10-07,25.139330540006743,25.146079683043784,24.615127072030617,24.923349380493164,187062400,-0.0115541325320484,-1,45.2367526687376,-0.20347152589835105,-0.16509532896156387,26.414930677345563,24.41763844496889,-0.004773081236007393,0.013641397958842979,-3.0965828063978886
2015-10-08,24.790618899677025,24.790618899677025,24.34515644796392,24.6353816986084,247918400,0.0239267700962408,1,42.26078635934495,-0.22496148902295587,-0.17706856097384227,26.43667096629442,24.32682962879835,-0.011621400169455676,0.012900093681436822,-4.782597349135821
2015-10-09,24.74786729780421,25.260822818069613,24.63312670517668,25.22482681274414,211064400,-0.0046379324607181,0,49.573516949925555,-0.19221342836020483,-0.1800975344511148,26.40511279573331,24.311367268658778,0.023645010482208573,0.013636063322302931,-2.2578567429691643
2015-10-12,25.36206495786556,25.36656381482721,25.071839764562583,25.10783576965332,121868800,0.0017025560446852,0,48.266889008746865,-0.17369826827714263,-0.17881768121632036,26.332989991639863,24.300021826292266,-0.004648721040199977,0.013428581811938416,-0.7470584305688278
2015-10-13,24.932351795069557,25.29906958120137,24.900854646148584,25.15058326721191,132197200,-0.0141336943788514,-1,48.797935385515395,-0.15380256449483198,-0.1738146578720227,26.207269630228616,24.32472576161709,0.001701108339109414,0.013248379120550775,2.5032079503531106
2015-10-14,25.038092078535033,25.0898366571712,24.648874871321997,24.79511260986328,177849600,0.0149714072084299,1,44.68975441135051,-0.16481866024311387,-0.17201545834624093,26.056561759661736,24.33594579343885,-0.014234526249339297,0.013502451195056324,-0.08160396642777311
2015-10-15,24.957098308502896,25.220325201523774,24.85810629411592,25.166330337524418,150694000,-0.0073303798087145,-1,49.47358949537529,-0.14195841897614514,-0.16600405047222178,26.010081630197533,24.336080021413792,0.014860441858961959,0.013279292209626935,2.0806672469679968
2015-10-16,25.148336778120164,25.197832795746393,24.86711096566764,24.98185157775879,156930400,0.0062139225366926,1,47.284845668252814,-0.1371464681189245,-0.16023253400156234,25.97077931286624,24.321162711364714,-0.007357379066912362,0.013339869547529675,0.5979415712980672
2015-10-19,24.927854811037783,25.14158572569893,24.77261762507307,25.137086868286133,119036800,0.0182581885691048,1,49.3168016612653,-0.11943005645802174,-0.15207203849285422,25.851381546661173,24.362267440155236,0.0061946957282041915,0.012893265459621866,0.8575793105891912
2015-10-20,25.049341561766585,25.68603713225484,24.93235239388829,25.596044540405273,195871200,-8.785591986826269e-05,0,54.857122470981054,-0.06757664263489715,-0.1351729593212628,25.865439791114145,24.356533437340442,0.018093509320192602,0.013142173572163195,2.210033076578815
2015-10-21,25.64779064448196,26.003260435541502,25.58029577198906,25.593795776367188,167180800,0.0152955765613496,1,54.82549900773309,-0.026360033008597128,-0.11341037405872967,25.840577834312665,24.368796593482745,-8.785977942560308e-05,0.013009433879981592,2.690033292229831
2015-10-22,25.72204066463746,25.985267639160156,25.670294354786165,25.985267639160156,166616400,0.0309952521197518,1,59.231480749691066,0.03746110641439415,-0.08323607796410491,25.870905119187842,24.349718850843896,0.01517977853563135,0.013399095608164597,5.479460221345018
2015-10-23,26.25523268843925,26.82443499092856,26.171990973363176,26.790687561035156,237467600,-0.0319112808766829,-1,66.47602865371806,0.15128653868837105,-0.03633155463360972,26.177481658488727,24.14145869490483,0.030524599902737037,0.014987014810936254,6.207617439418486
2015-10-26,26.565708750414164,26.57695675014961,25.85476925485123,25.935762405395508,265335200,-0.0063324907711235,-1,55.25251554634435,0.17054278758489616,0.0050433138100914555,26.263339945665315,24.119494870313687,-0.032431543918448824,0.01615499226631153,3.297483077943596
2015-10-27,25.96275756644133,26.219235273442884,25.645534145617276,25.77152442932129,279537600,0.0412049526554798,1,53.38770309590756,0.1705844797960836,0.038151547007289885,26.309230174688427,24.19711843523589,-0.006352626040086129,0.014469561922262831,2.468893685336044
2015-10-28,26.3069850251835,26.84018973399438,26.111251259969535,26.833438873291016,342205600,0.010564134641698,1,62.25751189927069,0.25338428569364524,0.08119809474456095,26.593287187009306,24.11486901721433,0.04037865080721348,0.016694726840175186,8.220677580697519
2015-10-29,26.705196032223327,27.152908653676217,26.6084543073803,27.11691093444824,204909200,-0.0085456420664986,-1,64.21509001037613,0.33798151415933475,0.13255477862751572,26.89085602090326,24.06365371420416,0.010508724072848086,0.01656754934834419,7.7507549601516414
2015-10-30,27.220400105857035,27.272146394905423,26.87392980397935,26.88517951965332,197461200,0.0140587362972086,1,61.41098686268915,0.3819240559176542,0.18242863408554344,27.086397938231144,24.07329349090704,-0.008582365431826666,0.01681851355612922,7.618842566453537
2015-11-02,27.17765915250387,27.303647748441023,26.90993166967153,27.26315116882324,128813200,0.0114704734792001,1,64.16004156864757,0.4421511469051893,0.23437313664947262,27.338621064507716,24.055050543463476,0.013960828833798011,0.016965508784842768,8.457878638353382
2015-11-03,27.175407222846523,27.782854163924345,27.155158076028844,27.57587242126465,182076000,-0.0046502558948003,0,66.29919918684261,0.5092452793904023,0.2893475651976586,27.626783734953175,24.020215624177684,0.011405186373305565,0.01703607243374284,7.7348977797490095
2015-11-04,27.701865058420555,27.8571022463373,27.362145534337124,27.4476375579834,179544400,-0.0046099963260399,0,64.59657736359988,0.5457789806553528,0.34063384828919746,27.834819850412977,24.064608326466903,-0.004661101972498027,0.017032772419204634,7.243324897231587
2015-11-05,27.5312317001019,27.721025250712767,27.153906241720836,27.321104049682617,158210800,0.0011579763290288,0,62.880603248975916,0.5580887062759174,0.38412481988654146,27.958070868300908,24.2099295436864,-0.004620655129749185,0.016746554531095706,5.140745244853037
2015-11-06,27.364039114935977,27.522199000787698,27.25332719483977,27.35274124145508,132169200,-0.0040479853374107,0,63.144226562848665,0.5638968575299934,0.42007922741523185,28.098579783413935,24.282212071444466,0.001157306391570856,0.016186667511647282,2.0979442171442666
2015-11-09,27.330135605477462,27.52218730635384,27.12452784123488,27.24201774597168,135485600,-0.0315166016309423,-1,61.49807074492065,0.5531885848553948,0.4467010989032645,28.189831285366214,24.40437876712402,-0.004056200607747584,0.01617044378524789,5.036502571848156
2015-11-10,26.4128157057653,26.677169389332995,26.22302212415356,26.383441925048828,236511600,-0.0056522592192516,-1,50.50341598438528,0.4700043902378006,0.45136175717017174,28.176934327608635,24.54056159066529,-0.03202393787306601,0.01807743947023968,2.374393867951933
2015-11-11,26.2930617005746,26.53030148551849,26.03096625380251,26.234315872192383,180872000,-0.0033590132334259,0,48.869180217311296,0.3875793174150921,0.4386052692191558,28.103787372601666,24.75762887190517,-0.005668293685578085,0.017761470986736954,-2.232747744065622
2015-11-12,26.26820421255277,26.394732080756615,26.130378474482335,26.146194458007812,130102400,-0.0292082745604508,-1,47.88315208173218,0.3115547821071907,0.4131951717967628,28.05642331059565,24.902979345959526,-0.0033646673835043828,0.017577852356028087,-3.5797457858935795
2015-11-13,26.028708219114012,26.112307991563497,25.366693244759457,25.382509231567383,183249600,0.0163787328356532,1,40.29519111799807,0.1875201590917115,0.3680601692557526,28.008542438795622,24.990925983140414,-0.02964332861106156,0.018856137576841688,-5.589214262034112
2015-11-16,25.165599744219016,25.81179863453297,25.07974178929681,25.798242568969727,152426800,-0.0042911613727605,0,45.370417123712656,0.12136896673171904,0.3187219287509459,27.946718284183408,25.118865707820984,0.016246048234388244,0.019139433666985162,-5.373218197640732
2015-11-17,25.965447914703173,25.99482169704837,25.603938362794544,25.687538146972656,110467600,0.0316648732356634,1,44.29074021494611,0.05932686535894405,0.26684291607254557,27.939684576221982,25.135048776439152,-0.00430039483002842,0.018756365432167438,-6.847777090946492
2015-11-18,26.155237279128617,26.54611882638717,26.096491447747365,26.500930786132812,186698800,0.0127034313796052,1,53.11836290562556,0.07492831424081103,0.22845999570619868,27.91706478466691,25.248382068970788,0.031173879084706257,0.019994745614430404,-3.4491375436252345
2015-11-19,26.580007946889527,27.056749134258332,26.38117817716455,26.837583541870117,173183200,0.0043777734646148,0,56.21112677856627,0.11315327819008658,0.20539865220297626,27.934843894451202,25.315834549457488,0.012623419697952443,0.019912319990088547,-1.769769285067076
2015-11-20,26.93247666370813,27.095156332926983,26.853396747785876,26.9550724029541,137148400,-0.0129924376359525,-1,57.27055241158327,0.15118444651955087,0.1945558110662912,27.94916062390397,25.317956304196613,0.004368218889389208,0.01873786969482188,-1.4538536923614949
2015-11-23,26.94829383745531,27.05222941590253,26.512222597461033,26.604860305786133,129930000,0.0095967992220586,1,53.14318246003611,0.15132089889511136,0.18590882863205524,27.943380458289838,25.39064625984981,-0.013077577608355373,0.01741097285949798,-2.3388775608582235
2015-11-24,26.50997016808758,26.966375604988837,26.46252220611864,26.86018180847168,171212800,-0.0071501656207919,-1,55.652480737483764,0.1700708786184535,0.1827412386293349,27.931547028947648,25.511345427107038,0.00955104245713434,0.01740751402959638,1.8069662206212287
2015-11-25,26.934740619155768,26.939260457207514,26.643273122091355,26.668127059936523,85553200,-0.0018637828562445,0,53.33858732186904,0.16750229728073407,0.17969345035961473,27.92236663820902,25.50399463651022,-0.007175850562617825,0.014977440791730339,1.6536020602083545
2015-11-27,26.72687718301395,26.75399104424228,26.570975497624552,26.618423461914062,52185600,0.004159154812507,0,52.727583186104596,0.15961605852966798,0.1756779719936254,27.883598072986505,25.492914454479315,-0.0018655218605991841,0.014761070378549951,1.8061098897764072
2015-11-30,26.65908990456631,26.979931187118545,26.60486391301639,26.72913360595703,156721200,-0.0081150931327229,-1,53.991801677412106,0.1604499734656848,0.1726323722880373,27.87258524242808,25.48832269366811,0.00415052943604266,0.014687952300094839,5.305324080075175
2015-12-01,26.830805536876884,26.844361602791125,26.403772222447635,26.512224197387695,139409600,-0.0090334985342849,-1,51.10791523340521,0.14197152125371915,0.16650020208117366,27.806218028515797,25.47959721043684,-0.008148199731404127,0.014387789140469264,2.767559171944332
2015-12-02,26.512225764605457,26.686203331916857,26.22753802069925,26.27272605895996,133546400,-0.0092880490908001,-1,48.05577584114863,0.10677092775149077,0.1545543472152371,27.668452559833945,25.487048042888226,-0.009074547982592218,0.014155636999132182,2.2781004105536313
2015-12-03,26.33372894806816,26.387954932856985,25.807279912796588,26.028703689575195,166278000,0.0332466031492091,1,45.100425200192426,0.05850918055237031,0.13534531388266374,27.545286805659618,25.468320410221732,-0.009331451979918803,0.014232855887320008,-1.781926455219906
2015-12-04,26.04904098851318,26.943777545428325,26.008371066661898,26.89406967163086,231108000,-0.0063008156316226,-1,55.54204288443679,0.08906254321786733,0.12608875974970446,27.472367147445397,25.498536630630774,0.03270588686421805,0.016263780493356344,0.210473978302169
2015-12-07,26.882776689002103,27.081606483783677,26.61842130394424,26.7246150970459,128336800,-0.0004225846177343,0,53.40023678228938,0.09846766137103558,0.12056454007397069,27.365669378454157,25.542421785181098,-0.006320749547835902,0.01630262547818482,-0.8549682318157917
2015-12-08,26.55290015819158,26.796919743026645,26.40377822777912,26.713321685791016,137238000,-0.0220757255341731,-1,53.25285028789937,0.1038133061901263,0.11721429329720182,27.274680755065273,25.580540802551912,-0.00042267393177652934,0.016288910363108457,0.4076750592119974
2015-12-09,26.580011147818137,26.59130901997083,26.001595948916012,26.123605728149418,185445600,0.0047570536056726,0,46.098021975355,0.05977556341669299,0.10572654732110005,27.27190890406147,25.557329033865777,-0.022323040916644832,0.015438052079159213,-2.7422602183948976
2015-12-10,26.218505062888177,26.42185472142567,26.098755187253175,26.24787712097168,116850800,-0.0257382090706013,-1,47.69290889868784,0.034505242854475426,0.09148228642777513,27.27203673585119,25.558557326953984,0.0047457745819721175,0.015429999588698205,-1.5758509700375039
2015-12-11,26.026451015932764,26.07163905887433,25.497741949687065,25.572303771972656,187544800,-0.0061848617449722,-1,40.651109846469645,-0.03957855457572279,0.06527011822707555,27.31307629817176,25.4601286960299,-0.026075232265962534,0.016491775926746756,-3.9300587859315033
2015-12-14,25.346358823855457,25.45933064929182,24.80635363617469,25.414142608642575,257274800,-0.0176919965206504,-1,39.19215780356779,-0.1097872230892385,0.030258649963812747,27.307879054012304,25.46848927789688,-0.0062040672321797,0.015134326477265748,-4.9196918115647
2015-12-15,25.292135042747123,25.486446737400176,24.932883710051023,24.964515686035156,213292400,0.007692803720124,1,35.31217164130608,-0.1994105529521093,-0.015675190619371664,27.430309545558266,25.262686098057458,-0.017850370640980273,0.01513575230313826,-5.837716593785586
2015-12-16,25.095558783872654,25.303426508670157,24.58266750493335,25.15656280517578,224954000,-0.021196070992178,-1,38.1296075452879,-0.25203577849212166,-0.06294730819392166,27.489637903323707,25.150260206112325,0.00766336498679232,0.015261075717355565,-4.248372442506883
2015-12-17,25.310209770590262,25.362177574432273,24.62334251403809,24.62334251403809,179091200,-0.0270692872341259,-1,33.73611319248313,-0.3329302572994983,-0.116943898015037,27.605222460314916,24.846916821911645,-0.02142393331478898,0.013886938128689094,-5.39927455588182
2015-12-18,24.60752503203201,24.74534907981034,23.907098301459307,23.956806182861328,385813200,0.0122604887507955,1,29.205886155972507,-0.44568603483733327,-0.18269232537949626,27.747622318295615,24.416439228030068,-0.027442409233142673,0.014296009494815232,-10.921602883582532
2015-12-21,24.239230465424725,24.25956628692595,23.852867095031055,24.25052833557129,190362400,-0.0009315523725682,0,33.447093533716945,-0.5055175858563565,-0.2472573774748683,27.741097165447616,24.152509974139786,0.012185937694968896,0.014686679601937877,-9.257707744303833
2015-12-22,24.266347704119205,24.338649601228077,24.051700208086512,24.227937698364254,131157600,0.0128695192418892,1,33.28194394175166,-0.5484353751116338,-0.30749297700222145,27.74297288056764,23.912941998277578,-0.0009319865371320013,0.01459841642257152,-9.303912170341409
2015-12-23,24.236974225769565,24.593965601311073,24.221158239451302,24.53973960876465,130629600,-0.005340166491384,-1,37.84377036966394,-0.5509373610191659,-0.35618185380561035,27.643836782937235,23.780033875937278,0.012787410693789525,0.014781249851537266,-6.062969009205641
2015-12-24,24.62785893960525,24.62785893960525,24.390617407083724,24.408693313598633,54281600,-0.0112006663965551,-1,36.70775589002694,-0.5570729534554708,-0.39636007373558246,27.55805022590598,23.63987705833474,-0.005354476147160447,0.014769616097176901,-7.006981169930749
2015-12-28,24.309275527853192,24.331871271022415,23.990695890162716,24.135299682617188,106816800,0.0179740581679186,1,34.3884881848481,-0.577340810360436,-0.4325562210605532,27.47404830362117,23.475566602689863,-0.011263866223674146,0.014833220869366632,-5.619376737306049
2015-12-29,24.16692959183629,24.725010613745606,24.144335574408643,24.569108963012695,123724800,-0.0130586310112287,-1,40.78203239723523,-0.5520349344525997,-0.4564519637389625,27.316087638628233,23.417524803388368,0.017814434667990486,0.015568295191467945,-3.32505274186393
2015-12-30,24.532959488112898,24.560071620173023,24.216638064844503,24.24827003479004,100855200,-0.0191948023283426,-1,37.84478472215047,-0.551511385671315,-0.475463848125433,27.186552209013477,23.32066481674336,-0.013144644566623231,0.015674489240881953,-2.869054862721716
2015-12-31,24.17823067554295,24.182748790103684,23.683413526199157,23.78282928466797,163649200,0.0008550770339237,0,34.01714070603636,-0.5819453444914835,-0.49676014739864316,27.1037512778883,23.154476070439337,-0.019381414393700336,0.016000136716606342,-5.460736155199934
2016-01-04,23.184080258860124,23.807685274554252,23.04625448140937,23.803165435791016,270597600,-0.0250592281201316,-1,34.32966499293182,-0.5975355013750594,-0.5169152181939264,27.02767226913572,23.008001253813497,0.0008547116638215613,0.016016391038357225,-3.330892537353449
2016-01-05,23.89354551619863,23.916139540718373,23.13889440959507,23.206676483154297,223164000,-0.01956968457749,-1,29.861917136852046,-0.6505236546836386,-0.5436369054918688,26.797004829397398,22.869929374704167,-0.02537855661932964,0.014068460931256483,-3.1311757251000896
2016-01-06,22.7208971652435,23.129856420844877,22.56499718961815,22.75252914428711,273829600,-0.042204807526743,-1,26.982645316394503,-0.7208534923742533,-0.5790802228683457,26.59661664920835,22.67310895961733,-0.019763706322650343,0.014334149883025,-6.17718167025201
2016-01-07,22.29611809841868,22.623735681519346,21.787744916757767,21.79226303100586,324377600,0.0052875071047704,1,22.12498191570518,-0.8443427874377782,-0.6321327357822323,26.476484749323426,22.30113499402374,-0.04312131042924339,0.016197694587882523,-10.053165472366388
2016-01-08,22.26674097284663,22.393268828721837,21.862301749173827,21.907489776611328,283192000,0.0161922939161405,1,23.895496970581952,-0.9222796424684461,-0.6901621171194751,26.371201878150142,21.98480627004322,0.0052735773200609515,0.016284060982405785,-10.726478251681131
2016-01-11,22.36163802413125,22.381972120388554,21.993348858551297,22.262222290039062,198957600,0.014513594114232,1,29.229875228847767,-0.9445332213504507,-0.7410363379656703,26.106732433597458,21.85071023150264,0.016062596913296368,0.016962049857320253,-8.793879278919544
2016-01-12,22.718634798918274,22.750266772155083,22.33226963872977,22.5853271484375,196616800,-0.0257106195850156,-1,33.78261331396587,-0.9254297036068415,-0.7779150110939045,25.90774191629982,21.751003086446765,0.014409280010842629,0.017135722584555133,-6.422014868520627
2016-01-13,22.666659130480447,22.863230659182054,21.984310299820383,22.0046443939209,249758400,0.0218711977554204,1,30.042085363731474,-0.9462386236425822,-0.8115797336036401,25.74863439674141,21.569160784533004,-0.026046914317741976,0.017700467254569398,-10.437759761464866
2016-01-14,22.133440764418324,22.702819753922995,21.63184556255437,22.485912322998047,252680400,-0.0240154162822011,-1,36.33396153049619,-0.9133668188024089,-0.8319371506433939,25.59404885309648,21.47588599187422,0.02163545424559432,0.01862811570452325,-7.267972969879755
2016-01-15,21.7357761368932,22.07695149490277,21.545984318437903,21.945903778076172,319335600,-0.0048389645239942,0,32.77232972886388,-0.9202814217982898,-0.8496060048743731,25.403188611032142,21.3456803312286,-0.024308488064900935,0.01883428332919577,-7.723746761181203
2016-01-19,22.235109612402148,22.289335591561542,21.57761293531985,21.83970832824707,212350800,0.0013451179475956,0,32.10581473464196,-0.9236827401227572,-0.86442135192405,25.284027950622516,21.186477573059122,-0.004850710219481247,0.01852022110009709,-8.2487226870744
2016-01-20,21.48724000536185,22.18540675539229,21.107654617921323,21.86908531188965,289337600,-0.0050624911747639,-1,32.51469654350831,-0.9134778285465366,-0.8742326472485474,25.23397128587809,21.02776215070638,0.0013442140868913377,0.01787323750865974,-5.763820477419955
2016-01-21,21.930089186060137,22.115362902239465,21.4510897716426,21.758373260498047,208646000,0.0531670227726051,1,31.738932051201655,-0.9039042543052744,-0.8801669686598929,25.124503446158748,20.8880144829184,-0.005075348996641527,0.017433450156684877,-4.369430217997032
2016-01-22,22.284818289817064,22.92423913865743,22.226074190632893,22.91520118713379,263202000,-0.0195227050735528,-1,46.18663730945404,-0.7938201178968178,-0.8628975985072779,24.983386303158497,20.897857974795606,0.0518018366919657,0.021630803581644566,5.152921266277954
2016-01-25,22.93779589944244,22.94005581834511,22.415866680773057,22.46783447265625,207178000,0.0055312499151076,1,42.44523567893439,-0.7342128530006882,-0.83716064940596,24.750982947650307,20.923070816692956,-0.019715790241650044,0.021620228279245344,2.557776823171918
2016-01-26,22.57855361003625,22.793199431708945,22.158298197574815,22.59210968017578,300308000,-0.0657066256741792,-1,43.80701153208093,-0.6692312146275121,-0.8035747624502705,24.520513870872104,20.971881530128872,0.0055160087283421255,0.021731599964113175,1.4818259643572174
2016-01-27,21.699631454414735,21.832937399537972,21.089582477931675,21.10765838623047,533478800,0.0071716493356701,1,33.585009488002854,-0.7291108750814566,-0.7886819849765078,24.385785514764518,20.803845756597784,-0.06796478480013057,0.026022315033764475,-6.542605083802204
2016-01-28,21.191253056427215,21.35619093937194,20.874931632771354,21.259035110473633,222715200,0.034541175254626,1,35.244395899365436,-0.7556405470065322,-0.7820736973825126,24.064947083458925,20.793676802649472,0.007146055353099534,0.025599218267370452,-3.3884177817172585
2016-01-29,21.417192075399303,21.99334716796875,21.317776348949,21.99334716796875,257666000,-0.009348488506656,-1,42.72067560648571,-0.7092370141903075,-0.7675063607440716,23.731043403034743,20.902088196391528,0.033958019494149116,0.02714689554920172,-2.1905500117311814
2016-02-01,21.796780566100505,21.85100655041401,21.555020969762147,21.787742614746097,163774000,-0.0202220037166951,-1,41.283462884130834,-0.6811999996860649,-0.7502450885324703,23.476528995198354,20.95709393723573,-0.009392459883840854,0.02695728824355698,-0.7206864886014703
2016-02-02,21.559536601646197,21.69962224579377,21.301961051042397,21.347150802612305,149428800,0.0197927905107686,1,38.30923146194077,-0.6866176400061086,-0.737519598827198,23.177766391819713,21.010255077296495,-0.02042926738510431,0.027159086938211122,-2.2553301455848698
2016-02-03,21.464646901559114,21.88038239306421,21.25677915580657,21.769670486450195,183857200,0.0080349920099545,1,42.581382308780974,-0.6493322536258432,-0.719882129786927,22.985130199559578,21.05919066988622,0.019599460101052735,0.027283533293138363,-0.4545906882781416
2016-02-04,21.776484545584424,22.11042423534878,21.624281283757696,21.944589614868164,185886800,-0.0267079868078018,-1,44.30106504367815,-0.5987665958914299,-0.6956590230078277,22.884702471250126,21.078824445253783,0.008002883342239198,0.027101967140565338,0.8558376682883264
2016-02-05,21.926418038273624,22.017286262241782,21.283529123337583,21.35849380493164,185672400,0.0105297355724709,1,39.98032701409371,-0.5990801583350027,-0.6763432500732627,22.900249573047773,21.019900420848714,-0.027071125488835612,0.02603071503873673,-6.793339362327719
2016-02-08,21.156312963279618,21.740139007118984,21.135868522754375,21.583393096923828,216085600,-0.0002105000091022,0,42.305639312171834,-0.5745580183431507,-0.6559862037272403,22.898177585468645,20.989562740459093,0.010474684021826608,0.026122562623029498,-3.93647806515934
2016-02-09,21.41983169224874,21.794662052129024,21.338050459796044,21.57884979248047,177324800,-0.007579772612125,-1,42.2700115565386,-0.5491602746203093,-0.6346210179058541,22.864903629663637,20.954499446508237,-0.00021052216733874474,0.02582320433445595,-4.485016680776971
2016-02-10,21.790117372280967,21.887800413343935,21.376668584491327,21.415287017822266,169374400,-0.0060466104691417,-1,40.93351884139615,-0.5360512634185035,-0.614907067008384,22.77657310324329,20.92582595986706,-0.00760864507890302,0.025574759368185873,1.4574266172152837
2016-02-11,21.306243290431407,21.51751115021208,21.0336386499454,21.285797119140625,200298800,0.0030952819598188,0,39.85904168339111,-0.5300015028171252,-0.5979259541701323,22.769393293099018,20.86112104253331,-0.006064965245081044,0.024996811396696485,0.12588534017617486
2016-02-12,21.39711764934432,21.46753971177463,21.129057295785937,21.351682662963867,161405600,0.0281943762929979,1,40.71179871485726,-0.5139659318664158,-0.581133949709389,22.68079054016912,20.836300829459788,0.003090501436784354,0.024424577043971354,-2.9175391090056864
2016-02-16,21.585664494324515,22.001385468274144,21.49252581700556,21.95368003845215,196231600,0.0153143543847025,1,47.97101102016493,-0.44752270607558486,-0.5544117009826283,22.681501482229336,20.836367513437168,0.02780423115630537,0.024762825004977545,0.7616090690999053
2016-02-17,21.96048944527315,22.310330910999102,21.84236199096535,22.289886474609375,179452800,-0.0189564379548052,-1,51.53965967035159,-0.3635461871890229,-0.5162385982239072,22.732327391269347,20.83055941903339,0.015198273297296172,0.02496039208924119,4.416213108316569
2016-02-18,22.453445967717037,22.464805142772317,21.828729469345912,21.86734962463379,156084000,-0.0022856068262573,0,47.161521502221945,-0.3273162850715181,-0.47845413559342936,22.73220891209113,20.83050432948602,-0.01913841464814947,0.025363347600101404,0.44869369173222384
2016-02-19,21.808282468717618,21.980931856881604,21.762849240174415,21.81736946105957,141496800,0.0087465363941432,1,46.65665186504881,-0.2991879556056425,-0.442600899595872,22.735221259979255,20.833391601654043,-0.002288222812376617,0.02534166440581129,-0.5797335746137536
2016-02-22,21.878709241141976,22.0127402408157,21.790113213038563,22.008195877075195,137123200,-0.0226051040881533,-1,48.90565363419574,-0.2585179212068489,-0.4057843039180674,22.54533891119353,20.93257341943391,0.008708507033938773,0.02237600197223503,3.041890865888397
2016-02-23,21.89915827711047,21.92187489928458,21.47889470080425,21.510698318481445,127770400,0.0148904915062784,1,43.72935055380835,-0.26339427589667963,-0.37730629831378987,22.42951634564193,20.95268236956803,-0.022864516267507184,0.022517695387543647,-0.33680885167561364
2016-02-24,21.34940463654758,21.894610414277626,21.199471834454982,21.83100318908691,145022800,0.0068679742922539,1,47.576540084283906,-0.23866175184871352,-0.3495773890207746,22.27031019399783,21.035777872103246,0.014780716531593185,0.02277807146177635,1.1685210242035655
2016-02-25,21.819647698552124,21.980937957763672,21.637911267604633,21.980937957763672,110330800,0.0015503705113923,0,49.32314548962987,-0.20460401782154491,-0.3205827147809287,22.275849726383907,21.11756629687049,0.006844497188944754,0.016641976640124324,2.6413418576676526
2016-02-26,22.0808942438888,22.267173329381738,21.940050138496137,22.015016555786133,115964400,-0.0022702759930964,0,49.73308090157952,-0.17287041761246869,-0.2910402553472367,22.29275666830007,21.176257499485576,0.001549169927770766,0.01659836629143847,3.42584979347463
2016-02-29,22.003654820934734,22.314877899084316,21.955949397247647,21.96503639221191,140865200,0.039714293281394,1,49.10568996600857,-0.150024898672676,-0.2628371840123246,22.288846615315368,21.17733647489459,-0.00227285697674251,0.014774792404395613,2.872624789951344
2016-03-01,22.183114388627875,22.891882514537105,22.130864611905913,22.83736228942871,201628400,0.0021886931440686,0,58.86047902097948,-0.06082905130742233,-0.22243555747134414,22.521189352274405,21.049955705403818,0.03894595741272022,0.016960574754152562,4.025212399145755
2016-03-02,22.83282602738653,22.919149885647094,22.635187773144615,22.887346267700195,132678400,0.0074440223271501,1,59.34136069650092,0.013734269553765444,-0.17520159206632224,22.71214009444052,21.013024509746494,0.0021863014443912476,0.016093486001341386,2.680407519219053
2016-03-03,22.848724515856876,23.105425604313712,22.81919135122154,23.057720184326172,147822800,0.0148772186287471,1,61.01415640379657,0.08558739155985862,-0.12304379534108607,22.92152091640034,20.93244865757427,0.00741645232952548,0.015676538326664727,5.443597784486046
2016-03-04,23.25536643658784,23.56886004749615,23.02819670119028,23.400754928588867,184220400,-0.0110670741523066,-1,64.20720389092186,0.16827181271311176,-0.06478067373024651,23.18395336215908,20.8156327431876,0.014767638308439412,0.015864867426075464,7.257453609865206
2016-03-07,23.259904515262185,23.359859733883138,22.93505178791128,23.14177703857422,143315600,-0.0082460531464879,-1,60.19859177307491,0.21047622196063998,-0.009729294592069213,23.333548387161816,20.84436604154912,-0.011128769833539831,0.014614441652122128,5.150722793592621
2016-03-08,22.89415630455838,23.11678331690598,22.807832464308035,22.95094871520996,126247600,0.0008908902894371,0,57.357000945538296,0.2259209929037418,0.03740076290709299,23.43318449967013,20.88148549086942,-0.00828023990969573,0.014778554817327096,6.695507395457678
2016-03-09,23.014556547238335,23.07589332293961,22.77829990469187,22.97139549255371,108806800,0.000494535408644,0,57.588010833067216,0.23707808066260583,0.07733622645819556,23.520797662108826,20.933126898438047,0.0008904936822213827,0.014767731382950833,5.223728353614416
2016-03-10,23.037277631026782,23.22582714453924,22.75104335452735,22.982755661010746,134054400,0.0107740657913222,1,57.72503924611629,0.24402386849119395,0.11067375486479525,23.582802657740483,21.027868767125238,0.000494413166309382,0.014567499021757397,4.557665851985318
2016-03-11,23.225829018116897,23.2349160138526,23.057723929924467,23.23037338256836,109632800,0.0025422422078711,0,60.70519370388284,0.2664378069029034,0.14182656527241688,23.65050489978173,21.154624151426766,0.010716439090883156,0.014468593157716002,5.520581025694475
2016-03-14,23.15085873306552,23.37802837197383,23.12132557078069,23.289430618286133,100304400,0.0200939873315868,1,61.40402706469574,0.2856733750958007,0.17059592723709366,23.70620055566425,21.292703291076474,0.0025390161765614927,0.014471687211471329,6.029556256705359
2016-03-15,23.616562301184608,23.893709618325744,23.591573495005175,23.757408142089844,160270800,0.0132908372086599,1,66.48975011636763,0.33481998027861337,0.2034407378453976,23.88602765679984,21.293249000304655,0.0198947674938732,0.013893338416976778,4.028687030493959
2016-03-16,23.764213176191937,24.15040082212629,23.75966881339275,24.073163986206055,153214000,-0.0016035627473652,0,69.41787415544107,0.3946980433538627,0.24169219894709063,24.117907462323988,21.23969694594017,0.013203288905503818,0.013815256336165174,5.181106208802139
2016-03-17,23.970952168946884,24.186764479554142,23.84373765872296,24.03456115722656,137682800,0.0011338753841749,0,68.62834576168132,0.4340336443819339,0.2801604880340593,24.290486197698304,21.283839363825134,-0.0016048498302372316,0.012798732936222119,4.2365028506348565
2016-03-18,24.15722420914752,24.193572191778433,23.895980449948468,24.061813354492188,176820800,-9.456755754133628e-05,0,68.89728969563048,0.46207984731250207,0.3165443598897479,24.431198610454512,21.367571340412187,0.0011332330329998364,0.012722699405766444,2.8249448700293875
2016-03-21,24.064080517871087,24.454812583825912,23.8846162906864,24.05953788757324,142010800,0.0076476953181146,1,68.84422013360341,0.47860598219263295,0.3489566843503249,24.555889116542357,21.448015035374144,-9.457202933482733e-05,0.01273612787599598,3.96581838753885
2016-03-22,23.909598342265273,24.373024494361353,23.900511351067347,24.24353790283203,129777600,-0.0055282222800567,-1,70.80269561743474,0.5007776733336904,0.379320882146998,24.623038639329202,21.654149471022357,0.007618599943824744,0.011000265423792474,5.631964079835405
2016-03-23,24.189025000173334,24.32305426123006,24.057266187727596,24.109514236450195,102814000,-0.0043341435179418,0,67.47553206895856,0.5017504417432761,0.40380679406625364,24.666110079554237,21.838929135533654,-0.005543559451826052,0.01108293218848707,4.954504153939673
2016-03-24,23.959586897975147,24.136778974552172,23.827828065024537,24.00502014160156,104532000,-0.0045424337636893,0,64.91423905671265,0.4884589172130802,0.420737218695619,24.675516577977277,22.0319308554944,-0.0043435631451558265,0.011263885081063043,4.447963053991131
2016-03-28,24.07998581174899,24.123148605081635,23.866445760314352,23.895978927612305,77645600,0.0236713061350735,1,62.258442451855366,0.4637804018103573,0.42934585531856667,24.636105519010115,22.259438151644183,-0.004552781965176056,0.011426754670579796,2.8652382554617195
2016-03-29,23.827824429272315,24.48661676033685,23.825552247487547,24.46162796020508,124760400,0.0174590317707579,1,69.27978479498134,0.48428313562690306,0.44033331138023396,24.62886237520285,22.516340452250766,0.023395484986498793,0.012095324075275554,5.0331730351474375
2016-03-30,24.68198083628088,25.084070321885175,24.67062166142668,24.88870429992676,182404400,-0.0052025278244849,-1,73.31616221572224,0.5288964027757608,0.4580459296593394,24.82055806620817,22.529778962295246,0.01730837390804929,0.009657176450408238,4.761866913557188
2016-03-31,24.925054733432507,24.965945340510757,24.73423132267837,24.759220123291016,103553600,0.0091750518952293,1,70.30023962282984,0.5474932857074783,0.4759354008689672,24.946802489958138,22.590721924104365,-0.005216108093998084,0.009881723848590972,2.849879382195343
2016-04-01,24.711512207009157,24.988659434406525,24.579753404940448,24.986387252807617,103496000,0.0102739200567203,1,72.44204922576127,0.5739458477868418,0.4955374902525421,25.108572953042913,22.621818167867733,0.009133216804640298,0.009920975248433671,3.96023912962051
2016-04-04,25.084075582474743,25.486166885571684,25.04999978393256,25.24309539794922,149424800,-0.0117892786300689,-1,74.66546035376479,0.6086082387972205,0.5181516399614778,25.316954348755146,22.597670819091533,0.01022150205988348,0.009711553598353784,4.909364169914041
2016-04-05,24.877347660993312,25.15449489797822,24.85690149222933,24.945497512817383,106314800,0.0104728899253552,1,67.83283370913716,0.6050896740934419,0.5355392467878707,25.418036421333472,22.67696079393752,-0.011859323236576014,0.009771804204534842,3.6823634326814845
2016-04-06,25.04091605685505,25.211293326842313,24.806929816878743,25.206748962402344,105616400,-0.02180991307543,-1,70.3941272967378,0.6162779265107226,0.5516869827324411,25.5225571305735,22.798020109416736,0.010418429124961825,0.009449125819892028,3.9730631042006213
2016-04-07,24.977300237106117,25.084070240991014,24.56158112955084,24.656991958618164,127207600,0.0011059485053606,0,59.63358367431413,0.5741652815043174,0.5561826424868164,25.507110564605096,22.982026321991587,-0.022051264924784153,0.011170137377566294,2.2707953250267456
2016-04-08,24.74105374906479,24.936418103579808,24.572946917136136,24.684261322021484,94326800,0.0033127893465305,0,59.96052892054237,0.5368031837052136,0.5523067507304958,25.463351386612477,23.195936066085277,0.0011053373948417544,0.011162201435397206,2.8295797146313415
2016-04-11,24.75467763708124,25.127235733446977,24.72287402396467,24.766035079956055,117630000,0.0130252642855519,1,60.98112344291076,0.5079367324020616,0.543432747064809,25.435075884230873,23.377777738205648,0.0033073141486892332,0.011034798510433767,3.6410148961856588
2016-04-12,24.838731205429305,25.102248857939628,24.68425749168236,25.088619232177734,108929200,0.0144876004872256,1,64.79354529214788,0.5052653227844885,0.535799262208745,25.428743104688085,23.564029379137597,0.012941165020258882,0.011245113326545098,2.5631624885827757
2016-04-13,25.1704031846823,25.52024299376209,25.1704031846823,25.45209312438965,133029200,0.0005353625953754,0,68.52521992568404,0.5264093969895107,0.5339212891648981,25.537168162595993,23.62507281945967,0.014383657919463833,0.010889828370926245,2.2636326008523673
2016-04-14,25.356678753868643,25.5315986341711,25.290799342720003,25.46571922302246,101895600,-0.0200711971826713,-1,68.65933348692592,0.5380632818332209,0.5347496876985627,25.650515261029163,23.65098124470814,0.0005352193399481564,0.010658335099350782,2.853478809968013
2016-04-15,25.467995769757117,25.51115856832668,24.927332495721902,24.954591751098633,187756000,-0.0215748315440803,-1,58.57663482209774,0.5002883416361286,0.5278574184860759,25.662977692832804,23.73052187229171,-0.02027536014307163,0.011819880424450568,-0.127251296425063
2016-04-18,24.736509020381938,24.750138648058257,24.293528789228628,24.416200637817383,243286000,-0.0053034417845123,-1,50.21214724197159,0.42204272028963175,0.5066944788467871,25.64584081373654,23.78309747972049,-0.02181097084363115,0.012954950694884986,-3.2757264792455443
2016-04-19,24.507063867598657,24.53432485248601,24.13223529110822,24.286710739135746,129539600,0.0020577652286366,0,48.42123829656085,0.345599888624303,0.4744755608022903,25.630120644121916,23.821534934491368,-0.0053175549529203,0.013024923656952576,-2.6409045293369764
2016-04-20,24.22537443058636,24.55476977187876,24.09361560080256,24.336687088012695,122444000,-0.0108282241068236,-1,49.17469452376414,0.28575703821430665,0.4367318562846936,25.625708231807575,23.835262265323774,0.002055650929758901,0.01292322951454654,-3.451702064742294
2016-04-21,24.291246605068977,24.291246605068977,23.970936621223487,24.073163986206055,126210000,-0.0027364914357674,0,45.40801649243945,0.21459333774082268,0.39230415257591944,25.629058887237253,23.82827658486968,-0.010887275997107704,0.01310204999153604,-2.367798851506088
2016-04-22,23.855084734037895,24.189024387077033,23.766488711782632,24.007287979125977,134732400,-0.0056776448662254,-1,44.490575566199006,0.1511377275430661,0.3440708675693488,25.62880821432706,23.828754041532314,-0.0027402424731404196,0.013079446187971659,-2.7425302870682295
2016-04-25,23.852809138951542,24.000469732635512,23.74149651492308,23.870983123779297,112126400,-0.0069466339919155,-1,42.57386135973441,0.08882610456796058,0.29302191496907115,25.632237970056508,23.822824705419563,-0.0056938239603354646,0.013102839843320384,-3.614030075008462
2016-04-26,23.60520664187803,23.920972416763675,23.60520664187803,23.70516014099121,224064800,-0.0625780726309912,-1,40.29926399253944,0.025766149426953433,0.23957076186064763,25.693540256725964,23.685875636828722,-0.006970874177516073,0.01195157850554417,-5.514289480754485
2016-04-27,21.808288180529782,22.423917774312617,21.73559395592137,22.221736907958984,458408400,-0.0305664348329139,-1,26.6051853736855,-0.14226918614679818,0.16320277225915847,26.021558695310837,23.091160459047074,-0.06462180207838975,0.017766567435580673,-12.691907893952942
2016-04-28,22.17402896433645,22.23536400527685,21.41073882615134,21.542497634887695,328970800,-0.0114942945987829,-1,22.78693794939477,-0.3264838305462021,0.06526545169808635,26.358118087752207,22.43292881776537,-0.03104333148791527,0.018648778774492503,-15.40589352209597
2016-04-29,21.35167423135176,21.51750883311046,21.015464130740742,21.29488182067871,274126000,-0.0010666701538633,0,21.57153813945457,-0.48684375842512395,-0.045156390326555704,26.570710304296654,21.851186058008032,-0.011560864611473765,0.018279392365456212,-14.665477066996306
2016-05-02,21.34713361091707,21.372122412619245,20.99047730763794,21.272167205810547,192640400,0.0164460004544173,1,21.45846912333774,-0.6087457936083496,-0.15787427098291448,26.643944231687968,21.38085931140285,-0.001067239451342683,0.017856752854657466,-12.876833208591654
2016-05-03,21.39938223797092,21.74922373803277,21.281254772069264,21.62200927734375,227325200,-0.0104014939803248,-1,27.740616140685013,-0.6694081824916118,-0.26018105328465396,26.636069954222343,21.056384765321113,0.016312229659364963,0.018674972431959314,-10.971849957014065
2016-05-04,21.62654815721305,21.78556793866074,21.313054690673432,21.39710807800293,164102000,-0.0040587446505679,0,26.285081707297095,-0.7272479482878289,-0.353594432285289,26.56564588260752,20.745844748495998,-0.010455967586005865,0.018219232774356334,-12.078796918327013
2016-05-05,21.48396329708007,21.499961923403585,21.1822736694656,21.31026268005371,143562000,-0.0055769792749569,-1,25.72379957181758,-0.7712041162177066,-0.43711636907177254,26.53065705519694,20.44616064805013,-0.004067003709820494,0.017940929205120654,-11.477100840319489
2016-05-06,21.339975454728172,21.358258353407972,20.99257422401989,21.191415786743164,174799600,0.000754967978215,0,24.938968686029696,-0.8063347222819246,-0.510960039713803,26.460589930982863,20.166943218736378,-0.005592588686502253,0.0178381174214267,-11.729239032876919
2016-05-09,21.255410506068365,21.43139539570999,21.1617030206154,21.207414627075195,131745600,0.0067895858840074,1,25.269508790042185,-0.8233934409407162,-0.5734467199591856,26.336052167192463,19.935618937238686,0.0007546831332478909,0.017764734799974206,-11.158185161007314
2016-05-10,21.33083527309076,21.385687462070983,21.052000551551853,21.351404190063477,134747200,-0.0097414886256693,-1,28.328534383460877,-0.8158887859655941,-0.6219351331604673,26.107437219890272,19.790512380329453,0.006766640447226191,0.017436738346648786,-9.929297827680966
2016-05-11,21.365106116133575,21.385675021140507,21.13198139707652,21.143409729003903,114876400,-0.0234564243828456,-1,26.63261749588798,-0.8173033433663015,-0.6610087752016343,25.7648984296244,19.702182831056756,-0.009789247339739848,0.01661733249912614,-4.852578281443273
2016-05-12,21.1914177654938,21.20513037671393,20.44862109992951,20.6474609375,305258800,0.0019921080558578,0,23.08398523556888,-0.848660483177806,-0.6985391167968686,25.379556828933918,19.60569860319499,-0.023735905373117205,0.01674903852322535,-4.154748964382844
2016-05-13,20.569746255195167,20.95142890610456,20.569746255195167,20.6885929107666,177571200,0.0371192153690573,1,23.988578585021436,-0.8602755152689383,-0.7308863964912826,25.034509651068117,19.524145897027584,0.001990126439896933,0.016804066742344803,-2.847110939697085
2016-05-16,21.115994046908508,21.57309966843478,20.946865455185264,21.4565372467041,245039200,-0.0041542641588599,0,38.52533916769199,-0.7983113852339976,-0.7443713942398257,24.72471747100566,19.537971737978715,0.03644688442287425,0.01938570529208721,0.8667195923657159
2016-05-17,21.609668280623033,21.643949806191795,21.257696753787815,21.367401123046875,187667600,0.011444858869384,1,37.625874573705254,-0.7477769982307443,-0.7450525150380094,24.399496028917746,19.57126221845774,-0.004162917086891316,0.019391007947205368,-1.17754160138883
2016-05-18,21.520528306033533,21.76050765320159,21.45881808553379,21.611948013305664,168249600,-0.0038068518037205,0,41.650867225440415,-0.6801548405496511,-0.7320729801403378,24.011520197052544,19.686764142852244,0.01137986192259044,0.01971447454769353,1.0040606166007933
2016-05-19,21.630238326874213,21.630238326874213,21.38568688395375,21.529674530029297,121768400,0.0108280215277623,1,40.69932031679574,-0.6259865921372274,-0.7108557025397158,23.630459943055452,19.813475451231657,-0.0038141163064993044,0.019684416226317614,1.029606501195099
2016-05-20,21.63023726430973,21.810794188993604,21.60281030004855,21.762798309326172,128104000,0.0127072156343213,1,44.563965976026594,-0.5578165622162032,-0.6802478744750133,23.205913938688212,20.01357248861892,0.010769818276422427,0.02001612946658816,2.696292349378803
2016-05-23,21.911353891688503,22.21304346738058,21.865642293117467,22.039342880249023,152074400,0.0152442720932988,1,48.824602439709636,-0.4759895751421688,-0.6393962146084444,22.754479086213458,20.28184331674064,0.012627156475698786,0.02039393131600461,3.9228178814013357
2016-05-24,22.219900665912142,22.418740460614988,22.13304949698974,22.375316619873047,140560800,0.0175690109461081,1,53.50040708344783,-0.3796544057535627,-0.5874478528374681,22.289014404689695,20.61432364615259,0.015129245700143734,0.02081832642410338,4.795527360613027
2016-05-25,22.55130261305431,22.79585402038829,22.42331361294512,22.76842880249023,152675200,0.0079301585780402,1,58.30121556088612,-0.26849221111492483,-0.5236567244929595,22.441463446459995,20.516543793835414,0.0174164600603266,0.015388197819722197,7.685700151083839
2016-05-26,22.782141752637685,23.022122875155866,22.54444664621836,22.948986053466797,225324800,-0.0005974960849836,0,60.32722259884491,-0.16393615585159793,-0.4517126107646872,22.706008720184304,20.392647361969015,0.007898880123753393,0.013430856533176258,11.146770651042898
2016-05-27,22.727291973875897,22.96270108907186,22.68386638200573,22.935274124145508,145364800,-0.0048829537296141,0,60.0884541700083,-0.081244629356366,-0.377619014483023,22.928352689990433,20.334342622509567,-0.0005976746569036351,0.013015630975195364,10.859516754325545
2016-05-31,22.763858026896447,22.946700960333143,22.58558712584136,22.82328224182129,169228800,-0.0140196706109899,-1,58.06699225726293,-0.02446578149729106,-0.30698836788587663,23.093281236195473,20.324525579905604,-0.0048949142993341965,0.013117324607717926,6.369830226576428
2016-06-01,22.631296346076713,22.75014477255879,22.473596107768472,22.503307342529297,116693200,-0.0075158833362405,-1,52.62019699159337,-0.005227180052678193,-0.24663613031923695,23.17895586823137,20.32698075438826,-0.014118874488229682,0.013318665582035573,5.316071023055928
2016-06-02,22.306748152000537,22.36160032400692,22.085051704504227,22.33417510986328,160766400,0.002046792615252,0,49.95292212375232,-0.0035866626656932965,-0.19802623678852824,23.23749079510267,20.362152530702996,-0.007544269910298329,0.013190671872212255,3.341795455518258
2016-06-03,22.3501772999085,22.45988166143073,22.272468445420813,22.3798885345459,114019600,0.0072507733621329,1,50.68059335626496,0.0013861715884289083,-0.15814375511313683,23.2937242323976,20.412881678857282,0.0020447007891171154,0.013109777713530892,3.9490332440034552
2016-06-06,22.395886394668537,23.28724258424666,22.2953243573292,22.542160034179688,93170000,0.004055561986106,0,53.27755319763915,0.018211204988073604,-0.12287276309289474,23.35745223965255,20.484228096345984,0.007224612884639825,0.013008888083364286,3.581165040341021
2016-06-07,22.683863051287897,22.82556640035479,22.61758253690432,22.633581161499023,89638000,-0.0009087756599136,0,54.72400639794044,0.03847852957465747,-0.0906025045593843,23.4215957581252,20.56270123131572,0.0040473603619131104,0.012998615059004875,2.6962613380934237
2016-06-08,22.631295210775672,22.754713919599112,22.55358810358275,22.613012313842773,83392400,0.0071761918349868,1,54.31657056370487,0.05227816606650393,-0.06202637043420666,23.477335314601596,20.63312248721725,-0.0009091888468621967,0.013002765687456595,1.062312091524161
2016-06-09,22.5124515506658,22.85299474577958,22.503309229114617,22.775287628173828,106405600,-0.0082289224935326,-1,57.034442386411925,0.07543912382223183,-0.03453327158291897,23.527207803978076,20.746437787757767,0.007150565497001438,0.012682502823189017,0.030124281930455993
2016-06-10,22.519305020373142,22.70671822927536,22.5078784276626,22.587871551513672,126851600,-0.015076144918113,-1,53.10488351638322,0.07777489801326354,-0.012071637663682466,23.45555024077897,21.012136412358238,-0.008262966971118502,0.011318235393357873,-1.573553189285995
2016-06-13,22.555881268318835,22.654159063322886,22.19248133098949,22.247333526611328,152082000,0.0012324234975793,0,46.79591964838765,0.05155317041558405,0.0006533239521708375,23.307143451285253,21.316417263436424,-0.015190945283587887,0.012140218123249173,-2.9994871385031248
2016-06-14,22.24275441647382,22.50787645366471,22.112479413707717,22.274751663208008,127727600,-0.0032836732133768,0,47.33838840671345,0.03260878310414128,0.007044415782564927,23.26813578411098,21.437246372261086,0.0012316646871268766,0.009367500590108406,-2.4033816556330185
2016-06-15,22.357024560220903,22.491871557035196,22.17646772188372,22.20160865783691,117780800,0.0042209487822075,0,45.991212826382494,0.01155993468974259,0.00794751956400046,23.195329608946295,21.593473300904776,-0.0032890762994846057,0.009339871917547002,-1.3406859716225004
2016-06-16,22.043911101591604,22.341030361430725,21.957061688027707,22.295320510864254,125307200,-0.02275781965339,-1,48.03179847745489,0.0024125239548311583,0.0068405204421665994,23.14713299092091,21.71000716868602,0.004212065566190137,0.00909179432331028,-0.1739692592535818
2016-06-17,22.082760797049943,22.08961709852567,21.781071326087748,21.787927627563477,244032800,-0.0024122070017645,0,39.36047702527198,-0.0452575295504154,-0.0035790895563497997,23.101897467292467,21.781068002067876,-0.02302077603296704,0.010581286639289244,-2.645057441053216
2016-06-20,21.94106850193587,22.071343526417333,21.719372009952444,21.735370635986328,137647600,0.0085174147130901,1,38.583463712366004,-0.08628268727093413,-0.020119809099266667,23.106246806922464,21.773975895103895,-0.002415121060225456,0.010321622985835553,-3.5790243568941933
2016-06-21,21.69880330748359,22.021061847524123,21.639379091468093,21.920499801635746,142185600,-0.0037537018208587,0,42.86224702361809,-0.1026734878004909,-0.03663054483951152,23.1164238180736,21.751914576091437,0.008481346198677464,0.010092436092538787,-3.1505458847858714
2016-06-22,21.9982030151478,22.144476641153588,21.792505183664925,21.83821678161621,116876400,0.0057561390154954,1,41.479050642809796,-0.12090910248702258,-0.05348625636901373,23.13733183278719,21.677296577552163,-0.003760764639555436,0.009438114383090512,-3.4263260527756576
2016-06-23,21.92735305722027,22.00734617704772,21.76965108976098,21.96392059326172,128960800,-0.0280957186103503,-1,44.4294223019851,-0.12379072899065235,-0.06754715089334146,23.101726277131856,21.632451312284648,0.005739635747098681,0.008543707758252474,-3.562488641892803
2016-06-24,21.234838094814233,21.634805430958895,21.175413888059932,21.34682846069336,301245600,-0.014561084700112,-1,35.079550933262034,-0.1738644158409386,-0.08881060388286088,23.095985542339132,21.47797628780003,-0.028497955307345446,0.010103348947551846,-5.4942896588994765
2016-06-27,21.25540591586429,21.266834250941113,20.91257678818906,21.03599548339844,181958400,0.0168404521929617,1,31.485328423886582,-0.2359103690737676,-0.11823055692104224,23.11253422157555,21.2714997444889,-0.01466813777070275,0.01036833474198045,-5.444868445757489
2016-06-28,21.232550946981636,21.406251526231177,21.058850367732095,21.39025115966797,161779600,0.0086550166692644,1,39.13891560352343,-0.2535737215728737,-0.14529918985140855,23.056144637575525,21.184586220273598,0.016700223926458424,0.011380582154896865,-3.970865834616687
2016-06-29,21.47710636867428,21.60966740791839,21.399397511844487,21.57538414001465,146124000,0.0127113351070107,1,42.738839010856275,-0.24975435861348316,-0.1661902236038235,23.021146301807487,21.126792235790166,0.008617776733070404,0.01137251745120089,-2.8206267729217545
2016-06-30,21.584515873161756,21.888489615377168,21.55251863713908,21.84963607788086,143345600,0.003033826016529,0,47.67628898753872,-0.222038129244428,-0.1773598047319444,22.993839881696417,21.105644752703,0.012631224249925133,0.011753131031716239,-1.9990043774711288
2016-07-01,21.824502619290843,22.048485091893095,21.78793508433244,21.915924072265625,104106000,-0.0093855176072665,-1,48.824895191591814,-0.19250485449729737,-0.180388814685015,22.9597909749462,21.09329721322519,0.003029233253131647,0.011769031907919829,0.5874649801031222
2016-07-05,21.801653257317938,21.803939273748636,21.58909906597319,21.71023178100586,110820800,0.0056848222178527,1,45.488037826546694,-0.183580963277425,-0.18102724440349702,22.896466979520543,21.07342838333346,-0.009429839115835836,0.011742098444488808,-0.1156587361747005
2016-07-06,21.62109639689958,21.863363571533604,21.568530224846658,21.833650588989254,123796400,0.0042919088563841,0,47.793555496521726,-0.16465184486685303,-0.17775216449616824,22.808027989085822,21.081874316517208,0.005668724595295771,0.011790673028079979,-0.39620087786506875
2016-07-07,21.87250469374403,22.05534765155568,21.85422179293861,21.927358627319336,100558400,0.0077129492040493,1,49.53863732695914,-0.14046967958019607,-0.17029566751297381,22.71751490489574,21.103822032054946,0.004282724884039801,0.011868198226441114,0.4081919627163247
2016-07-08,22.05305764363331,22.14447910599258,21.952495604385536,22.09648323059082,115648400,0.0031029991486346,0,52.617060417992676,-0.10643132327320615,-0.15752279866502028,22.586506794878737,21.166949702313644,0.007683356478725312,0.011889309937110445,0.6035472436090042
2016-07-11,22.11248069443851,22.31817853801435,22.10791040623428,22.165048599243164,95179600,0.004537010097954,0,53.84636073347569,-0.07308060076670841,-0.1406343590853579,22.501712907413467,21.20946129455187,0.0030981947828396805,0.011821039825461507,3.8329822158660303
2016-07-12,22.20847345294509,22.329606148652697,22.1970468600538,22.26561164855957,96670000,-0.0056458195861377,-1,55.66320856682882,-0.038096166370088724,-0.12012672054230407,22.50488838385649,21.208113630303664,0.004526748892727639,0.011384544840956074,5.845295822256377
2016-07-13,22.26332270811238,22.322745163614005,22.133045975456778,22.139904022216797,103568800,0.0198204879077534,1,52.861885917305855,-0.020280523672219886,-0.10015748116828724,22.483241918438964,21.21627533162207,-0.005661817468056274,0.011450761098287007,3.5046473131756564
2016-07-14,22.258753504428377,22.62443757739397,22.242754880727357,22.57872772216797,155676000,-0.0001012860883431,0,60.3613014124837,0.028914597225888627,-0.07434306548945208,22.5624433719274,21.174785784566737,0.01962661956042666,0.012254587378555368,4.650408890252274
2016-07-15,22.60843805729061,22.695289219983323,22.512446318890465,22.576440811157227,120548000,0.0106297802646495,1,60.30745335065736,0.06694584038764262,-0.04608528431403314,22.620502629243187,21.14483855728025,-0.000101291218125521,0.012230090206102167,3.326392854717323
2016-07-18,22.558157670413426,22.88498820081162,22.53530274218878,22.816423416137695,145975600,0.0004006728763021,0,63.94259341827578,0.1151233943687977,-0.013843548577466967,22.774572448638896,21.093618316741964,0.010573681346359276,0.011062620891395461,4.108881473136891
2016-07-19,22.75471279503889,22.855276569936763,22.704430907589956,22.82556533813477,95119600,0.0009009648897775,0,64.07755820321366,0.15228666383677236,0.0193824939053809,22.908149507591464,21.069060728004242,0.0004005926283601191,0.011017196927494526,5.137363655899371
2016-07-20,22.855272689415788,22.96040673454083,22.795848492182007,22.84613037109375,105104000,-0.0053020750124894,-1,64.40036900478309,0.18130824039289095,0.051767643202882914,23.026418900148506,21.043354392393,0.0009005592645285887,0.010928713685522815,4.637244596261382
2016-07-21,22.816419916717336,23.083826197743193,22.656431956244163,22.724998474121097,130808000,-0.0077439618667897,-1,60.927341452796796,0.19231680870094792,0.07987747630249592,23.110141562879114,21.048309898912876,-0.005316180894597622,0.010977799268137455,3.6376467424032572
2016-07-22,22.686148264720707,22.69529058469701,22.469022088651812,22.54901695251465,113254800,-0.0133790056807632,-1,56.18660414714123,0.18471169885744487,0.10084432081348571,23.15769252866366,21.05926856905363,-0.007774102043237363,0.011149420164166179,2.0479897963913607
2016-07-25,22.45531745657891,22.59016280075757,22.151341748343143,22.247333526611328,161531600,-0.0068833102852278,-1,49.12923647845896,0.15258238852215555,0.11119193435521968,23.14374311413273,21.163268490176353,-0.013469310944848267,0.009404273638940511,0.3712372973139961
2016-07-26,22.12848149484932,22.391317557281365,22.03706002830085,22.09419822692871,224959200,0.0649632246903693,1,45.97264761657625,0.11345509995404868,0.11164456747498548,23.055126501749257,21.357705376912854,-0.006907109540116085,0.00881936067475047,-0.7698572324733267
2016-07-27,23.831198198078223,23.84948283942716,23.48379873104527,23.52950859069824,369379200,0.0135019271270604,1,67.22704505463058,0.19600457411216965,0.12851656880242232,23.257537292550744,21.369220329214393,0.06294026775802175,0.01593831513356308,6.276470607492296
2016-07-28,23.502088770818403,23.87234325272521,23.49980275419485,23.84720230102539,159479200,-0.0012461206695907,0,70.03681384195549,0.2837895056967703,0.15957115618129192,23.523062476812616,21.330876961053594,0.013411588365495497,0.01603504197854453,5.618007331794979
2016-07-29,23.81291552080633,23.895194663918566,23.696353110777437,23.817485809326172,110934800,0.0176568495378715,1,69.43713273796052,0.3469622589600192,0.19704937673703737,23.743039987650853,21.307684423359888,-0.0012468977235546852,0.01598789823744548,5.497079936336217
2016-08-01,23.86320108247136,24.260882506184128,23.86320108247136,24.238027572631836,152671600,-0.0148045591545351,-1,72.96503161967779,0.4260500865500809,0.2428495186996461,24.034729415737516,21.24820534530985,0.017502778334404834,0.01625217076955919,6.230617878035444
2016-08-02,24.23802204003911,24.24259232821849,23.76948816242665,23.879194259643555,135266400,0.0125382051707025,1,65.96785693986676,0.4545333329244272,0.28518628154460235,24.1736741685304,21.32615684038073,-0.014915240390123152,0.016552641980510818,4.616003616560959
2016-08-03,23.954614026334077,24.190023088259284,23.945471706760777,24.17859649658203,120810400,0.0061777070540023,1,68.66774960398301,0.49555333878062413,0.32725969299180674,24.354582920992186,21.379742678678227,0.012460252788595305,0.016641664297660078,5.8323493031195985
2016-08-04,24.26132520703832,24.35783697050133,24.192387231327288,24.327964782714844,109634800,0.015207222972263,1,69.94863265342603,0.5339596073477182,0.36859967586298903,24.537977305290408,21.436408909919553,0.00615870324824952,0.016642097664374605,7.053757607153116
2016-08-05,24.419877048627782,24.73698959807084,24.39919671009821,24.697925567626953,162213600,0.00828051902157,1,72.90334710071849,0.5874775201799096,0.41237524472637316,24.77976481796474,21.454765630948835,0.015092752219624916,0.016782296247775805,9.529943676203853
2016-08-08,24.707113568074032,24.902437210083008,24.624390467795845,24.902437210083008,112148800,0.0040601869677419,0,74.40168474035421,0.6390269274075493,0.4577055812626084,25.02754843574283,21.48072087425473,0.008246423613080811,0.016781950148651706,11.934480508847301
2016-08-09,24.870268379546303,25.033419698333876,24.819714104086568,25.0035457611084,105260800,-0.0074440125717643,-1,75.13376485595495,0.68019792087388,0.5022040491848627,25.258298321312452,21.523764399939992,0.004051966651803074,0.016784215117198988,13.167925372524879
2016-08-10,24.980570392920153,25.024231228191503,24.76226972289455,24.817419052124023,96034000,-0.0006481202169623,0,71.10253284190624,0.689855139301752,0.5397342672082406,25.39809890182835,21.651715322414812,-0.0074718575047660885,0.016853998637133404,5.473596936635241
2016-08-11,24.936910184108033,25.03112530402557,24.78295068651001,24.801334381103516,109938000,0.0023164579488399,0,70.74925800856805,0.6882766313868913,0.5694427400439708,25.535050321387793,21.73702456874893,-0.0006483303376638716,0.016580295729013685,4.001023130655033
2016-08-12,24.766868896464597,24.918531768572453,24.766868896464597,24.85878562927246,74641600,0.0120168066646599,1,71.29780607940661,0.6837793058786161,0.5923100532108999,25.655051676578864,21.845257695369376,0.002313779096294155,0.01655230099338945,4.371997230448854
2016-08-15,24.84958812820806,25.17129574327472,24.835801235031,25.157508850097656,103472800,-0.0009136619412909,0,74.02540657881192,0.6962931760917641,0.6131066777870727,25.815434834341755,21.918983081002484,0.011945178103518916,0.016580230907828796,3.793548277435103
2016-08-16,25.191971106166086,25.32984702336007,25.09545936666239,25.134523391723633,135177600,-0.0014625433562943,0,73.44703254129877,0.6963289275726083,0.6297511277441799,25.94390240400982,22.021411316693303,-0.0009140795847715211,0.01660153274272521,5.2569995387223605
2016-08-17,25.070187521633432,25.132232048094572,24.89554594199437,25.09776306152344,101424000,-0.0012819133187056,0,72.47180050835156,0.6854891176049058,0.6408987257163251,26.041038962704928,22.149438027041167,-0.0014636139167838458,0.01663926876258787,3.8015712163911015
2016-08-18,25.10005888782199,25.185080392392177,25.05180125967124,25.065589904785156,87938800,0.002567117459473,0,71.57602286039508,0.6666180275758187,0.6460425860882238,26.0948621827817,22.3296739500308,-0.0012827356724498529,0.0165356028485549,3.03200505532793
2016-08-19,24.994358658060115,25.20576764584063,24.900145288506703,25.12993621826172,101472400,-0.0077726361795732,-1,72.31311196842714,0.6493692381428886,0.6467079164991568,26.099918953564263,22.582709105822943,0.0025638280417923376,0.01627808799450487,1.74917787913746
2016-08-22,25.01503682898498,25.070186152587883,24.782947535456568,24.93461036682129,103280800,0.003133501115321,0,66.66199622685515,0.6128734606871618,0.6399410253367579,25.96360460020083,22.98775114320737,-0.0078030005593516805,0.015978605904861116,0.12919681903767366
2016-08-23,24.952996862057205,25.12074501648365,24.93920996693049,25.01274299621582,85030800,-0.0075332390159709,-1,67.74775778311665,0.5835283922540384,0.6286584987202141,25.64734661930669,23.595863601030224,0.0031286019324299197,0.015717243985809048,0.036783723377856486
2016-08-24,24.94840334804414,24.989765789132093,24.743889542988644,24.824316024780273,94700400,-0.0042581338847342,0,62.46425719348221,0.5388561341676557,0.6106980258097024,25.583598936626803,23.78909202711831,-0.007561757174014527,0.008631340368822,0.02779085384247366
2016-08-25,24.67724832519726,24.789845392259192,24.514096972019367,24.718610763549805,100344800,-0.0058566301567377,-1,59.65363812230657,0.4892833625868036,0.5864150931651227,25.540376384646457,23.919455425351103,-0.004267225555036447,0.00837576282062013,-0.33354502738666847
2016-08-26,24.681845021627176,24.805930582996083,24.42907359211279,24.573843002319336,111065200,-0.0011224198256862,0,55.94117674250114,0.43331999236020735,0.5557960730041397,25.467370414152427,24.068097115144447,-0.005873847471676186,0.00852673027310687,-1.146245159367684
2016-08-29,24.500303360687155,24.68873180526913,24.424471952300877,24.54626083374023,99881200,-0.0076764022313549,-1,55.23585491689503,0.3823356405027454,0.5211039865038608,25.44815195831052,24.118138897097197,-0.0011230502105674667,0.007668096962668973,-2.429684194884235
2016-08-30,24.31187638647213,24.47272930505141,24.24293841955797,24.357833862304688,99455600,0.0009432662099899,0,50.5471614562879,0.32300232277338026,0.4814836537577647,25.366268940088705,24.247885875585123,-0.00770601746326971,0.007042741919649065,-3.0901303251872916
2016-08-31,24.27970299814994,24.48881176814835,24.275106199198476,24.380809783935547,118649600,0.0059380878612322,1,51.09231944878357,0.2746680040810574,0.4401205238224233,25.336446614629498,24.297929529779683,0.0009428216139779622,0.006506110378247753,-2.8566421470725882
2016-09-01,24.390007622814498,24.541670468513583,24.270517118187037,24.525585174560547,106806000,0.0093693106567112,1,54.49628022190186,0.24521815018016468,0.4011400490939716,25.315308234303455,24.338829949290297,0.005920526902227774,0.0064952554166653135,-2.1543667325440428
2016-09-02,24.74847780183722,24.817415769128708,24.546262452635688,24.755373001098633,107210000,-0.0002785280313615,0,59.33415114806447,0.2376810468172046,0.36844824863861825,25.315777767297902,24.344105159643014,0.009325690911908158,0.005910555539946775,-1.4905060399273673
2016-09-06,24.794437165289217,24.886353871120267,24.704818859224407,24.748477935791016,107521600,0.0061281678385058,1,59.131000293814225,0.22851725923687027,0.3404620507582687,25.308120041840695,24.336366957671025,-0.0002785668274980502,0.005592191949647302,-0.7464822120418878
2016-09-07,24.778351872203405,24.99205746815625,24.60371030644836,24.9001407623291,169457200,-0.0262088902625806,-1,62.19695769620123,0.23083192738937086,0.31853602608448917,25.297290474538748,24.336856025095038,0.006109466980419143,0.005694647027600204,-0.4501794701354999
2016-09-08,24.645074745582605,24.649669792324165,24.18319453219165,24.247535705566406,212008000,-0.0226497267455233,-1,46.15254744811167,0.17795518791080767,0.2904198584497529,25.32916718037782,24.24799098460021,-0.026558464729493192,0.00807709466353243,-2.323448987025907
2016-09-09,24.04532040862227,24.293495009358914,23.698335647583008,23.698335647583008,186228000,0.0223988356146798,1,37.407239621376114,0.0906887328345043,0.2504736333267032,25.45298667614681,24.013871615479164,-0.02291017199602008,0.00942424042672081,-4.127558485088086
2016-09-12,23.58803401117508,24.293491937520596,23.560458474636015,24.229150772094727,181171200,0.0238049073714798,1,47.71875992525655,0.06362831519634327,0.2131045697006312,25.451290531952612,23.95260427395559,0.022151665765954398,0.010866227880757992,-1.4026793863380527
2016-09-13,24.70481667229891,24.998948702388784,24.64277215626,24.805923461914062,248704800,0.0353869393810963,1,56.168298769031985,0.08771238130364267,0.18802613202123353,25.406125682773258,23.962610584316586,0.023525988321008384,0.011870380269726895,1.057850032363832
2016-09-14,24.98516634997597,25.973266208477725,24.955292409728617,25.68372917175293,443554800,0.033998528554574,1,65.34741986935204,0.17560647967908594,0.18554220155280401,25.534710088172968,23.888946756919804,0.03477521132565009,0.014275918314163815,5.443404027400607
2016-09-15,26.163995884639423,26.593705562345058,26.07897260792255,26.55693817138672,359934400,-0.0056245261602627,-1,71.69705636921087,0.3121258617995366,0.21085893360215055,25.92800159517775,23.64157276090135,0.03343335302388439,0.0159795280675639,8.925578792239367
2016-09-16,26.45352720662079,26.685614737264252,26.20535263105292,26.407567977905273,319547600,-0.0116602387937281,-1,69.35591720272859,0.403612930797955,0.24940973304131145,26.193468588542725,23.51030357484839,-0.005640403370036129,0.016067958462439153,7.6735490303278695
2016-09-19,26.469612898538983,26.6971053863327,26.02381801566827,26.09964942932129,188092000,-8.806076528966589e-05,0,64.6680805872245,0.44612795327949684,0.28875337708894855,26.344795670397076,23.455947814099993,-0.011728752489547745,0.016384725676575534,5.430241055802301
2016-09-20,25.97786058387813,26.22373676385673,25.853773294005933,26.09735107421875,138057200,-0.0001759908695235,0,64.63296426838504,0.4741700200214751,0.32583670567545386,26.494463943706258,23.42255361153056,-8.806464286692517e-05,0.016234563610317675,5.450327660259894
2016-09-21,26.161694398878872,26.193864985590334,25.83769013180897,26.092758178710938,144012800,0.009423162954711,1,64.55752108985871,0.4903702684537805,0.3587434182311192,26.626266028587626,23.3987530448987,-0.00017600635773362683,0.016242274727140637,4.7896011021195575
2016-09-22,26.276589964069768,26.41216751135793,26.196163496949076,26.338634490966797,124296000,-0.0166636613867882,-1,66.79222741625534,0.5170885704145611,0.3904124486678076,26.798756526725587,23.377694393379397,0.009379041911296682,0.016152630846765687,8.623964145438276
2016-09-23,26.29267869791011,26.377701976086193,25.63317982805903,25.899736404418945,209924800,0.0015081463394623,0,59.57171302934957,0.49711715256332667,0.4117533894469114,26.884046824094604,23.410516660097294,-0.016804062104226247,0.016682460807734806,9.289263134647426
2016-09-26,25.653856762770783,26.05599085073471,25.633176422623507,25.938796997070312,119477600,0.0018602291277556,0,59.98629536812912,0.4789208222923733,0.4251868760160038,26.964030181921434,23.46702870174556,0.0015070102289094223,0.016572614474162643,7.05615413869406
2016-09-27,25.96636876563962,26.007731193092027,25.814705947259046,25.987049102783203,98429600,0.0076044988299923,1,60.524827498331376,0.4630558218544216,0.4327606651836874,27.0385573056235,23.53658040494779,0.0018585010443072925,0.016549781880229895,4.761466117891517
2016-09-28,26.124923226434788,26.343223840430863,26.065177112424184,26.184667587280273,118564400,-0.0155328694208252,-1,62.73679643491866,0.46111342629335184,0.4384312174056203,27.11691604618167,23.640905036887176,0.007575730383127421,0.01638866346487387,1.9504115316644821
2016-09-29,26.00314042985452,26.15020647320444,25.690624649444544,25.777944564819336,143548000,0.0077553444611113,1,55.80587771949987,0.42189161115553375,0.435123296155603,27.132141239064524,23.765393322092706,-0.015654768378367656,0.016942038964046648,-2.9332960055112642
2016-09-30,25.8422838646008,26.051394420758573,25.69062278541018,25.977861404418945,145516400,-0.00468829353208,0,58.24754130910433,0.40230216927880136,0.4285590707802427,27.163998485085656,23.87876369905741,0.007725426361146148,0.01696440586950981,-1.627209949230674
2016-10-03,25.89973039390796,25.977860206321008,25.80092024339945,25.856069564819336,86807200,0.0042659254072008,0,56.21008161565715,0.37265408750670304,0.4173780741255348,27.186113459005,23.966718381510134,-0.004699318051151646,0.016973653152640863,-0.9332687213350334
2016-10-04,25.98015652079366,26.26739512288333,25.8813463715482,25.96636962890625,118947200,0.000442563811458,0,57.65471853538515,0.35397762869496674,0.4046979850394212,27.20880981520311,24.06581119462355,0.004256852142173084,0.016969442296336918,-0.5018955561428414
2016-10-05,26.05828786710832,26.118033990748454,25.89513654189119,25.977861404418945,85812400,0.0074303879747554,1,57.81088258635837,0.3362278652372659,0.39100396107899016,27.23149079512953,24.150902278906116,0.0004424659089785621,0.01695157993334382,-0.44033970462247407
2016-10-06,26.12722615883833,26.27429220319781,25.99624540829424,26.170886993408203,115117200,0.0014925207793379,0,60.449295148461,0.33388775150474004,0.37958071916414016,27.18904269058238,24.385685512237448,0.007402918630030619,0.015572663272926642,-0.6368876018083819
2016-10-07,26.267395306879912,26.32484302770025,26.083563652154005,26.20994758605957,97433600,0.0174471444692492,1,60.98106813016401,0.33136528515651875,0.3699376323626159,26.944704508643117,24.88118488802436,0.0014914080772157057,0.014269883266395856,1.1977387599500726
2016-10-10,26.430550213538627,26.828089267003556,26.361613991090195,26.667236328125,144944000,0.0021541612117661,0,66.63665849403154,0.3620916253030835,0.3683684309507094,26.77771132524929,25.29198662702122,0.017296690517780267,0.014002196578404333,2.808300366192626
2016-10-11,27.04638770549195,27.273881954369937,26.70170136216028,26.724681854248047,256164000,0.0089423420735785,1,67.27829473063393,0.3866211175268397,0.3720189682659355,26.685899882533977,25.57567390896993,0.0021518443331931536,0.013295068155750293,2.8384629149211236
2016-10-12,26.96596150106017,27.11073088867246,26.82808731303952,26.96366310119629,150347200,-0.003067895852823,0,69.87398750808268,0.42049747309942376,0.38171466923263314,26.819709629814426,25.569857554633813,0.00890259610499422,0.01121008313642932,2.9750063135971536
2016-10-13,26.83728055713055,26.986644999084724,26.591404353851715,26.88094139099121,140769600,0.0055564484113257,1,67.86712698604804,0.4356479004621612,0.3925013154785388,26.887307705696994,25.534659800711697,-0.003072611492502375,0.008553879966508672,4.278839313190234
2016-10-14,27.08775168224427,27.154391256136872,26.91540850074582,27.030303955078125,142608800,-0.0006801600715342,0,69.56676605591609,0.45446820734916216,0.40489469385266347,27.003739968111507,25.48050113601447,0.005541068298086316,0.008489272485081398,4.051305587765414
2016-10-17,26.96136474679566,27.07855683494942,26.834979059768692,27.011919021606445,94499600,-0.0006803405586418,0,69.08239352077429,0.46256773278312835,0.41642930163875647,27.116105994862423,25.45936206849207,-0.0006803914853339421,0.007948292420416616,4.470321577258588
2016-10-18,27.15669307282819,27.16358652044895,26.98894491700498,26.993541717529297,98214000,-0.0029796380681991,0,68.568460507745,0.46217609189722353,0.4255786596904499,27.210354646299102,25.454732481386444,-0.0006805720953013683,0.007956477677409226,3.9557785832316723
2016-10-19,26.9429829187749,27.06017676819917,26.15020501816667,26.913110733032227,80138400,-0.0005123945259255,0,66.24560354567379,0.4501861398256253,0.430500155717485,27.27895323633995,25.468169146777726,-0.002984086027444377,0.00801566190578372,3.600178298180432
2016-10-20,26.853363126400655,26.97285361594233,26.73157423710856,26.899320602416992,96503200,-0.0039293792359365,0,65.8338126370579,0.43456190895321,0.43131250636463003,27.335207666254878,25.467983328007815,-0.0005125258448606118,0.007809542287714032,2.783373789326527
2016-10-21,26.841878857091864,26.864859353381913,26.720089940683767,26.793622970581055,92770800,0.0090049706088062,1,62.620747702304854,0.40893671004399934,0.4268373471005039,27.364987789192593,25.527591861686314,-0.003937119529545896,0.006714216674726631,2.2269231275835404
2016-10-24,26.908513066239045,27.05557909666727,26.885534327703144,27.03489875793457,94154800,0.0051000866158936,1,66.6250288483272,0.4034468111998102,0.4221592399203652,27.42292670877717,25.579263118188166,0.008964667631692791,0.006907441039598765,1.3787046594768788
2016-10-25,27.10384109889917,27.19805622730359,26.95677503523462,27.172779083251953,192516000,-0.0224947955134089,-1,68.68926980009826,0.40554692425375904,0.418836776787044,27.494778334929485,25.625984490082722,0.005087125224947364,0.006939903034140335,1.676716794788255
2016-10-26,26.267400861946,26.586810117002983,26.037609930068133,26.561532974243164,264536800,-0.0096029030238851,-1,53.03033118750179,0.35381032123545,0.4058314856767252,27.49761752969286,25.66083183401564,-0.022751662853832677,0.008779925388551699,-1.4913779535217668
2016-10-27,26.515573973334497,26.623575985649516,26.219143477778022,26.30646514892578,138248000,-0.0066386971616636,-1,48.102402184525445,0.28889662828996876,0.382444514199374,27.45836500685416,25.752936415264983,-0.009649308219151553,0.008279038204465763,-2.1371135545794453
2016-10-28,26.166293483084026,26.474212483679256,26.06977996135859,26.131824493408203,151446800,-0.001582923144545,0,45.017802889834385,0.22081460427954624,0.35011853221540845,27.44579285649284,25.780904874525223,-0.006660831327402139,0.00829026322339613,-3.323970988869056
2016-10-31,26.115736963663075,26.24901611064855,26.012330003485175,26.0904598236084,105677600,-0.0180552331818715,-1,44.29330197293716,0.161657835691571,0.31242639291064095,27.420305332046745,25.829831424850227,-0.0015841772910385465,0.008220452165567469,-3.411305939651992
2016-11-01,26.072078903685146,26.143313531508372,25.398791403590153,25.6193904876709,175303200,0.0008966687534837,0,36.99197048222107,0.07588950489182622,0.26511901530687804,27.471836695021366,25.74360214775207,-0.018220217812234818,0.009156014853070157,-5.090666664782415
2016-11-02,25.598703521026373,25.81700414841265,25.559639493500868,25.642362594604492,113326800,-0.0107185497036108,-1,37.53274609910201,0.009659789805343877,0.21402717020657122,27.51431418170667,25.66757478008532,0.0008962669862069284,0.009159485331757873,-4.721669490506208
2016-11-03,25.63313032716619,25.743995281827615,25.30284213936926,25.36751365661621,107730400,-0.0090138386931674,-1,33.79545118639737,-0.06426494259259385,0.15836874764673822,27.60444770558296,25.497103922529835,-0.010776407160914658,0.009220113754330081,-5.694593437661557
2016-11-04,25.067254613581618,25.464524575988182,24.97024732383125,25.13885498046875,123348000,0.014424506828528,1,31.027419886585324,-0.13969139436236944,0.09875671924491669,27.711397189617646,25.283045177936064,-0.009054709122171989,0.009337307578670004,-6.175976992470231
2016-11-07,25.425249827618455,25.52456727859221,25.28204738881535,25.5014705657959,130240000,0.0058872343282012,1,39.49137748365782,-0.16826766863609777,0.0453518416687138,27.72468407836008,25.15318171296072,0.014321463348796915,0.00903092117761084,-5.672032308567904
2016-11-08,25.478375685071473,25.80404519659029,25.337483426322173,25.65160369873047,97016800,-0.0016207360224994,0,42.63039425801784,-0.17676247498528141,0.0009289783379147618,27.707885541601836,25.062672434167208,0.005869972281524749,0.009163279132247114,-5.598159024739088
2016-11-09,25.379058532855936,25.711656887073385,24.956383513565513,25.610029220581055,236705600,-0.027868037245166,-1,41.98091805298575,-0.1847200454532789,-0.03620082642032397,27.653359867421003,24.981834720286514,-0.001622050835962341,0.008796090298745556,-3.582262193167792
2016-11-10,25.658530102895437,25.658530102895437,24.443625684461487,24.89632797241211,228538000,0.0059374790754445,1,32.7552280801529,-0.24578297036956798,-0.07811725521017278,27.662459670892705,24.774273574956904,-0.02826371958575269,0.010508068583380768,-5.360420598246947
2016-11-11,24.74157839006856,25.145777055793495,24.609925180861943,25.04414939880371,136575600,-0.0250850948569751,-1,35.89738787424177,-0.2790313251602683,-0.11830006920019188,27.598878277194842,24.639239513027327,0.005919921709940823,0.010526185795319616,-4.162262358982474
2016-11-14,24.877855974307487,24.90095269381339,24.039432897292695,24.41591453552246,204702000,0.0132439953187926,1,29.572808570049624,-0.3520163634470954,-0.16504332804957259,27.583991661465713,24.394525680148053,-0.025405088569514067,0.01154147300334078,-6.418228346327176
2016-11-15,24.6145543687083,24.870932058968584,24.51985727133462,24.73927879333496,129058000,0.0268876922081766,1,35.83888071754687,-0.3793913516417966,-0.2079129327680174,27.489967152508413,24.263123896685926,0.013157060349128447,0.012212584340058931,-3.4353342432540828
2016-11-16,24.64456726878114,25.459895130884306,24.621470556571783,25.404460906982425,235362000,-0.000363383715034,0,46.40290730637575,-0.3434524831655743,-0.2350208428475288,27.35354609059712,24.248679975992232,0.02653256976531937,0.014035123620164564,-0.9277682067881083
2016-11-17,25.362893580561803,25.487617977779077,25.13654326729715,25.39522933959961,110528000,0.0010003444387414,0,46.2889991273489,-0.31211768294647513,-0.2504402108673181,27.202106909972297,24.24971003033532,-0.0003634497548952176,0.01403648911919211,0.10925660022723509
2016-11-18,25.342104128087687,25.531500021452977,25.32824645072351,25.42063331604004,113715600,0.0151737733641572,1,46.676913559454306,-0.2819842010878695,-0.2567490089114284,27.054021873842007,24.26049610101151,0.0009998444276706486,0.014060255195372478,1.1208877086494689
2016-11-21,25.43449723126595,25.866411365340586,25.40909031018311,25.806360244750977,117058400,0.0006263874296792,0,52.30903190660475,-0.22439161328338386,-0.25027752978581946,26.845120443852934,24.34654367968222,0.015059803124682691,0.014387058685447962,1.1955768518071834
2016-11-22,25.85716921976068,25.965725730957665,25.730136391767697,25.822525024414062,103862000,-0.0050984456111634,-1,52.5352888150807,-0.17542254795593948,-0.23530653341984348,26.555653364652578,24.50098535299879,0.0006261913309582035,0.014300410814661357,0.6663182843887958
2016-11-23,25.72089583995801,25.755541795434127,25.482996314344,25.69087028503418,109705600,0.0050345913315463,1,50.43653107338271,-0.14555972614900625,-0.21735717196567605,26.401090273275823,24.568482175454644,-0.005111487031187245,0.01351095650605683,0.3156617423464651
2016-11-25,25.66777181857173,25.83869139575583,25.626197024414314,25.820213317871097,45903600,-0.0019679804462184,0,52.4464802684856,-0.11018616540559378,-0.1959229706536596,26.311778347715485,24.609168917909518,0.005021960154080407,0.013452877835451437,3.7109301680262057
2016-11-28,25.73706388753081,25.977273615007356,25.727824848531732,25.769399642944336,108776000,-0.0009858194910407,0,51.56182530904898,-0.08526966692094717,-0.1737923099071171,26.2500347908877,24.634669989690916,-0.0019699194641207285,0.013388494803995468,2.8958869099194406
2016-11-29,25.58693550991446,25.87564890348574,25.42294651382598,25.743995666503903,114115200,-0.0084336326432873,-1,51.0977747118887,-0.06680298768838355,-0.15239444546337041,26.190104061323197,24.659954303544964,-0.000986305730664494,0.013387080134010115,5.439407682432827
2016-11-30,25.77632903612372,25.91491109975792,25.469137590920766,25.526880264282227,144649200,-0.0093194296801337,-1,47.18891021077929,-0.06889325128524604,-0.13569420662774553,26.181832232636584,24.65897510989271,-0.008469396947027974,0.012882260322515904,3.1836072406421736
2016-12-01,25.49223966539187,25.623892908737552,25.1827379761961,25.288984298706055,148347600,0.0037446324910466,0,43.281969914943936,-0.0887232698611129,-0.126300019274419,26.159124701828276,24.646344811111177,-0.009363127267878912,0.013040404361727502,-0.4545524846962289
2016-12-02,25.215072851547344,25.427565489106488,25.14116229230213,25.38368225097656,106112000,-0.0071884890399717,-1,45.226028085957196,-0.09569426520397428,-0.12017886846033006,26.159815379001422,24.647270993374065,0.0037376388085434975,0.012852273705476779,-0.04546951897396207
2016-12-05,25.406775700836555,25.4137045395356,25.002576996505063,25.20121192932129,137298000,0.0076987333316531,1,42.22290869364131,-0.11462137536015149,-0.11906736984029435,26.15904681498472,24.654275252276022,-0.007214450718958432,0.012790234364796033,-0.8631625498500007
2016-12-06,25.2912932230019,25.489928178329407,25.219692865442,25.39522933959961,104782000,0.0098224375477584,1,46.30559780884306,-0.11266690898897025,-0.11778727767002954,26.15248135695761,24.650216587683502,0.007669249313902338,0.012484433088092908,-1.593137897991606
2016-12-07,25.23585509623415,25.681628545665127,25.212758382400864,25.644672393798828,119994800,0.0098175600887573,1,51.0907628493695,-0.08995308732056984,-0.11222043960013761,26.151678869133725,24.650325945014224,0.00977451098960147,0.012614345637297028,-0.6887499593749353
2016-12-08,25.605416874524245,25.96804087287822,25.545363987551532,25.896440505981445,108273200,0.016321488543324,1,55.41011174033875,-0.05104818575588155,-0.0999859888312864,26.191884737505145,24.638761205182842,0.009769680961471128,0.012793805033999385,0.8001683814775921
2016-12-09,25.94031717897222,26.49233697750071,25.94031717897222,26.319108963012695,137610400,-0.0057039771522044,-1,61.54935477714991,0.013731750056621195,-0.07724244105370488,26.318507561187335,24.65441648056071,0.01618972483584491,0.011297350811311602,1.9321902534255766
2016-12-12,26.16667516603045,26.56163491725306,25.98189787043498,26.16898536682129,105497600,0.0166810919903193,1,58.47009690638397,0.05235310234964885,-0.05132333237303414,26.39925898622558,24.686148652324224,-0.005720306956039867,0.011426112185498227,1.5506210055862117
2016-12-13,26.293700798013457,26.774120224967252,26.272914283101866,26.605512619018555,174935200,0.0,0,64.09510668727896,0.11683806683029374,-0.017691052532368565,26.4631862187135,24.841181228185913,0.01654349069348715,0.009831606701946764,3.3464772278360475
2016-12-14,26.570866665332833,26.838791732025182,26.557008988725105,26.605512619018555,136127200,0.0054694435445361,1,64.09510668727896,0.16602898695808932,0.019052955365723014,26.54423496849508,24.946755860972697,0.0,0.009645786695614207,4.225476609633236
2016-12-15,26.64940228282586,26.961214179110097,26.614758082942572,26.75102996826172,186098000,0.0012948794331135,0,65.88168758391699,0.2142850350097163,0.058099371294521675,26.706586382645582,24.919061352950123,0.00545454045456939,0.008028357460033582,5.781353858606617
2016-12-16,26.90115466370055,26.908083501969024,26.711758781641155,26.785669326782227,177404400,0.0057773737921822,1,66.31141353684954,0.2524137390345942,0.09696224484253618,26.84872406371591,24.915967670598054,0.0012940417997522324,0.008004868213127627,5.523182420673937
2016-12-19,26.746405624125423,27.11133796167019,26.73485638518317,26.940420150756836,111117600,0.0026577150588773,0,68.23620731924078,0.2917549405217521,0.13592078397837937,27.003350921935468,24.91331949585018,0.005760748770125446,0.008023502609683895,6.901288026596849
2016-12-20,26.96351648012113,27.13905468896272,26.949658803322148,27.012020111083984,85700000,0.0009407517738568,0,69.11544690820938,0.3249646542996487,0.17372955804263324,27.15657812243915,24.880658281979798,0.002654189579308852,0.007496464226882664,6.36651376470643
2016-12-21,26.977380598928516,27.115962677457816,26.97276019774972,27.037431716918945,95132800,-0.0065778738816629,-1,69.43877957705566,0.3493074965648937,0.20884514574708532,27.29595651972159,24.862770553947843,0.0009403095442372944,0.007493138548360159,5.430988946682361
2016-12-22,26.873440579100723,26.91039673692217,26.70945159364289,26.859582901000977,104343600,0.0019778930173837,0,64.36034155055144,0.35021144183833997,0.23711840496533626,27.385998928940314,24.889599406325797,-0.006599603435994084,0.007577507404863818,3.7192076447613287
2016-12-23,26.69790543629079,26.912708282470703,26.69790543629079,26.912708282470703,56998000,0.0063507396522044,1,65.17955700489091,0.35116656965599446,0.2599280379034679,27.475386060475522,24.909461771250555,0.0019759395623819564,0.007548875540333957,2.2553929173370455
2016-12-27,26.91270430496064,27.208348271473028,26.90577546613481,27.0836238861084,73187600,-0.0042639876464291,0,67.74808577356212,0.361547284109232,0.28025188714462074,27.58168247556604,24.93458778047644,0.006330658679649215,0.007543132830008384,3.4951241191289997
2016-12-28,27.143676113129267,27.259161464084347,26.838794857094513,26.9681396484375,83623600,-0.0002568768303888,0,64.29691869392686,0.3563477077087178,0.29547105125744016,27.655286077031178,24.98339857720466,-0.004273104366705027,0.0076577230189478,1.3629770439368523
2016-12-29,26.896538878212706,27.04898039494007,26.88499139983944,26.961212158203125,60158000,-0.0077957247881919,-1,64.08602180978282,0.3476604026729895,0.30590892154055005,27.70291744121225,25.07920040241568,-0.00025690982889292613,0.007258337836919833,1.3369392436750263
2016-12-30,26.94273609772779,27.069768942355783,26.66095152423151,26.75102996826172,122345200,0.002849076992885,0,57.88258200620301,0.32012549722034933,0.3087522366765099,27.681781480827468,25.24654092975603,-0.007826270303862959,0.007130544317883044,0.0
2017-01-03,26.746406324068317,26.86882050652735,26.506196597548147,26.827245712280273,115127600,-0.0011192870803217,0,59.41667044832992,0.30098430019517153,0.3071986493802423,27.656446292194637,25.416232464519233,0.002845026065474876,0.007127226604436987,0.15521876638892063
2017-01-04,26.75795372889505,26.910395228111543,26.73485701263493,26.797218322753903,84472400,0.0050853911822947,1,58.51240861132855,0.28016226803151767,0.30179137311049736,27.55755652284132,25.67472287321581,-0.0011199139499140642,0.0068008853347714835,-0.531550091652562
2017-01-05,26.774122318406985,26.99123533379137,26.74871540119534,26.93349266052246,88774400,0.0111482923866008,1,61.38468765039342,0.2715268650126852,0.29573847149093496,27.457658159303893,25.928447568845524,0.005072504252145116,0.006732912558362537,-0.2907129871760345
2017-01-06,26.972757102214807,27.291497784635258,26.90115675166136,27.233755111694336,127007600,0.0091592637823005,1,66.83326107470627,0.2856194728263084,0.29371467175800964,27.403395960622955,26.14161803931601,0.011086608200530979,0.006808970510908933,0.7261170248376042
2017-01-09,27.24298657887732,27.584823905141334,27.24067814121188,27.48319625854492,134247600,0.0010086674333114,0,70.5507466823898,0.31330420607205767,0.29763257862081927,27.417848574302944,26.28584100089237,0.009117572109104355,0.006776360878976998,2.321753691568686
2017-01-10,27.432386716539217,27.573278971430646,27.323831977838505,27.51091766357422,97848400,0.0053732607377163,1,70.94056789974628,0.3336354999726616,0.3048331628911878,27.491323251634586,26.33154719361688,0.0010081590701331855,0.0060268307655147015,2.222776596189514
2017-01-11,27.42546009967159,27.70031579330856,27.393124343028013,27.658740997314453,110354400,-0.004175256217681,0,72.99348832103114,0.3575546372020142,0.3153774577533531,27.547637552922062,26.424208455378718,0.0053588762768712606,0.005762502145541311,2.123486552702576
2017-01-12,27.462419266524517,27.554807907987612,27.303048904054844,27.543258666992188,108344800,-0.0017610764095674,0,68.89850603874667,0.3630077395958615,0.3249035141218548,27.61582982062104,26.449790792477106,-0.004183996938238899,0.004963133001435731,2.1325869194244147
2017-01-13,27.510920762744625,27.62871631548386,27.441628846505868,27.494752883911133,104447600,0.008064352211202,1,67.19337780156808,0.35927386573163034,0.33177758444380995,27.65879256665005,26.49575207293735,-0.0017626289276306828,0.005010926213600733,1.9789196515991012
2017-01-17,27.33306809909118,27.771912722230624,27.30535274662252,27.716480255126953,137759200,-8.306140529434902e-05,0,70.75618075394385,0.36994183045656825,0.33941043364636164,27.749464217929283,26.501625450344644,0.008032009090763736,0.0051454290484211854,3.609020991007358
2017-01-18,27.71648828609105,27.83197365394976,27.64950656127297,27.71417808532715,94852000,-0.0017501466427432,0,70.67036434358235,0.3739004122888687,0.34630842937486306,27.825306985487146,26.51863355864127,-8.306485508402517e-05,0.005161361100494567,3.3060880813451465
2017-01-19,27.57790596514038,27.73727457317151,27.570977125073835,27.665674209594727,102389200,0.0018364289678003,0,68.7776839545088,0.36887163688778557,0.35082107087744757,27.88618175659571,26.5302841934165,-0.001751679938635231,0.005123803231952605,3.240843420316524
2017-01-20,27.820416351217133,27.820416351217133,27.654118949906113,27.716480255126953,130391600,0.0006668310002504,0,69.69327716392436,0.3647809516799576,0.3536130470379496,27.949582791973853,26.537329172442654,0.0018347447937192563,0.005115912493203733,2.9071149608166102
2017-01-23,27.716484384202783,27.903570089902832,27.66336034711308,27.734962463378903,88200800,-0.0009160925013416,0,70.03749918959807,0.3588933151904463,0.354669100668449,28.008795458136724,26.547869580925777,0.0006666087672480003,0.00511725533348293,1.8403901688509543
2017-01-24,27.612547402872085,27.73958022833169,27.600998163209137,27.70955467224121,92844000,0.0159206629337282,1,68.87929244244046,0.34816370992767887,0.353368022520295,28.04779179819337,26.593870417993156,-0.000916512370522593,0.004805339076209747,0.8236247762700255
2017-01-25,27.813492131252744,28.20152298973983,27.781156373226043,28.15070915222168,129510400,0.0004922393870241,0,76.22953413698245,0.37098145680084116,0.3568907093764042,28.168588676124713,26.596873627036906,0.015795258443636495,0.005766135220554179,2.3255912306210553
2017-01-26,28.102202967949797,28.280051383142823,28.08603509040193,28.164566040039062,105350400,8.21462645053117e-05,0,76.41793964471869,0.3857362927603951,0.3626598260532024,28.27954027597677,26.594016242577915,0.0004921182769588306,0.00569596683119755,1.828807185307975
2017-01-27,28.210764656267436,28.259268297823795,28.08604025133673,28.166879653930664,82251600,-0.0026241984371552,0,76.45150019026119,0.39308505602763333,0.3687448720480886,28.36767060890384,26.625759910200163,8.214289068542158e-05,0.005525973152001237,2.2641510740550945
2017-01-30,27.93128539548426,28.09296417236328,27.868924085021355,28.09296417236328,121510000,-0.0023018162235032,0,72.88286689029918,0.3884666406159347,0.37268922576165786,28.424798375592097,26.681807344927925,-0.0026276476815296768,0.005605726439245977,2.175728914451159
2017-01-31,27.98210588789712,28.03753837285201,27.859691675961898,28.02829933166504,196804000,0.060980404019054,1,69.81266040457568,0.37526280488877717,0.37320394158708176,28.42931547353806,26.805017183322292,-0.0023044694747800243,0.005215811844126095,1.1250312942618539
2017-02-01,29.340206479978324,30.139366618390603,29.335587841529826,29.737476348876953,447940000,-0.001708806143441,0,86.27269831686696,0.4969860255081784,0.3979603583713011,28.92424568476074,26.601110035759277,0.059193390110723776,0.01374787465879746,7.300589096744707
2017-02-02,29.559627951834955,29.885295689351512,29.513432759238217,29.68666076660156,134841600,0.0042792636510593,0,84.7923724669134,0.5826358980568749,0.4348954663084159,29.25610167010431,26.558198294800473,-0.001710267818042066,0.013762669831672769,7.305032733689659
2017-02-03,29.635849392492428,29.83910473243412,29.60120519788106,29.813697814941406,98029200,0.0093738940221472,1,85.46387959145059,0.6532347832767584,0.47856332970208443,29.559171529821988,26.54314895052469,0.004270133639578955,0.013763984930069598,7.566680691450759
2017-02-06,29.82524494914192,30.1416736520319,29.77211915537729,30.093168258666992,107383600,0.0095172951180375,1,86.84051295800994,0.7233969676832501,0.5275300572983176,29.894914462518642,26.493347332525303,0.009330231722671556,0.013729201996699986,8.502646428318956
2017-02-07,30.15091157581976,30.50891684132765,30.13012506007404,30.379573822021484,152735200,0.0038775974805065,0,88.08578817715018,0.7929706674410184,0.5806181793268578,30.252825750812857,26.425073800578748,0.009472290984609444,0.01373503989609721,9.635734609820478
2017-02-08,30.33800673797367,30.538950144907645,30.307979415343578,30.497373580932617,92016400,0.0072257839205667,1,88.56508755351608,0.8478404053701745,0.6340626245355211,30.57833555806168,26.398209585065757,0.0038700989772637584,0.013706032936502244,8.33607571312546
2017-02-09,30.53912152800073,30.724699891487884,30.41617661435823,30.71774101257324,113399600,-0.002265453531875,0,89.42235845768992,0.8987466856977377,0.6869994367679645,30.906453213111728,26.375991931541595,0.007199803023758111,0.013713668633666338,9.065202598557898
2017-02-10,30.727024598410026,30.838370210516818,30.63191519200416,30.64815139770508,80262000,0.0088556101649579,1,87.19915493097103,0.9228370877803052,0.7341669669704327,31.162754169863177,26.43018024786143,-0.0022680235539715987,0.013650883348757664,8.809182182266179
2017-02-13,30.870847320215493,31.04250794751688,30.79429610288974,30.91955947875977,92141600,0.0129790384827255,1,88.40947247921846,0.9528454595498665,0.7779026654863195,31.426291094277538,26.509123982931932,0.008816629213633576,0.013565850910464316,10.061577301184819
2017-02-14,30.961308263486035,31.33710183320097,30.910274131844204,31.320865631103516,132904800,0.0036297692598217,0,89.92615195951791,0.9975106808149796,0.8218242685520516,31.73811479662634,26.557738818180788,0.012895532537868348,0.01364998179461801,11.747292479207584
2017-02-15,31.436875133833905,31.61085429268172,31.228098019447497,31.434553146362305,142492400,-0.0011808922149763,0,90.31288108390683,1.030206246489886,0.8635006641396186,32.01820837112777,26.64968274978288,0.0036231975451199716,0.013586448605593365,5.706862201672478
2017-02-16,31.47166157563795,31.52501417974087,31.27912426387662,31.397432327270508,90338400,0.0027330167240162,0,89.10998717752855,1.0411209833561799,0.8990247279829309,32.23364539134601,26.807421541332207,-0.0011815900175955463,0.013569258200315562,5.76276184822249
2017-02-17,31.339420518854677,31.50875909804604,31.339420518854677,31.48324203491211,88792800,0.0072205825102025,1,89.45948386224482,1.0446530076261844,0.9281503839115817,32.41785932972146,26.999883780935278,0.0027292888245393776,0.013555139477213837,5.599923331663997
2017-02-21,31.6015422664884,31.72216868879113,31.543549270713648,31.710569381713867,98028800,0.0029996744152391,0,90.34363831367537,1.0536497607720392,0.9532502592836732,32.591428284458765,27.223875518031466,0.007194638914699958,0.013488975029107099,5.374645531319405
2017-02-22,31.64794791665597,31.80800921182795,31.573718694607052,31.80569076538086,83347600,-0.0042300781597163,0,90.6953427133122,1.056279124916479,0.9738560324102344,32.71804048095412,27.50687693085008,0.002995184368817405,0.013400830580954629,4.694328339542453
2017-02-23,31.86832790635823,31.89152299235417,31.617797616154228,31.67115020751953,83152800,0.0009522545403124,0,85.92818350345433,1.035569218990375,0.9861986697262626,32.814610785291684,27.7623507320423,-0.004239050251038989,0.013449090196546049,3.8487793824999263
2017-02-24,31.52733012268823,31.70130920410156,31.381186561624723,31.70130920410156,87106400,0.0019753780485634,0,86.1045017031488,1.0099479964794256,0.9909485350768952,32.86391364899641,28.066722184743824,0.0009518014335831992,0.013439766370384486,3.201954828402684
2017-02-27,31.81264696259961,31.882239285887856,31.6131508569667,31.763931274414062,81029600,0.000438227567048,0,86.4832192826011,0.9833605030102532,0.9894309286635669,32.85980123987811,28.430539755910466,0.0019734295549320713,0.013403171763713508,3.6406106920775976
2017-02-28,31.798727738875908,31.88223781504666,31.710577230803324,31.777851104736328,93931600,0.0204395409425244,1,86.57083490607405,0.952433872050026,0.9820315173408587,32.758831090972805,28.89999859805307,0.00043813157339123165,0.013316445677325041,2.7758856867484267
2017-03-01,31.986630253392075,32.510885884582436,31.919359907025008,32.42737579345703,145658400,-0.0059374339020511,-1,89.87034434546587,0.9691635936509293,0.9794579326028728,32.6211748040402,29.477562531164875,0.02023345696841794,0.013514378845812905,3.532821140341294
2017-03-02,32.476089788350194,32.541041684757865,32.188443147392746,32.234840393066406,104844000,0.0059004730082352,1,83.33417752470484,0.9558673767127743,0.9747398214248532,32.705596595689535,29.642877143934495,-0.005955130545926224,0.006237869043698571,2.5458839608054458
2017-03-03,32.19306923219806,32.43664050497935,32.148993992219104,32.42504119873047,84432400,-0.0031470477163021,0,84.53106565907584,0.949729751053944,0.9697378073506714,32.77416686110008,29.848144921736843,0.005883133391900497,0.006099522947827316,3.272907353533564
2017-03-06,32.32995692810154,32.42274791047879,32.151340923801676,32.322998046875,87000000,0.0012917075795912,0,81.16329375957024,0.9259577444660572,0.9609817947737486,32.79077155645791,30.08247024957236,-0.0031520100849089516,0.006330020701389639,2.667311108022725
2017-03-07,32.2580411799882,32.471455097292825,32.19540771894454,32.364749908447266,69785200,-0.0037271524505774,0,81.48826881234407,0.9001113608036384,0.9488077079797266,32.81251327820412,30.287886692804175,0.0012908740430690457,0.006230918395208522,2.062973133212286
2017-03-08,32.23252223871636,32.429699937430655,32.202368272979335,32.24412155151367,74828800,-0.0023020127645886,0,77.33691132959751,0.8599808908762299,0.9310423445590272,32.818545141225805,30.46830960273172,-0.0037341155904462298,0.006279736205320667,1.3784664806275038
2017-03-09,32.18381647400947,32.19541224949707,31.791782985027616,32.16989517211914,88623600,0.0033163191193794,0,74.81136033769148,0.812818094817569,0.9073974946107356,32.797415211595414,30.65669169148076,-0.002304666469329586,0.006384497045116592,1.5747611353919022
2017-03-10,32.30209786965853,32.32761492877019,32.16059482178688,32.276580810546875,78451200,0.0004316217537363,0,76.02332681788101,0.7751148372123708,0.8809409631310627,32.79394853739511,30.816042345478422,0.0033108322605652774,0.006297893988009824,1.8146619836473081
2017-03-13,32.209323982597176,32.34386467104146,32.20236510352637,32.29051208496094,69686800,-0.0015083704637246,0,76.18447139320276,0.7378533571363448,0.8523234419321192,32.741831203274245,31.03239574832487,0.00043152863186213253,0.006219327311128948,1.6577948302357566
2017-03-14,32.31371682068296,32.39490493840414,32.207008088724116,32.24180603027344,61236400,0.0105761999887363,1,74.30421528923333,0.6963659212938893,0.8211319378044732,32.69551163001613,31.210939976734362,-0.0015095091996872867,0.0061045211762662185,1.4599946484989328
2017-03-15,32.33923041268715,32.65007216855019,32.25107988445817,32.582801818847656,102767200,0.0016376733237439,0,78.33555082466165,0.683127669266046,0.7935310840967879,32.74732243038835,31.285322795136548,0.010520663221091908,0.005903124717890316,0.47930497484778206
2017-03-16,32.64312068541374,32.71271303717306,32.536411940767586,32.63616180419922,76928000,-0.0049759367620866,0,78.89357512032673,0.6692275256908999,0.7686703724156103,32.803775771252624,31.349030320055967,0.0016363337990563664,0.00589063272060997,1.2449927042887894
2017-03-17,32.70805680707753,32.70805680707753,32.45056770765009,32.4737663269043,175540000,0.0105008890726121,1,72.75182346917249,0.6377559503342383,0.742487487999336,32.80613793693529,31.454301554336677,-0.004988357957269596,0.006053858809946894,0.150270057870384
2017-03-20,32.56887638365337,32.82404707000738,32.529441557510076,32.81476974487305,86168000,-0.0114520770570767,-1,76.83063973352232,0.633033410957335,0.7205966725909358,32.866976293151545,31.526615969116527,0.010446137695502955,0.006361973574077462,1.5214297178896483
2017-03-21,32.965550047777434,33.12561133774699,32.41345540460427,32.43897247314453,158119600,0.0112987527050048,1,65.24038938704814,0.5921412298152369,0.694905584035796,32.87218602261128,31.594246548799855,-0.011518157078296287,0.006920338868576116,0.22933149462679267
2017-03-22,32.441298061997486,32.84724921774126,32.4204178838818,32.80549240112305,103440800,-0.0035352137029822,0,69.99467582450896,0.5825932048866349,0.6724431082059639,32.93683521318627,31.62957752179908,0.01123539856717759,0.007273183475939744,1.7410021504618163
2017-03-23,32.76838766363633,32.8426204575127,32.6176071680448,32.689517974853516,81385200,-0.0019873127062799,0,66.87764747508749,0.5592217985890287,0.6497988462825769,32.94646062341111,31.721788888307643,-0.003541477337493326,0.007245593598335142,1.6152455578553435
2017-03-24,32.824049813805665,32.87972438810393,32.55728333363764,32.62455368041992,89582400,0.0017066692110021,0,65.12803880209752,0.5293556328615736,0.6257102035983763,32.930932145453404,31.829641813897176,-0.001989290032320401,0.007288783043146848,1.0780970633647209
2017-03-27,32.33459327284233,32.75910267204464,32.15597375151802,32.680233001708984,94300400,0.0207265685817097,1,65.95023958445302,0.5043653277037308,0.6014412284194471,32.91275251778703,31.939451614293052,0.0017052145060025836,0.007287987638426225,1.2069208308701813
2017-03-28,32.68718299742454,33.413253119925045,32.61990911954282,33.357582092285156,133499200,0.0022250582938512,0,73.98578755648143,0.5330718214556072,0.5877673470266792,33.05404973275444,31.95612749808051,0.020514695854109366,0.008437361011020448,3.4606500050402293
2017-03-29,33.32973640713459,33.517636706870064,33.21607238857746,33.43180465698242,116760000,-0.0013177852399153,0,74.69062812532881,0.555408659938422,0.5812956096090278,33.23488507485641,31.875735042331083,0.0022225865175311554,0.007324437934043922,2.6056778138817283
2017-03-30,33.44806374056938,33.51997453829253,33.28800239615902,33.38774871826172,84829200,-0.0018760572816729,0,73.41905256515142,0.5630651546929499,0.5776495186258123,33.36567115144243,31.860239798264605,-0.0013186542824428216,0.007146428733496134,2.3029267919789365
2017-03-31,33.33902914825974,33.46661450602791,33.17432740648388,33.325111389160156,78646800,0.0002787323869175,0,71.55386457713792,0.5576504259860542,0.5736497000978606,33.46595061832175,31.84996735042825,-0.0018778192812209937,0.007121256708133751,2.621639429457019
2017-04-03,33.33672216405907,33.43182806381168,33.18361968209475,33.33440017700195,79942800,0.0074457455833227,1,71.6688093316452,0.5477941124852848,0.5684785825753454,33.55214980502133,31.86490837674137,0.0002786935482625985,0.007047561441921603,1.5835260651496508
2017-04-04,33.230001080615665,33.61043515733627,33.2114428891155,33.58259963989258,79565600,-0.0051807939067711,-1,74.61991909622331,0.5536286489476367,0.5655085958498037,33.678282055919375,31.86056109898785,0.00741816285106367,0.007168282437201642,3.5254728481144992
2017-04-05,33.455008813660356,33.74265542544554,33.359899425133094,33.40861511230469,110871600,-0.0024994667651989,0,69.17996368267421,0.5380116009672804,0.5600091968732991,33.74361163056712,31.9116808804192,-0.0051942607522939,0.007235238426399473,1.8384808976712497
2017-04-06,33.47125139931897,33.52460752868497,33.276395692698415,33.325111389160156,84596000,-0.0022277986505918,0,66.66786325741488,0.5129835700655363,0.5506040715117466,33.77344666994417,31.99736746274626,-0.0025025956470323685,0.007241243639612407,1.944334005767758
2017-04-07,33.3413387006031,33.44572540561645,33.2346335495627,33.25086975097656,66688800,-0.0011857948749247,0,64.4278195564903,0.4816063374519075,0.5368045246997788,33.78951654549366,32.078726481239734,-0.002230283885761075,0.007284818621375938,1.919769008004952
2017-04-10,33.311190871347144,33.376142768174915,33.14880758966482,33.21144104003906,75733600,-0.0107564971089502,-1,63.21304309306426,0.44838933396243874,0.5191214865523108,33.78995445414991,32.17038146809131,-0.0011864984859477623,0.0073061098371992456,1.625472004138707
2017-04-11,33.15808508686104,33.25319447598897,32.49000445636002,32.85420227050781,121517600,0.0012006922006211,0,53.39062092384934,0.38875708654839514,0.4930486065515277,33.74980176190359,32.27177378436105,-0.010814766450023772,0.007782314770555801,-1.5090416936836797
2017-04-12,32.84725633500251,32.97483817990413,32.710390082732765,32.89365005493164,81400000,-0.0052895363297128,-1,54.23625441663058,0.34075321640256107,0.4625895285217344,33.741372325605816,32.311288044267236,0.001199971946219236,0.007450444745003248,-1.609708502344891
2017-04-13,32.91915399971396,33.02818114484193,32.71965789794922,32.71965789794922,71291600,0.0055300864075271,1,49.93307996773955,0.28538040286630917,0.4271477033906494,33.7373139116192,32.323696067628845,-0.00530357545586746,0.007554382087860795,-2.0010058957556547
2017-04-17,32.81940878974575,32.912199745237736,32.67790567978188,32.90060043334961,66328400,-0.0044418962061847,0,54.01885739723943,0.25317910844260183,0.3923539844010399,33.714523410775755,32.38916997911683,0.005514851620342043,0.007545076426672941,-1.273847072417078
2017-04-18,32.803175078892394,32.94931509303245,32.73358274188541,32.754459381103516,58790000,-0.0036826906783238,0,50.438685871318974,0.21340696638225864,0.3565645807972837,33.71632709669925,32.38133525681638,-0.004451790738332573,0.007257260738147212,-1.7397667059224597
2017-04-19,32.91220420343728,32.94003972404889,32.58048224449044,32.63383483886719,69313600,0.0125105730561356,1,47.63253957483224,0.17019199739439017,0.319290064116705,33.6951510415095,32.421997548578396,-0.0036894884782348036,0.006805605167983128,-2.825167828575005
2017-04-20,32.75909660004193,33.15344841823946,32.745178841928706,33.0421028137207,93278400,-0.0011934024252957,0,56.46158042082911,0.16696299122532565,0.2888246495384292,33.69643539176453,32.44437423958312,0.012432962468612807,0.006911334737464336,-1.0970592386183486
2017-04-21,33.04210511869532,33.09777615503177,32.90524243488396,33.00267028808594,69283600,0.0096293662612934,1,55.48849950116957,0.15938481635590307,0.26293668290192396,33.688421356421756,32.48370350624914,-0.001194115097029158,0.006861355507053611,-0.9675619604353399
2017-04-24,33.28798914250683,33.39237585698242,33.213756387565255,33.320465087890625,68537200,0.0061961633748379,1,61.28019781811026,0.17698230080039679,0.24574580648161853,33.692158451040484,32.54955755237748,0.009583299407637469,0.007125338744538332,0.20930380899891654
2017-04-25,33.383102577689314,33.612752669441434,33.3738217123907,33.52692413330078,75486000,-0.0058809527764737,-1,64.51092434069,0.20522227883605382,0.2376411009525056,33.722981096223585,32.60340402035356,0.006177046083154725,0.007216386172944862,0.9499229283106942
2017-04-26,33.51301384026616,33.543171349784984,33.26016506855636,33.32975387573242,80164800,0.0007654630576519,0,59.41248823936732,0.20928022080912712,0.23196892492382992,33.719785501556366,32.6038167933655,-0.005898313678479372,0.005785934273422752,1.4474605145153596
2017-04-27,33.38542407660318,33.44109865464612,33.243920954572374,33.35526657104492,56985200,-0.0009735949120087,0,59.85460710863559,0.21210976106014812,0.22799709215109357,33.70951150720252,32.606436979125604,0.0007651702402231564,0.005765055485588474,1.4033605736742267
2017-04-28,33.424860347555175,33.473576047891505,33.23464505871015,33.322792053222656,83441600,0.0203968463842973,1,58.974007843503195,0.2093188722446726,0.2242614481698094,33.70155808434302,32.607894735481196,-0.0009740691633792764,0.005761781678069572,1.8433388183781725
2017-05-01,33.659154196004415,34.146293497724514,33.62667824255641,34.002471923828125,134411600,0.0063445022540977,1,69.1906759330074,0.25896635504728494,0.2312024295453045,33.84613910453048,32.53104976876054,0.020191616712630367,0.007308554676593369,3.3490923447147987
2017-05-02,34.22515956291359,34.35274491646579,34.062779812762194,34.21820068359375,181408800,-0.0030503575435536,0,71.60748518613096,0.3121219038335141,0.24738632440294644,34.0279699113366,32.4375990126136,0.006324460624447692,0.007401325350935258,4.468830596345261
2017-05-03,33.77282360209553,34.213572799550626,33.46662221255458,34.11382293701172,182788000,-0.0036042668830359,0,68.79555125112395,0.34188461436509243,0.26628598239537565,34.131279995990184,32.38741125767193,-0.0030550193666907255,0.0073163060320930616,4.535133873944389
2017-05-04,33.98854916827394,34.13237072103223,33.8238474388145,33.990867614746094,93487600,0.0165835774460294,1,65.53104228422004,0.35149845457958406,0.28332847683221735,34.21552242031304,32.361394083593204,-0.003610777902594453,0.0072565220510025855,2.8713814201662036
2017-05-05,34.044216463404894,34.55919469272828,34.044216463404894,34.55455780029297,109310800,0.027188414564812,1,72.07363328381415,0.39999172362795576,0.30666112619136504,34.429127269245946,32.27073387577358,0.01644757150910303,0.007993573259506564,4.702308930339092
2017-05-08,34.570793691957604,35.65410272076272,34.570793691957604,35.494041442871094,195009600,0.0064049309208935,1,79.17010083376866,0.5083712794284594,0.3470031568387839,34.88751084680229,32.036667467406694,0.026825375234203364,0.009682318409146408,6.523247347379893
2017-05-09,35.6935392726435,35.927833315531025,35.59611143347141,35.721378326416016,156521600,-0.0047402085294493,0,80.4637998366003,0.605625767937525,0.3987276790585321,35.31302560484594,31.862146438000746,0.006384506515722421,0.009647088906443078,6.545348998882907
2017-05-10,35.63788364930555,35.70979445171137,35.285284979210275,35.55205154418945,103222800,0.0086477576614927,1,76.64547365950173,0.6614130367862501,0.4512647506040757,35.61155563065033,31.833401339564514,-0.004751478948095134,0.009256193769533086,6.667608998082336
2017-05-11,35.51010280807323,35.88745102816276,35.47749281909979,35.8594970703125,109020400,0.013965753622843,1,78.62852596727929,0.7221091094862473,0.50543362238051,35.93393063337036,31.807611038382568,0.008610579987133882,0.009288755089047964,7.507751418906222
2017-05-12,36.03419848868001,36.43483757471907,36.02721088694164,36.36030197143555,130108000,-0.0025625194418376,0,81.39916874500209,0.8013840974805433,0.5646237174005168,36.31081683780534,31.794789241296222,0.013869131051160277,0.009232858951643903,9.115412398101054
2017-05-15,36.33933557810025,36.48841033875089,36.11572521423562,36.267127990722656,104038800,-0.0014772998597906,0,79.33834912345205,0.8469288662798249,0.6210847471763784,36.608685503439546,31.83357333139932,-0.0025658083145176924,0.009397158371394205,6.660268912118457
2017-05-16,36.3230277197408,36.35097812309848,36.03885343819705,36.21355056762695,80194000,-0.0335756304667621,-1,78.11367945817463,0.8686864962171583,0.6706050969845344,36.83221751582799,31.95595043766322,-0.0014783921431140712,0.00926448557664955,5.8312530880383
2017-05-17,35.77797303150583,36.00391493343164,34.87187740829589,34.997657775878906,203070800,0.0152414984872077,1,56.716970761676166,0.778839214390814,0.6922519204657903,36.8235049750698,32.20104527212258,-0.0341522353011916,0.012655299603841201,2.5908407876159574
2017-05-18,35.23525653339592,35.71741888804317,35.20264653624211,35.53107452392578,134272800,0.0034091819230259,0,61.67650643277129,0.7421221476828492,0.7022259659092022,36.88508816890345,32.388359249309445,0.015126513737052871,0.012769225430166078,4.531237409519688
2017-05-19,35.726745603971914,35.86650124089888,35.55204839214531,35.65220642089844,107843200,0.0060757465323177,1,62.721136655925704,0.7145609259729184,0.7046929579219454,36.92724528774034,32.611155743753805,0.00340338383641825,0.01271907010081078,3.1765668278821453
2017-05-22,35.87114820624761,36.00624776236227,35.61725586741163,35.86882019042969,91865600,-0.0012337819516663,0,64.58045070033943,0.7021039626474206,0.7041751588670405,36.99763752791231,32.795599013835734,0.006057363606774224,0.012659880132588201,1.055892009823151
2017-05-23,36.080786262682494,36.080786262682494,35.71042912719921,35.82456588745117,79675600,-0.0029907801935749,0,63.87947086344781,0.6808127909992763,0.6995026852934877,37.050739258726246,32.97226145843684,-0.0012345436872265303,0.012691524867544912,0.28886780373435056
2017-05-24,35.833887280376885,35.91075447160041,35.56136008652445,35.71742248535156,76712000,0.0034561173490683,0,62.121384554274016,0.6478260712670121,0.6891673624881927,37.03758162596993,33.224185952155075,-0.0029952615139845484,0.012596863595018113,0.4651516128585756
2017-05-25,35.8082560964311,35.95267482369602,35.64520613425064,35.84086608886719,76942400,-0.0016894315429524,0,63.37215633901443,0.6244464948766861,0.6762231889658914,36.99986037578905,33.51046715411818,0.0034501587007480516,0.012580936301377863,-0.0519555012408046
2017-05-26,35.87115779948018,35.927062182064795,35.71043580949505,35.78031539916992,87710400,0.0003906352033322,0,62.285711709168,0.5941827091263434,0.6598150929979818,36.89194772839524,33.86413213610672,-0.001690860241774228,0.012595645680829708,-1.5951093385342598
2017-05-30,35.73606004792661,35.971317672585286,35.71509723621147,35.79429244995117,80507600,-0.0059219296834926,-1,62.445759332701506,0.5648154313600386,0.6408151606703932,36.85183700166889,34.08342491544537,0.0003905589252650721,0.011982661899780983,-1.3037578848053215
2017-05-31,35.864167521111504,35.910752726012475,35.49381034394734,35.58232116699219,97804800,0.0027493403512894,0,58.398237307860214,0.5184608472175114,0.6163442979798169,36.7959297131394,34.275744252314695,-0.005939533843887457,0.012093583642616992,-1.743075149331124
2017-06-01,35.6778210622383,35.71509064567033,35.45653868622317,35.68014907836914,65616400,0.0148193099425371,1,59.6966068446358,0.48403870331577536,0.5898831790470086,36.69259676090246,34.53570981868738,0.0027455678281573803,0.012036540834589153,1.9501056523863183
2017-06-02,35.773327067862255,36.20890426635742,35.6126050811468,36.20890426635742,111082800,-0.0097780781961803,-1,65.89260982233992,0.493733577610449,0.5706532587596967,36.535966907193234,34.91414333755774,0.01471057688530486,0.012262522812475632,1.9077096640440925
2017-06-05,35.9503527557848,35.97597515334423,35.74537712953291,35.85485076904297,101326800,0.0033780771717906,0,59.31683535054859,0.46745909953578035,0.5500144269149135,36.39836812728688,35.1817714143391,-0.009826197536169534,0.012171192659305805,0.5683921655568172
2017-06-06,35.84785924812664,36.29275557793908,35.81990883719749,35.97597122192383,106499600,0.0059565989830223,1,60.759540448243165,0.4512085434445652,0.5302532502208439,36.411736040699765,35.21659647883149,0.003372384286170149,0.010675906757827204,0.2987302925640416
2017-06-07,36.10874243967336,36.33235283343117,35.98295848323935,36.19026565551758,84278400,-0.0024455413536393,0,63.24312798426625,0.4504293612273713,0.5142884724221494,36.45523455774676,35.21998669469464,0.005938928582903902,0.010663821434257734,1.0208072561585613
2017-06-08,36.162321282214734,36.22986930400423,35.964329695695085,36.10176086425781,85003200,-0.0387767781856451,-1,61.51154776070005,0.4376255814270493,0.4989558942231294,36.47835279965823,35.25183938479001,-0.002448536574182647,0.010614724223993182,1.0760529516481065
2017-06-09,36.148345274235325,36.148345274235325,34.012381263922904,34.70185089111328,259530800,-0.0238957700011938,-1,41.94766428080604,0.310933213851996,0.46135135814890277,36.60301774921492,35.0114098173134,-0.03954861622068773,0.013743237548157816,-3.1779790000881274
2017-06-12,33.947162624795524,34.02868585572253,33.19479742581178,33.872623443603516,289229200,0.0080452682891669,1,34.87245649965631,0.14198021536532934,0.3974771295921881,36.80477689453843,34.56088281920669,-0.024185905239450634,0.014112278570418305,-5.331680099194048
2017-06-13,34.2779093204705,34.34545731801221,33.809718706412404,34.145137786865234,136661600,-0.0097549498415977,-1,38.54118821815458,0.02973066028280158,0.3239278357303108,36.8488762697809,34.304584423578476,0.008013077657827772,0.014347152968562666,-4.607311809255185
2017-06-14,34.357107963918786,34.357107963918786,33.50458497430909,33.81205368041992,126124800,-0.005993483254654,-1,35.88069970266708,-0.08512377068385035,0.2421175144474786,36.90661830363432,34.006692701004354,-0.009802841070334356,0.014420801837184615,-4.975132111995122
2017-06-15,33.383463319368175,33.653658884077664,33.12491138825977,33.60940170288086,128661600,-0.0139992007266781,-1,34.328072035393355,-0.19030533422854745,0.15563294471227337,37.037531495603915,33.73695390173495,-0.006011516265217232,0.01251207741040401,-5.803639920169668
2017-06-16,33.490619377244535,33.65832898246392,33.122590163247764,33.13889694213867,201444400,0.0286072679884099,1,30.97658311654398,-0.308076963683412,0.06289096303313631,37.18416771879762,33.351099920362536,-0.01409811375779979,0.012103595466959011,-8.47859769971324
2017-06-19,33.462660746024724,34.180084202396955,33.462660746024724,34.086910247802734,130165600,-0.0090885091104996,-1,43.04282231040499,-0.32121234170837454,-0.01392969791516586,37.163664601562125,33.215073420288455,0.028205720237283405,0.013972788177539833,-4.930826605940505
2017-06-20,34.21036013666981,34.21036013666981,33.76080783398927,33.7771110534668,99600400,0.0059307917687196,1,40.548239024221,-0.3525563788349686,-0.0816550340991264,37.12455176019431,33.04501534795999,-0.009130061567627301,0.01391039554115508,-6.112024481265544
2017-06-21,33.895912846723185,34.0240248241865,33.68394607984964,33.97743606567383,85063200,-0.0016453386394335,0,42.85455324863188,-0.3571155935149619,-0.1367471459822935,37.05696661474348,32.92788751123309,0.00591327385250251,0.014049384318533274,-6.1144331210687906
2017-06-22,33.95414167224387,34.17076444882419,33.80273533143621,33.921531677246094,76425200,0.004463624028179,0,42.360683842902176,-0.36107754376828183,-0.1816132255394912,36.9893311198333,32.81593392533271,-0.0016466936956076594,0.014050860269054043,-6.03912145784067
2017-06-23,33.805076998923525,34.27792384473783,33.800417411325526,34.07294464111328,141757600,-0.0031446421178282,0,44.23514970397494,-0.34798826501133107,-0.21488823343385918,36.88418222834099,32.74429067204963,0.004453691603883758,0.014075296239390703,-1.8123132739327608
2017-06-26,34.280250265171865,34.53880227435015,33.86330782727654,33.965797424316406,102769600,-0.0143328844678698,-1,43.1653643597982,-0.34231481017401677,-0.2403735487818907,36.77510963963943,32.671911463265836,-0.0031495968949135644,0.014074502596673158,0.27507163969162696
2017-06-27,33.77711917016634,34.044990335988786,33.45334717644765,33.47896957397461,99047600,0.0146105806870335,1,38.597929566206965,-0.3728040423353107,-0.26685964749257474,36.665877856325835,32.54961095898179,-0.014436592405113302,0.014297303956775977,-1.950989968319539
2017-06-28,33.65599201574137,34.033336750025995,33.34619528721252,33.968116760253906,88329600,-0.0147431568038678,-1,44.90591585287059,-0.3534228499113681,-0.2841722879763334,36.552304901905536,32.50176347272825,0.014504874528004308,0.014823121182296069,0.46156048759723306
2017-06-29,33.70724021964678,33.80507021422651,33.14121950659293,33.46731948852539,125997600,0.0023663959690227,0,40.336950496418666,-0.3741601840770912,-0.302169867196485,36.419245567524364,32.41353984812505,-0.014852917286757972,0.01502744059374667,-0.422745443705087
2017-06-30,33.64667442380345,33.765470774786365,33.490612044216654,33.54651641845703,92096400,-0.0036105225165561,0,41.35317551831501,-0.37982574567588756,-0.3177010428923655,36.14049002366454,32.42605660719484,0.0023636004633948993,0.014497126751582276,1.2300333261848546
2017-07-03,33.74683993520988,33.844669935919384,33.332225551821445,33.42539596557617,57111200,0.00411126481309,0,40.22475324890145,-0.3895981078913522,-0.33208045589216284,35.906349504310214,32.41725164620249,-0.0036170561843547056,0.014428022332427256,-1.9406695338988789
2017-07-05,33.46964622541144,33.72586658729223,33.24370428690816,33.56281661987305,86278400,-0.0094381965770398,-1,42.1534306887371,-0.38185232116023116,-0.3420348289457765,35.58992660773794,32.49235908256968,0.004102836656267872,0.014447267853638037,-0.6344368328438064
2017-07-06,33.31359574009965,33.4254009641699,33.17150852763004,33.24604415893555,96515200,0.0101588583048268,1,39.02743535181832,-0.39670168945239936,-0.35296820104710114,35.12467843572537,32.66318510492404,-0.009483018603358317,0.01432964174606013,-2.1525812169128913
2017-07-07,33.28563642493535,33.71655758081825,33.28563642493535,33.58378601074219,76806800,0.0061036226678787,1,43.81178367590948,-0.37687262299072444,-0.35774908543582584,34.47207251347293,33.06399354182492,0.010107603935431975,0.014683079909426739,-0.9956675002693334
2017-07-10,33.567486348932384,33.99607597971886,33.3951171574487,33.78876876831055,84362400,0.0032396190221577,0,46.552912860979184,-0.3406902840139736,-0.3543373251514554,34.28185835967664,33.162899483340944,0.006085071012972509,0.012128697644788982,-0.834022054142748
2017-07-11,33.711887186401654,33.97277065601497,33.63036398995309,33.898231506347656,79127200,0.0014432461593898,0,48.01147655820681,-0.2997277170062773,-0.3434154035224198,34.28462351872512,33.16269513056687,0.003234382762396848,0.010896705041012195,-0.19892339674727902
2017-07-12,33.97743342439088,34.0496410185598,33.73286023232792,33.9471549987793,99538000,0.0139289134797977,1,48.685503504032134,-0.2603161085070482,-0.3267955445193455,34.251114909463396,33.176405461019996,0.001442205680642239,0.01074154192896385,1.398446340381511
2017-07-13,33.89125088868478,34.58771155072855,33.87727568379812,34.42000198364258,100797600,0.008594261973045,1,54.78680924506481,-0.18875151492446918,-0.29918673860037026,34.36292836698147,33.12538683382419,0.01383279766200829,0.01093833585865581,1.3303216854147852
2017-07-14,34.46658374236206,34.78336805363899,34.31750898142132,34.715816497802734,80528400,0.0034892423452095,0,58.14005160115847,-0.10693363546181445,-0.2607361179726591,34.54501713644595,33.0539395438519,0.008557541543615876,0.010939580901105314,3.7304959834187006
2017-07-17,34.664582775436166,35.1490731877301,34.606350378800286,34.83694839477539,95174000,0.0034767813617975,0,59.465752717579385,-0.03194974797089145,-0.2149788439723056,34.693695175348736,33.07506665021279,0.003483169062474367,0.010297648613463264,3.846694423413734
2017-07-18,34.753089697174474,34.96971603651963,34.629637314513324,34.95806884765625,71475200,0.0062632801574151,1,60.80249893799593,0.036824442150333425,-0.1646181867477778,34.86054697726806,32.995330708278814,0.0034707513301714954,0.008348605295394733,4.585354452221098
2017-07-19,35.05123708142619,35.27019142330766,34.92778470640329,35.17702102661133,83692000,-0.0045028734650588,0,63.167209258251326,0.10775397356195526,-0.11014375468583121,35.073876676868444,32.921992005992884,0.006243747335512584,0.008043619633994416,4.809502209008545
2017-07-20,35.28882244956247,35.34472681415115,34.98368534557187,35.01862335205078,68974800,-0.0004652544978051,0,60.3315860509563,0.14946186631480884,-0.058222630485703204,35.21407633810537,32.88591107339366,-0.004513041936153872,0.008116269505839052,5.331699568951026
2017-07-21,34.93711077861648,35.041928384156826,34.67855878936442,35.0023307800293,105010400,0.0121110752795632,1,60.03306642374779,0.1791360287796948,-0.010750898632623601,35.3375229352656,32.870544386511746,-0.00046536276226083473,0.008096367980678571,4.223897713120762
2017-07-24,35.074524379164174,35.50777338938953,34.916130471679224,35.426246643066406,85972800,0.0042746795497856,0,64.89955268138995,0.2341602302832939,0.0382313271505599,35.53281508795321,32.81058243401945,0.012038323023671804,0.00841018454110154,4.846219422743808
2017-07-25,35.3587280155949,35.833903024210784,35.3587280155949,35.57768249511719,75415600,0.0047133558270027,0,66.47020234522996,0.2866822198838008,0.0879215056972081,35.74008833000521,32.764497699047524,0.0042655690608786045,0.008336783408576985,4.954391170687012
2017-07-26,35.719750377780706,35.85484639838215,35.65219881325687,35.7453727722168,63124000,-0.0188974151146664,-1,68.16877410582568,0.3379418951527242,0.13792558358831133,35.94308604901175,32.78814029986521,0.004702282746041675,0.007352701692228892,5.297108913846129
2017-07-27,35.812923566701464,35.868827946423565,34.310528459625985,35.06987762451172,129905200,-0.0070404089561181,-1,55.8869607308446,0.3203657668980284,0.17441362025025475,36.015655418643945,32.825747016658795,-0.019078253135462298,0.008411646143410697,1.8880755474040387
2017-07-28,34.91381373576606,34.99300893798298,34.75076374466559,34.82297134399414,68854800,-0.0051507164325699,-1,52.1859114360258,0.28324817660706714,0.19618053152161724,36.02993698530715,32.947030635542454,-0.007065309577787726,0.007765574866181034,0.30866290066427904
2017-07-31,34.91613521757515,35.01629676393556,34.50385250742596,34.64360809326172,79383600,0.0088754047463368,1,49.61541493184417,0.23663136447900257,0.2042706981130943,36.0236741614978,33.06300262683228,-0.005164027098436996,0.007927025061104197,-0.5549863303832541
2017-08-01,34.72980174714236,34.99068173899618,34.56907976850981,34.95108413696289,141474400,0.0472507909384813,1,53.815184471469244,0.22193957083370464,0.20780447265721638,36.01655122019454,33.22269438527421,0.008836249848131583,0.00798381181545022,-0.01998025326798812
2017-08-02,37.10101961724423,37.21049679355686,36.37428053552894,36.6025505065918,279747200,-0.0099908922632595,-1,68.83904784953155,0.33964058739729097,0.2341716956052313,36.327900529173725,33.215318464966906,0.046168436097509424,0.012668954366245199,4.052445142816555
2017-08-03,36.5815931692251,36.618862756994176,36.10874638135342,36.23685836791992,108389200,0.0052707180284812,1,63.88339396078887,0.3988139131026571,0.26710013910471647,36.43657523397268,33.40572518106638,-0.01004113616173763,0.012701565835458072,3.478820408277979
2017-08-04,36.353317021893886,36.6631101994901,36.264802654453305,36.427852630615234,82239600,0.0154743630006797,1,65.28887248452081,0.45586590248166914,0.304853291780107,36.583862565387406,33.54284451163896,0.0052568764097569165,0.012631091517112664,4.072648360317976
2017-08-07,36.58392363191199,37.01717284458326,36.493081227040136,36.99155044555664,87481200,0.0079968130720968,1,69.10964275563559,0.5403370486003638,0.3519500431441584,36.8446172293274,33.60236801542358,0.015355856028516524,0.012876864961220149,4.418486153109291
2017-08-08,36.94263020084409,37.694991695930675,36.86576301836556,37.2873649597168,144823600,0.006121748083488,1,70.91870597186376,0.623958197844587,0.4063516740842441,37.128988792133555,33.65690979795434,0.007965008009354069,0.012895285778013285,4.805491377450604
2017-08-09,37.09635495788188,37.564545578918434,37.06141695073997,37.515628814697266,104526000,-0.031851654436419,-1,72.26831929079005,0.7005717909791684,0.46519569746322903,37.407015249712416,33.73573072196727,0.0061030863067594865,0.01287418205777479,4.952406158305351
2017-08-10,37.39169759342249,37.41508344784956,36.159340851448846,36.32069396972656,163217200,0.013906784527917,1,57.28171058218017,0.6572905239960178,0.5036146627697868,37.44983730652196,33.88297786376613,-0.03236995389791897,0.015149583924035242,3.566640176527445
2017-08-11,36.62001748446426,37.08069102427803,36.49608029539566,36.82579803466797,105028400,0.0150498329027886,1,60.96651206596867,0.6561834108963254,0.5341284123950946,37.56751628271726,33.97629704125735,0.013810972469856075,0.015301500429073292,5.7514525997485055
2017-08-14,37.256082923655434,37.46420424890285,37.12278993368608,37.38002014160156,88490800,0.0109476037631797,1,64.577055434902,0.692049591090452,0.5657126481341661,37.77040152534986,34.027718973307366,0.014937707744508089,0.015535086302754268,7.89875015608459
2017-08-15,37.56942756923326,37.929546235370935,37.44782752936895,37.78924179077149,117862000,-0.0040225220046027,0,67.00397961331531,0.7449077317337043,0.6015516648540737,38.03039955206445,34.0508382409043,0.010888112546133755,0.015622069675636648,8.12037086657085
2017-08-16,37.86874084100128,38.00203021658341,37.450157608514594,37.63723373413086,110686400,-0.0191985404973964,-1,65.21657760239306,0.7657058290671017,0.6343824976966794,38.227455135792795,34.09980392792791,-0.004030634107624387,0.01570941309390959,2.8268063651813695
2017-08-17,37.536680345005905,37.58111132381233,36.90997589394389,36.91465377807617,111762400,-0.0022802627479409,0,57.38063920402026,0.7156329364200502,0.6506325854413536,38.27685282846118,34.240009277862065,-0.01938522572768031,0.01643780137514029,1.87045853499346
2017-08-18,36.91466276218176,37.29816728622195,36.64808039264384,36.83047866821289,109712400,-0.0018409326093754,0,56.52855336998932,0.6615318529448615,0.6528124389420552,38.29675789416775,34.40291900097386,-0.002282866505962211,0.016460859727935383,1.105269755207243
2017-08-21,36.83048953864028,36.92168870334201,36.27160161789232,36.76267623901367,105474000,0.0163470084148626,1,55.80964511644304,0.6061973988564446,0.6434894309249332,38.32352057645276,34.50979927828357,-0.001842629208347546,0.016331673448342802,-0.6187202314750793
2017-08-22,37.00117669594613,37.415082040105275,36.95207139894945,37.3636360168457,86418400,0.0012517033528396,0,60.59330649255633,0.6038757729577497,0.6355666993314966,38.41456897082428,34.5973462360849,0.016214834558928803,0.01664029012299124,0.20454933517373855
2017-08-23,37.19760863775426,37.524989178766795,37.15317765686392,37.410404205322266,77596400,-0.0044374820088645,0,60.94760590274383,0.5989058557593765,0.6282345306170726,38.50310074177313,34.6753176084466,0.0012509206252913074,0.016633587068828316,-0.2804820622752745
2017-08-24,37.51565298458341,37.588147741229136,37.076027967009445,37.2443962097168,79275600,0.0037037321546449,0,58.922513524889894,0.5749441049629525,0.6175764454862486,38.497900647403,34.897969561337234,-0.0044473568559531,0.015952780089788465,2.5431844467513307
2017-08-25,37.333230618284894,37.54602972808656,37.24437223551902,37.38233947753906,101920400,0.0100715787531597,1,60.10861936251388,0.5606226052767838,0.6061856774443556,38.42745162219907,35.22435539989566,0.003696890227282257,0.015775640076484108,1.5112814183881722
2017-08-28,37.44782531258418,37.88277584463874,37.39871644056381,37.75883865356445,103864000,0.0089180383649518,1,63.22943483512909,0.5730473177950373,0.599558005514492,38.28147297711578,35.681857101009214,0.010021198394637665,0.015699611028422017,1.0134251146143443
2017-08-29,37.43847155363424,38.14467872709018,37.41508569780086,38.09557342529297,118067600,0.0027009392455394,0,65.80603540543044,0.6031133584780548,0.6002690761072046,38.14592930684867,36.13184970010934,0.008878507512083189,0.015700255733925472,0.8106318624161613
2017-08-30,38.30369647441124,38.32474160472959,38.025421190710354,38.19846725463867,109078400,0.0039789288439535,0,66.57672907556207,0.6280043413145151,0.6058161291486668,38.293705694706354,36.14366498705635,0.0026972982637092358,0.012224273292356813,1.491165701688817
2017-08-31,38.26627216673891,38.472056244466614,38.22885623111931,38.35045623779297,107140400,0.0003051721507136,0,67.733613897031,0.6524735562520902,0.6151476145693515,38.408053396733116,36.24067707201689,0.003971033842085525,0.011886639005659668,3.8895189654183575
2017-09-01,38.53754296132043,38.57028102195894,38.263945547088376,38.362159729003906,66364400,-0.0120087585927781,-1,67.82596343608036,0.6651426093481874,0.6251466135251187,38.51269458086966,36.329466597719204,0.00030512559516404636,0.01188509727135148,4.158732430792317
2017-09-05,38.29199729690291,38.40891942605376,37.54603354201166,37.9014778137207,117874000,-0.0010488498733599,0,60.48726913721616,0.6307389783969128,0.6262650864994775,38.55863853940071,36.37451537600456,-0.012081446246010596,0.011917101286304705,3.097711296378636
2017-09-06,38.04880097446266,38.11427708156708,37.536681476039995,37.861724853515625,86606800,-0.0040148212272085,0,59.88513280033115,0.5934254817845854,0.6196971655564991,38.597159095204,36.393430809581155,-0.001049400301299741,0.011818431650924577,1.3330844900784131
2017-09-07,37.90380792335481,37.93888669648511,37.499258430811345,37.709716796875,87714000,-0.0163088384296156,-1,57.52691580134592,0.5453025784185854,0.6048182481289164,38.610820557688214,36.39917814531472,-0.004022902258467909,0.011794555542641014,0.8000784752551593
2017-09-08,37.6161868052397,37.684000068835665,37.07132926575848,37.0947151184082,114446000,0.0180925709035755,1,49.10212022678467,0.4523252116482297,0.5743196408327791,38.528586308718396,36.558814509152704,-0.016443291387000958,0.009853628240956985,-0.40188889213229617
2017-09-11,37.53200958535398,37.89446895853717,37.389364421772754,37.76585388183594,126323200,-0.0039627914568874,0,56.575892896141994,0.42786312807995586,0.5450283382822144,38.52234522210542,36.659061180482475,0.017930848084033446,0.010172258365492378,1.0259240316602098
2017-09-12,38.0254232193548,38.34111446369531,37.12746192939113,37.61619567871094,286856000,-0.0075223662033534,-1,54.6488383253679,0.3918831987890883,0.5143993103835892,38.52914651724836,36.675877439050474,-0.003970664120317657,0.00970197622839953,-0.377773734415558
2017-09-13,37.38467889980977,37.40572759401072,36.9263461705146,37.33323287963867,179629600,-0.0085811505287337,-1,51.10449947445114,0.33665535911908506,0.4788505201306884,38.50928173961069,36.65014132557486,-0.007550801892198145,0.009518723729095404,-2.0011263176003347
2017-09-14,37.17890179035626,37.274775229286895,36.968439806343234,37.01287078857422,95042800,0.0101083182808252,1,47.359451185306554,0.26399320557056427,0.4358790572186636,38.50963978622347,36.587346984406416,-0.008618180593488844,0.009659794959283,-3.103780207098438
2017-09-15,37.05728751659309,37.641897967011765,36.94738046646006,37.38700866699219,196458400,-0.0075678670473164,-1,51.801722159331355,0.2339014549938625,0.3954835367737034,38.492130774049954,36.65209148547153,0.010057570925345427,0.008897655531904965,-2.5122193197048306
2017-09-18,37.44080506549708,37.53200418527615,36.94739352818462,37.10406875610352,113077600,0.000378137951263,0,48.47045867636275,0.1850890483458585,0.3534046390881344,38.46868169290463,36.702899575405915,-0.0075966486553440404,0.00906711609452378,-3.2795102824964193
2017-09-19,37.30049745403106,37.361299246612795,37.05028594574414,37.11809921264648,83242400,-0.0167578818589829,-1,48.646816378910906,0.14585567159832635,0.31189484559017283,38.432100833437694,36.77502273223613,0.0003780664751262819,0.009052178721286167,-2.066881415348494
2017-09-20,36.92401038359898,37.00819446712363,35.97226601948196,36.49607849121094,211805600,-0.0171720586150972,-1,41.814299483425486,0.06383521150670646,0.2622829187734796,38.51555889648133,36.60480891662902,-0.016899883831493767,0.009051357857399111,-3.6069311886562962
2017-09-21,36.4329311332989,36.4329311332989,35.71970553018945,35.86936569213867,150046800,-0.0097789637899384,-1,36.284649769565206,-0.051147482924193355,0.19959683843394502,38.68989617884248,36.276367782949514,-0.01732120835167983,0.009717580491043157,-4.880310066101684
2017-09-22,35.4367535549157,35.6074624143654,35.20758720530329,35.51860046386719,186581600,-0.008822049818988,-1,33.60596378988311,-0.16863203400225757,0.1259510639467045,38.875684302306546,35.91800008490049,-0.009827091875240779,0.00985930425755782,-4.248892731781274
2017-09-25,35.0743013880776,35.504573964546545,34.880210226607545,35.20525360107422,177549200,0.0172036677175022,1,31.377475445135826,-0.2837529330582811,0.04401026454570738,39.04871133046562,35.52726446909493,-0.008861194494734104,0.009852326511929257,-6.780199618346981
2017-09-26,35.49288472072769,35.99331133984807,35.47183959177967,35.8109130859375,146640000,0.0071173554606409,1,39.70074253861062,-0.32239900124061904,-0.02927158861155791,39.04914287812122,35.33204036467662,0.01705736025879867,0.010449304401450478,-4.799216295536089
2017-09-27,35.96524078456459,36.18037703301019,35.904439005361155,36.065792083740234,102016800,-0.0061591226378403,-1,42.842622892760616,-0.32867096935088824,-0.08915146475942398,38.96053223182092,35.21767287682165,0.007092146629064544,0.010352778880811632,-3.3949398381453655
2017-09-28,35.98630363061761,36.07750277615863,35.70802830832593,35.843658447265625,88022000,0.0054801941210276,1,40.84514018474317,-0.34755942853666966,-0.14083305751487313,38.84509795171936,35.09762627618591,-0.006178168276896212,0.010297624034493292,-3.158934490619211
2017-09-29,35.82729301530582,36.04242938060803,35.54433979300638,36.04008865356445,105199200,-0.0020114963515431,0,43.35997266732696,-0.34272764160098745,-0.181211974332096,38.65878076556376,35.052906703918666,0.0054652324940818175,0.010357493030470954,-3.6026418305481807
2017-10-02,36.07282337667811,36.11725436821223,35.712704695295194,35.967594146728516,74795200,0.0043559608340035,0,42.639508587589916,-0.3408193630189089,-0.21313345206945858,38.43824423601968,35.033986675235205,-0.002013522127345624,0.010330234444642546,-3.0629379673841295
2017-10-03,36.014360468283606,36.266912748248025,35.99097817847156,36.124267578125,64921200,-0.0064735537120265,-1,44.77517122594112,-0.32294212614925044,-0.23509518688541697,38.28093646199406,35.01357342570125,0.0043465010974892415,0.010241508240109151,-2.6774852581429323
2017-10-04,35.92549397074334,35.979277150203,35.65189662108311,35.89041519165039,80655200,0.0124445485588124,1,42.24677857333384,-0.3239103830653036,-0.2528582261213943,38.113818380270885,34.98356054123791,-0.00649459803104202,0.010275998337345608,-1.659529803199004
2017-10-05,36.05410211450087,36.34874813157937,36.02370479058724,36.33705520629883,85135200,-0.0005787597785784,0,48.256614444535565,-0.2853482996165866,-0.2593562408204328,37.95319841537311,35.006914347078066,0.012367751643304281,0.010802809301323957,1.30386892864029
2017-10-06,36.238855724004175,36.36045577341464,36.14297869335013,36.31602478027344,69630400,0.0034770906135992,0,48.00331586160379,-0.25356164942241577,-0.2581973225408294,37.888154713610255,34.994089015027434,-0.0005789273246681326,0.01024311634502644,2.2450893503460643
2017-10-09,36.43528384483818,36.6504201964683,36.360455516010035,36.44229888916016,65051600,0.0003849000275299,0,49.710210269093075,-0.21569483902379716,-0.24969682583742295,37.688490224333485,35.06139800503663,0.003471059510449681,0.00929886480444406,3.5138087687236506
2017-10-10,36.493741475973025,36.94739999620243,36.26925294253184,36.45632553100586,62468000,0.0041691749137551,0,49.90692314744351,-0.18245011484318496,-0.23624748363857537,37.50233404421894,35.13156717038066,0.0003848259725165448,0.009295954262620962,1.8022786615899073
2017-10-11,36.47268823464688,36.70886964439379,36.42124221380219,36.60831832885742,67622400,-0.0035132047627864,0,52.093676500549066,-0.14219969333639426,-0.21743792557813915,37.380837589883456,35.180572169638026,0.004160507984968476,0.00926793427662168,1.5042682103238154
2017-10-12,36.56155273162474,36.80007131591153,36.416566859091965,36.479705810546875,64500400,0.0063466910162317,1,50.10066193403626,-0.11930364155571027,-0.1978110687736534,37.30673662389104,35.201356637827715,-0.003519390558867741,0.00911565631576368,1.7745045869606861
2017-10-13,36.65042940804233,36.77904453323955,36.57560106040712,36.71123123168945,65576800,0.0184079207542187,1,53.54612453069218,-0.08153628942493896,-0.17455611290391052,37.16295199732418,35.2775635208643,0.0063266355851578915,0.00891943696708589,1.8622112297679445
2017-10-16,36.92399462117171,37.415068826795,36.86553357612984,37.38700866699219,96486000,0.0036907266564498,0,61.830486502062094,0.0028908763361386036,-0.1390667150559007,37.2363573669859,35.23245214229145,0.01824054587635482,0.009734176432643866,3.946370486925595
2017-10-17,37.36364076377817,37.61853018619602,37.23502568928912,37.524993896484375,75989200,-0.0044241346303204,0,63.27081643754017,0.08001194045218796,-0.09525098395428298,37.34065661752038,35.16884236014076,0.0036839326362732017,0.009762172598721577,3.8775217112154903
2017-10-18,37.51331642446164,37.58113329539812,37.321565881093505,37.358978271484375,65496800,-0.0236608576033409,-1,60.32151831240378,0.12627919791687958,-0.05094494758005047,37.48278461420358,35.113004341484896,-0.004433950074530291,0.008954249578809232,4.091797411626582
2017-10-19,36.65509391595144,36.73226296290356,36.25054427724561,36.47503280639648,170336800,0.0017308617673135,0,47.59897293028201,0.0905752263746038,-0.02264091278911962,37.49858140590367,35.157774261210584,-0.023945270963130483,0.009760366591428019,0.3797159657388293
2017-10-20,36.6223501234401,36.88893244018555,36.47035277996026,36.53816604614258,95896400,-0.000511783924034,0,48.435480749515015,0.06660610282265367,-0.004791509666764962,37.491444424565856,35.26686780077594,0.0017293655523302753,0.00943236636800607,0.6116893773841842
2017-10-23,36.68783459311455,36.874910759543646,36.362791136614184,36.51946640014648,87937200,0.0059548586864863,1,48.1900957633018,0.045576121409638404,0.005282016548515711,37.41864378561174,35.471089719637284,-0.000511914930126256,0.00913365025008868,0.21175258789523718
2017-10-24,36.54751781405265,36.81176296958827,36.52647268702244,36.736934661865234,71028800,-0.0043921482950753,0,51.2812969546431,0.04592814976835058,0.013411243192482684,37.42730234782496,35.55503331501683,0.005937198589738291,0.008472609703255684,0.7697131479164537
2017-10-25,36.692502723835666,36.84216290355561,36.308998290292045,36.57558059692383,84828400,0.0063936753062581,1,48.94775316434509,0.03280900840428558,0.017290796234843264,37.43261860297539,35.600695911184765,-0.0044018221146906455,0.008447152040906104,-0.089427030325475
2017-10-26,36.76733915295632,36.907647163522135,36.66210992912242,36.80943298339844,68002000,0.035830103762193,1,52.33322571339246,0.04081147824062015,0.02199493263599864,37.43455280780766,35.69533915996577,0.0063733224711777225,0.008375051897571243,0.9038646708500402
2017-10-27,37.24906182065189,38.256933881981624,37.11109452207482,38.128318786621094,177816800,0.0225081064640608,1,66.0194782615179,0.1518263949992118,0.04796122510864127,37.74003056760426,35.59868441347485,0.03520313788151386,0.011282958236690187,3.8600926947620278
2017-10-30,38.32473536572489,39.30220622127214,38.28498226997927,38.986515045166016,178803200,0.0139155452877526,1,71.71124100780432,0.3055337789532615,0.09947573587756532,38.24527773610164,35.39532933482121,0.02225853698560387,0.012017566141185449,4.27824111958436
2017-10-31,39.26245133696177,39.67167880770274,39.03796283690773,39.52903366088867,144187200,-0.012718895681354,-1,74.60688662184326,0.465755763887131,0.17273174147947848,38.80304776218451,35.178035917014704,0.013819613029442124,0.012215752984897445,5.340546543278853
2017-11-01,39.72312289387926,39.739493704636594,38.72694764111873,39.026268005371094,134551200,0.0073101984633794,1,67.69171920071962,0.5458713890916087,0.24735967100190454,39.089915872868204,35.20475308770308,-0.012800473291276315,0.012590199362894322,4.462889005611108
2017-11-02,38.95845422999782,39.402756886310264,38.649778101307376,39.31155776977539,165573600,0.0261140662818868,1,69.42359021293395,0.6251774425907115,0.32292322531966594,39.41516503311165,35.1769541838073,0.007283608469379477,0.012467080211199773,7.776620732419145
2017-11-03,40.6889088506284,40.74970708505547,40.015436114041485,40.33814239501953,237594400,0.0101447817096418,1,74.68270094098642,0.7620800763477718,0.41075459552528715,39.94412143135989,35.05020954703366,0.025778916282356512,0.013328302538315868,10.400019377212628
2017-11-06,40.30773567480745,40.920410088520335,40.15573832659195,40.74736404418945,140105200,0.0032137275822887,0,76.42351882607542,0.8932997633977919,0.5072636290997882,40.48594843736041,34.93888905653608,0.010093668807160672,0.013363948857480852,11.577106844107716
2017-11-07,40.66785656286765,40.98120701837095,40.59536541237452,40.87831497192383,97446000,0.0081803806549176,1,76.96924993643206,0.9963733840864677,0.6050855800971241,40.96435189728757,34.902684540700704,0.003208574597044489,0.013320987351715528,11.273069863277277
2017-11-08,40.84324077665811,41.21271514892578,40.766071739901534,41.21271514892578,97638000,-0.0020427325317164,0,78.3475666981605,1.0924501849670847,0.7025585010711163,41.446015262794766,34.881460857200345,0.0081471027021216,0.013326182693144633,12.678225407013654
2017-11-09,40.94846752003919,41.1799746163797,40.48779405353684,41.1285285949707,117930400,-0.0033095282637627,0,77.09662451747361,1.1485587205555703,0.7917585449680071,41.82371939052329,34.96863900791421,-0.0020448217554496217,0.013275170358418542,11.73366515458208
2017-11-10,41.09567449991334,41.15904042793553,40.89854003607489,40.99241256713867,100582000,-0.0040075693879952,0,75.0112253232281,1.168571152536522,0.8671210664817102,42.12378664849886,35.09668988348357,-0.0033150168655611267,0.013436665142587421,7.5117232326607715
2017-11-13,40.7178304391307,40.95251534079716,40.69436051656109,40.82813262939453,67928400,-0.0151173752785472,-1,72.46361058339406,1.157828405892026,0.9252625343637734,42.37550498480808,35.18908394341458,-0.00401562121356136,0.013247584237838825,4.7237296847255905
2017-11-14,40.60988212484528,40.713144075685776,40.173367975115646,40.21091842651367,99130000,-0.0131900509730955,-1,63.70886683852558,1.0869806377112,0.9576061550332587,42.51256792663012,35.32061345459547,-0.015232807629826706,0.013957839655307806,1.7250226035747473
2017-11-15,39.88940383867041,39.97154500892907,39.51625560328403,39.68053436279297,116632400,0.0119468210675355,1,57.302175271505924,0.9767760434526451,0.961440132717136,42.569425025152,35.49591196520444,-0.013277812266992761,0.014355400541848739,1.6764768727868877
2017-11-16,40.17336224870456,40.33529541389406,39.96684195746964,40.15459060668945,94550000,-0.0055525762412854,-1,61.0704092570886,0.9171185142053275,0.9525758090147743,42.58067627177369,35.85261649861206,0.011876021132323,0.012983838210951415,2.144491047267088
2017-11-17,40.14049857187801,40.222639708745426,39.81194118642222,39.9316291809082,87598000,-0.0009988692028735,0,58.45731243362404,0.84214069505515,0.9304887862228496,42.52780483580679,36.24483424805551,-0.005568049095459493,0.013175945888058703,-1.0077638432887268
2017-11-20,39.96449446037479,40.02786039305711,39.793175467130645,39.89174270629883,65049600,0.018590409969762,1,57.97936653325156,0.7706185174609033,0.8985147324704603,42.41194727118641,36.69791944329112,-0.0009993684051683438,0.013186036057566719,-2.0998200937923888
2017-11-21,40.07949000791954,40.76476953873058,40.07949000791954,40.63334655761719,100525200,0.0105118502170715,1,63.890752791711165,0.7649599275140417,0.8718037714791766,42.32949811077578,37.170009793276954,0.018419720511187787,0.013552148767458557,-0.5992625050100294
2017-11-22,40.68498087832216,41.06986403229882,40.61222912071193,41.06047821044922,102355600,5.722908300254126e-05,0,66.78867920453983,0.7858822475535163,0.8546194666940446,42.160882729309606,37.78711493609566,0.010456984875479858,0.013413859577576322,-0.3693931300726994
2017-11-24,41.09333825492993,41.18721080727252,40.98772715728411,41.06282806396485,56106800,-0.0050295539712761,-1,66.80446303234027,0.7935059082916283,0.8423967550135614,41.870640645934714,38.502696527527206,5.722744548108949e-05,0.013473454588380875,-0.15974442376206546
2017-11-27,41.08159947209621,41.08863973381709,40.6802866489658,40.856300354003906,82867200,-0.0058591623675076,-1,63.92875585251391,0.7739609145335322,0.8287095869175556,41.73857592105801,38.90755940914219,-0.005042244748366453,0.011685357849611942,-0.3320424552027445
2017-11-28,40.90557807579892,41.03934660435194,40.33294635678257,40.61691665649414,105715200,-0.0207429344086174,-1,60.66884420111672,0.7307316824199006,0.8091140060180246,41.684070607341866,39.12510488399114,-0.005876394603278712,0.010974463070924973,-0.5173294963491033
2017-11-29,40.5136623278251,40.58171938476429,39.22993541987075,39.7744026184082,166665600,0.0139839167454154,1,50.84227699884023,0.621326102285046,0.771556425271429,41.666888993878985,39.16682339320597,-0.020961091153181233,0.011740015224013078,-1.085565376735204
2017-11-30,39.997348818685616,40.39866160373604,39.53032812414454,40.330604553222656,166108800,-0.0046551283499169,0,55.918414174626605,0.5728982254433959,0.7318247853058224,41.55924980813936,39.40489623373076,0.013887043845385971,0.011688058047465219,1.6382596677912566
2017-12-01,39.8847055416324,40.2883639320464,39.54441308882042,40.142860412597656,159037200,-0.0073079412080534,-1,53.89534187876397,0.5134506614242227,0.6881499605295025,41.47358080299969,39.57369550315265,-0.0046659972036176,0.011690007734490927,-0.029212585446812434
2017-12-04,40.478452593660734,40.5113083380798,39.80960274348526,39.8494987487793,130169600,-0.0009424383181539,0,50.802462574224336,0.43762157499151044,0.6380442834219041,41.49118095232737,39.50723098920095,-0.007334775023629003,0.01026025478127079,-0.20567763903851388
2017-12-05,39.67582539355102,40.253151776230816,39.52093251270924,39.81194305419922,109400800,-0.0037136148246407,0,50.4036846130329,0.3702282857687038,0.5844810838912641,41.48074120694902,39.424128635580274,-0.0009428826923643108,0.009946301535124864,-0.2000405263994876
2017-12-06,39.309723894094375,39.94337245857376,39.06565315421621,39.66409683227539,114240000,0.0018340585735026,0,48.78034145142765,0.3014141493207987,0.5278676969771711,41.45506365206114,39.32838437650331,-0.003720527411270158,0.0099066799116083,-2.3853553976102417
2017-12-07,39.66878249283404,39.999689012329135,39.6406214549219,39.73684310913086,102693200,0.0002953889279551,0,49.6397917975759,0.24986814257292878,0.47226778609632264,41.347434037272485,39.28842678731248,0.0018323787417036108,0.009680831277909764,-3.223623199258103
2017-12-08,40.01143045944201,40.131118470982265,39.619507100586645,39.74858093261719,93420800,0.0194841539016101,1,49.78620110201249,0.20757194494233744,0.4193286178655256,41.23597560251581,39.26189045583381,0.00029534530923491786,0.00969214992508504,-3.2005762713187202
2017-12-11,39.70869136775912,40.57467937446635,39.61246968234542,40.523048400878906,141095200,-0.0056176887723604,-1,58.38325351145342,0.23384928677466377,0.38223275164735326,41.16169422496565,39.28923541675798,0.019296767901878287,0.01075516547729271,-0.8156684531822554
2017-12-12,40.40101003115112,40.457335704579165,40.23908043443534,40.29540252685547,77636800,0.0033198279536177,0,55.38177883722754,0.2336122137949843,0.3525086440768795,41.094386266144944,39.303270365324785,-0.005633527331180499,0.010788433001634448,-0.7915768997380696
2017-12-13,40.48315286503753,40.72722363130494,40.36581039296496,40.429176330566406,95273600,-0.0002903305125574,0,56.787664823889465,0.24143563994687867,0.33029404325087935,41.11092403636613,39.308558385508874,0.003314329490736956,0.010253425025125388,1.6462188469303718
2017-12-14,40.45968007515318,40.63100265058156,40.28366637949966,40.41743850708008,81906000,0.0101613100058903,1,56.61908643863143,0.24387735098495966,0.31301070479769544,41.11797373927218,39.37519909703153,-0.0002903726666199091,0.009749066928384072,0.2153053613238816
2017-12-15,40.748340622269716,40.87506889352634,40.47375971704085,40.82813262939453,160677200,0.0140831647645254,1,60.98337244598662,0.27577306766968235,0.3055631773720928,41.18620271600099,39.37432432257323,0.010110030977543705,0.009652128894611414,1.70708367503832
2017-12-18,41.041708670342864,41.58617593823136,41.037013968263835,41.40312194824219,117684400,-0.0106566681224075,-1,66.12211409780032,0.34348797007810106,0.3131481359132945,41.3672117059642,39.34046460934342,0.013984918338881602,0.009955272388920423,3.898727081254648
2017-12-19,41.07689951347836,41.16138622432413,40.856295125102875,40.9619026184082,109745600,-0.0010882930087837,0,59.63181756106393,0.35742957989761237,0.32200442471015805,41.43043733321065,39.384254973307904,-0.010713857068768817,0.010329480855543142,2.888478873395984
2017-12-20,41.039357666611906,41.168435110364854,40.659169178656214,40.91732406616211,93902400,0.0037851133357091,0,59.00167579068034,0.3607230981821914,0.32974815940456476,41.46447809845489,39.37861195891816,-0.0010888856296227267,0.009519456217825635,3.159601085047133
2017-12-21,40.875066329554095,41.3092348028059,40.85864024959166,41.07220077514648,83799600,0.0,0,60.560981107314255,0.37154752264684276,0.33810803205302037,41.466512060500165,39.37775025334261,0.0037779678196101507,0.009259778654908546,3.360502650772414
2017-12-22,40.99475433273365,41.16842243823581,40.95251277196693,41.07220077514648,65397600,-0.0253698604538324,-1,60.56098110731426,0.3757940372827093,0.34564523309895817,41.46813802212668,39.37706156283426,0.0,0.009259773524776306,3.3299801187195186
2017-12-26,40.08418129681013,40.24141974875791,39.82133177595065,40.03020477294922,132742000,0.0001760107371313,0,46.70154377768291,0.29171633732319435,0.33485945394380545,41.420285574221595,39.34230445263387,-0.025697224008660147,0.01086565761393934,-1.2162057085493059
2017-12-27,39.9199080537156,40.079492087345024,39.82838107419101,40.03725051879883,85992800,0.0028134847947101,0,46.79021644922808,0.2230811465700029,0.31250379246904497,41.39572488847401,39.308898524611934,0.00017599524905875796,0.010807449304229128,-0.6406487883688254
2017-12-28,40.13111949188982,40.33060309720573,40.00908233636688,40.14989471435547,65920800,-0.0108138162521541,-1,48.27194231601799,0.17575076318590277,0.28515318661241656,41.38533473751697,39.3568378851637,0.0028095343542999807,0.009716131504213804,-0.6907922484678154
2017-12-29,40.01846663010153,40.03489270953262,39.7133755707401,39.715721130371094,103999600,0.0179046910655582,1,43.270373214736324,0.10203076650518028,0.24852870259096932,41.39414098404894,39.28654329634657,-0.010872710529216345,0.00949137976981958,-1.7361747864997972
2018-01-02,39.93398271524752,40.43620824884917,39.722764160494656,40.42681884765625,102223600,-0.0001740008726464,0,52.03590596264228,0.09983593439909555,0.21879014895259458,41.40495974808241,39.30412037581896,0.017746290037655044,0.01029592754488071,-0.9829344520384757
2018-01-03,40.490190741195256,40.964255303118776,40.35642219303837,40.41978454589844,118071600,0.0046449519073776,0,51.950392672096896,0.09641746426807174,0.19431561201569003,41.40773346306259,39.35837524055069,-0.0001740160125547341,0.010137830186140019,-2.3750320170856067
2018-01-04,40.49253559819918,40.71079444172855,40.3845825374921,40.6075325012207,89738400,0.0113853227720264,1,54.11767180674691,0.10761744605132151,0.17697597882281635,41.41705820548423,39.428609442831196,0.00463419740816251,0.010166620307163676,-0.865121233475729
2018-01-05,40.703754451309464,41.15669464308769,40.61222747270617,41.069862365722656,94640000,-0.0037141176223628,0,59.019556351098274,0.15204696574431864,0.17199017620711682,41.461271456675384,39.52497274498477,0.011320997764920904,0.010354483840138274,0.3727963718103778
2018-01-08,40.91732406616211,41.21302582557117,40.818753232017464,40.91732406616211,82271200,-0.0001147653821738,0,56.8610939979607,0.17295539214005373,0.1721832193937042,41.47137174729483,39.632920550068455,-0.0037210320832761212,0.01042612945742738,-0.3770840277886608
2018-01-09,40.96425914982696,41.08394718636523,40.69671844738219,40.912628173828125,86336000,-0.0002296503496503,0,56.792234887084255,0.18699103517399607,0.1751447825497626,41.463736867907386,39.75696015357698,-0.00011477196822395896,0.0104289512915543,-0.388517289813485
2018-01-10,40.63804105355738,40.90558171547584,40.6004906074266,40.90323257446289,95839600,0.0056803720985061,1,56.64442807914012,0.19510716312673537,0.17913725866515715,41.491017885151805,39.767697553690965,-0.00022967672332985245,0.009546239925719116,2.1809226469499063
2018-01-11,40.97364496545803,41.184863571147595,40.95017861883131,41.13557815551758,74670800,0.0103258281560298,1,59.45465318208584,0.21777719960545028,0.1868652468532158,41.54563528228991,39.79709771941907,0.005664299621293445,0.009500411986726714,2.7432643912524624
2018-01-12,41.34677300481039,41.62370297553833,41.22239032725663,41.56033706665039,101672400,-0.0050816936127193,-1,64.0431514796184,0.26694073449132816,0.20288034438083827,41.67548623683057,39.780362838486816,0.010272880962971076,0.009713434226534522,3.5129415963091497
2018-01-16,41.750449409423986,42.10013125931942,41.33740520403028,41.34914016723633,118263600,0.0165163681592452,1,60.383993900811205,0.28556949794447917,0.21941817509356645,41.74769714142063,39.80132209991238,-0.005094649327659351,0.009815775593752367,4.112776981949697
2018-01-17,41.339754292155696,42.06727910092083,41.08629768651695,42.03207778930664,137547200,0.0008931377596699,0,66.95828817987633,0.3513896842003419,0.24581247691492156,41.95198910147478,39.71742465584944,0.016381456425135887,0.010209695209280265,3.9707772894513953
2018-01-18,42.095433710001295,42.26675628300171,41.83258774080623,42.069618225097656,124773600,-0.0044627013161958,0,67.27972699902001,0.4019484439886867,0.2770396703296746,42.08633356847346,39.649729816536315,0.0008927391494659709,0.009774339528255307,4.081747831500092
2018-01-19,41.917075391486335,42.14472005952902,41.6354541923534,41.881874084472656,129700400,-0.0081813761842749,-1,63.930125756782935,0.4220026583144403,0.30603226792662774,42.21002753239822,39.618032999217995,-0.0044726888931734265,0.009482727508632324,3.1381901454210377
2018-01-22,41.60962889571924,41.722276632609585,41.44535020004437,41.53922271728515,108434400,0.0002260943766785,0,58.23188855031993,0.4055714902947116,0.3259401124002445,42.26947873354246,39.620771663186055,-0.008215027309771639,0.009701084768858639,1.142834001689341
2018-01-23,41.609634869826934,42.11186042928691,41.49698711676318,41.548614501953125,130756400,-0.0159285218496252,-1,58.34149068975756,0.3888253729274709,0.3385171645056898,42.31848388461954,39.61940788478964,0.00022606882119724503,0.00967529414524614,1.5428438936286195
2018-01-24,41.59790149940242,41.60963646144299,40.64742687023852,40.88680648803711,204420400,-0.0178508934916592,-1,48.65306940309461,0.31848033544214616,0.3345097986929811,42.308796685504994,39.610555655193245,-0.016056744171347503,0.010367105881229915,-0.06311421911421912
2018-01-25,40.954867828442865,41.05812977560475,40.020822764492415,40.15694046020508,166116000,0.0023378200288954,0,40.63805636645819,0.2015143655574434,0.30791071206587356,42.29870161055821,39.63332429886562,-0.018012142532611186,0.009477603874917574,-1.8245308922692456
2018-01-26,40.36581709078735,40.36581709078735,39.910527650639175,40.25082015991211,156572000,-0.0206985520841517,-1,41.9624476178792,0.11506687954967987,0.26934194556263485,42.28259462911357,39.670788244421594,0.0023350915792406113,0.009490107403563828,-2.150833986726876
2018-01-29,39.93399264516992,39.93399264516992,39.208816996514216,39.417686462402344,202561600,-0.0058943532005368,-1,34.587554371967485,-0.020434743528973343,0.21138660774431323,42.37165449295102,39.50850755538882,-0.02091576973524356,0.010576125448668448,-5.155517869866825
2018-01-30,38.84739780967541,39.279217239588455,38.652608879864985,39.18534469604492,184192800,0.0027550078595603,0,32.853457795301466,-0.14489849518287912,0.14012958715887477,42.45063672609804,39.376487678809184,-0.0059117934668591055,0.010386904113636197,-5.23298782620376
2018-01-31,39.161877625713345,39.53033472705951,39.07504533755253,39.29330062866211,129915600,0.0020903833531236,0,34.496769894216754,-0.2321496963532823,0.06567373045644335,42.538378233358515,39.175394349649295,0.002751219781269576,0.009489894208954032,-6.5159214216654835
2018-02-01,39.23228073447791,39.57257317905928,39.13605905026289,39.37543869018555,188923200,-0.043389990442776,-1,35.78448266964088,-0.29131099496807167,-0.0057232146284596505,42.598334067717104,39.01100392971942,0.0020882015418610678,0.00951898870856734,-6.404097894344168
2018-02-02,38.95770615432121,39.145454851989534,37.5730662234084,37.66693878173828,346375200,-0.0249847024993108,-1,24.844060864728583,-0.47063324732054923,-0.09870522116687758,42.91419888179979,38.401079743688484,-0.04435948410970614,0.013415680763446361,-10.063865084530747
2018-02-05,37.33836925832738,38.4601628009349,36.61084463132752,36.7258415222168,290954000,0.0417917126419336,1,21.030035615440383,-0.6808378332870717,-0.2151317435909164,43.26199406867848,37.61888247245921,-0.025302118363076165,0.013744472389330242,-11.587557205458797
2018-02-06,36.33626195547437,38.422610484739074,36.14147306701569,38.26067733764648,272975200,-0.0214068924755977,-1,37.80095269008638,-0.7153321551549183,-0.31517182590371684,43.27330769527412,37.341904173012004,0.04094203145179076,0.01724631202294806,-7.913470048807735
2018-02-07,38.27476741574191,38.34751917686184,37.33133650049833,37.44163513183594,206434400,-0.0275164797098348,-1,33.68930443731551,-0.7995423877923358,-0.41204593828144065,43.33475251174612,36.93336005234079,-0.02163934335199702,0.01769902852362917,-8.42611994460653
2018-02-08,37.61765378986397,37.78428170095919,36.383212086809394,36.411373138427734,217562000,0.0122309815282792,1,29.362803449727206,-0.9385936135460398,-0.5173554733343605,43.47261302175955,36.34631359872383,-0.027902149350169658,0.018420117656664726,-9.32732244750853
2018-02-09,37.01224435906996,37.20546868760478,35.40281108119353,36.856719970703125,282690400,0.0402791704375431,1,33.347511466794494,-1.0013144150399782,-0.6141472616754841,43.447336821042114,35.943703980959825,0.012156787438767136,0.018688351687507307,-8.432375230429082
2018-02-12,37.34922453638688,38.61933366859488,37.11593786473741,38.341278076171875,243278000,0.0100176739758366,1,44.572198015086734,-0.9206173660301502,-0.6754412825464173,43.22831747786262,35.84081742509147,0.03948911024458157,0.020986099848034432,-2.730775149011285
2018-02-13,38.16218480046921,38.82198249059951,38.09149154873951,38.72536849975586,130196800,0.0184374459138207,1,47.0564293919476,-0.816262124428512,-0.7036054509228363,43.015493655915044,35.79126408029099,0.009967829686039487,0.02121494274783149,-1.1738475183950317
2018-02-14,38.419036001031955,39.47942405993743,38.381336047155465,39.43936538696289,162579600,0.0335782910055362,1,51.41564500190431,-0.6682431706394496,-0.696532994866159,42.67938548793971,35.86810100803196,0.018269536942723708,0.021311011955436613,0.37172941942738136
2018-02-15,40.009615319931726,40.7872338950908,39.82345990009944,40.763671875,204588800,-0.0032371472377941,0,58.2775105983181,-0.43901591525600026,-0.6450295789441273,42.44293788333165,35.973953977630245,0.033026850541511,0.02279423372421857,3.5256323002198693
2018-02-16,40.61522081089618,41.19490122123614,40.47619301177695,40.6317138671875,160704400,-0.0033637957969686,0,57.40745701093875,-0.26494544610294923,-0.5690127523758917,42.215466204612184,36.0764096346212,-0.0032423981339251284,0.022787666232155165,7.871027435037019
2018-02-20,40.542164710786906,41.06293097636061,40.39370925438159,40.49503707885742,135722000,-0.0045388214682807,0,56.46711826190332,-0.13644911924181002,-0.48250002574907536,42.03133854026151,36.15611873512912,-0.0033694660773986307,0.022738390531016013,10.263061104700627
2018-02-21,40.72596553556844,41.029941821835656,40.29709580939052,40.31123733520508,149886400,0.0083592393891789,1,55.15864623733639,-0.04888247097538567,-0.39577651479433745,41.80772243473603,36.25599712397979,-0.004549153192863198,0.022746891215878553,5.359445101984535
2018-02-22,40.48326008492217,40.98988849322406,40.46205318685,40.64820861816406,123967600,0.0173912814982126,1,57.120433354541035,0.04716184264290746,-0.3071888433068885,41.76568942512144,36.27417034660708,0.008324494440872687,0.022579065846196303,8.564191908386059
2018-02-23,40.92390816081634,41.390477885967094,40.89327357832788,41.355133056640625,135249600,0.0197719767549118,1,60.977466834393795,0.17826561230616278,-0.21009795218427826,41.97067243250578,36.189006598866285,0.01724178397548437,0.022498892236565406,13.577515737782926
2018-02-26,41.55542552975394,42.27177489318232,41.52243582740411,42.17280578613281,152648800,-0.0032406035522355,0,64.90922813523426,0.34417817821485386,-0.09924272610445184,42.331730868995564,36.02014672499858,0.01957905010359484,0.02286127766908486,14.42365413866282
2018-02-27,42.20344770149947,42.52863093958615,41.981943834814835,42.03614044189453,155712400,-0.001513495775951,0,63.75302001022216,0.4593423185947927,0.012474282835397067,42.700226034657504,35.91349695728586,-0.003245865679314175,0.02224877951077717,9.63677412730516
2018-02-28,42.24115044606972,42.56162345816957,41.95602586357139,41.97251892089844,151128400,-0.0175165620815854,-1,63.18873364663486,0.5392607423617832,0.11783157474067431,43.03166747717862,35.86077293725008,-0.0015146422676357574,0.022175440853965226,8.385073007537809
2018-03-01,42.071474868825504,42.36367192217282,40.685903876338685,41.2373046875,195208000,0.0069141744322354,1,56.91898042719762,0.5370799019951704,0.20168124019157355,43.21146627294063,35.87537454737187,-0.01767179246129702,0.022673254120646556,4.558742978991842
2018-03-02,40.718887524646725,41.54363349582345,40.63641148928622,41.52242660522461,153816000,0.0034618743198691,0,58.633191104533985,0.5519954660620883,0.2717440853656765,43.41721566544095,35.88432394637546,0.0068903811392209136,0.02269503417113592,1.861350303650999
2018-03-05,41.28678870207752,41.8829619856499,41.12419533462917,41.66617202758789,113605600,-0.000848246153801,0,59.50796522705052,0.5688577739832468,0.3311668230891906,43.59925489266836,36.10220804373301,0.0034558958268537943,0.019817897347680604,2.5459377957368825
2018-03-06,41.92302593108013,42.00314326566764,41.50358389046572,41.630828857421875,95154000,-0.0092830087988277,-1,59.17661278776559,0.5727668760280835,0.37948683367696917,43.63032670998761,36.561634959934274,-0.0008486061181431914,0.01856156704625248,2.8047678443970443
2018-03-07,41.22316261521673,41.43759744098587,41.065283096039394,41.24436950683594,126814000,0.0109126334493898,1,55.53522753949603,0.5384736388252662,0.4112841947066286,43.70820862790433,36.7821222589365,-0.009326364447516777,0.016952962017105045,2.31481897683137
2018-03-08,41.350415636468696,41.736867984637264,41.25380524613253,41.694454193115234,95096400,0.0171810468317743,1,58.721041132414285,0.5413734577134264,0.43730204730798816,43.72276191414838,37.192850878820366,0.010853520329372479,0.01591657312470228,2.57390328016484
2018-03-09,41.93481473396064,42.41552240582564,41.80049718711683,42.41080856323242,128740800,0.0096677031184129,1,63.23592229261809,0.5946209754532319,0.46876583293703694,43.54849874643613,37.96705758901309,0.017035121706211243,0.014031261098371524,2.5527073148233557
2018-03-12,42.48385406124085,42.97870322731675,42.46500588336334,42.820823669433594,128828400,-0.0096302772452963,-1,65.55792901289287,0.6622705664796342,0.5074667796455564,43.34508718522677,38.76687952009549,0.009621269905099705,0.013999589510503039,1.5365775912255317
2018-03-13,43.02582751794374,43.2402623796114,42.2364297899041,42.408447265625,126774000,-0.0085013924469644,-1,61.36028325581557,0.6748290165072746,0.5409392270179001,43.25094530772337,39.26773831654421,-0.009676948243348527,0.01230018150822768,0.8856827002114974
2018-03-14,42.490924073672474,42.53805170675562,41.899460952314094,42.04791641235352,117473600,0.001176581696765,0,57.871464978778945,0.648217602831977,0.5623949021807155,43.0674975472826,39.78344086824474,-0.008537735407503355,0.012602383581236224,0.17963537427234144
2018-03-15,42.06204440363286,42.472062265347326,41.960720196226994,42.097389221191406,90975200,-0.0035261406335037,0,58.22249343528367,0.6239276583175197,0.5747014534080764,42.94652737339381,40.170213425556376,0.001175890066973384,0.012163977676437768,2.0856953193454424
2018-03-16,42.09739977305709,42.20815168997699,41.85468904336658,41.94894790649414,157618800,-0.0152792687601195,-1,56.69601248193324,0.5859453159064998,0.5769502259077611,42.96564458690301,40.269623815196596,-0.0035323721204325587,0.010012110075483461,1.0272070689044548
2018-03-19,41.78399598935309,41.8193408128939,40.92154633888035,41.30799865722656,133787200,-0.0003424251457523,0,50.535072010780304,0.498379776287841,0.5612361359837772,42.93102862258448,40.371868258519044,-0.015397199593768729,0.010658864444779136,-0.8596262937813807
2018-03-20,41.293853759765625,41.66145424499087,41.22316052900529,41.293853759765625,78597600,-0.0226543602659636,-1,50.40489686541356,0.42296638703088973,0.5335821861931997,42.869973893964016,40.512804655230326,-0.00034248378662971035,0.010617576235607877,-0.8094364366617088
2018-03-21,41.24673482523115,41.25851763313457,40.3560092009763,40.358367919921875,148219600,-0.0141296958780698,-1,42.59088684799426,0.2844360419898351,0.4837529573525268,42.86142076003035,40.52607084763567,-0.022914912907800566,0.011844019328087475,-2.148175854081645
2018-03-22,40.0591030669939,40.690621318863954,39.72920600939137,39.788116455078125,165963200,-0.0231569509202878,-1,38.65682412835559,0.12716928965401308,0.4124362238128241,43.01592332993197,40.28555906142545,-0.014230470432997855,0.012086842247186489,-4.572161393953184
2018-03-23,39.679708191652225,40.04023972746869,38.86674499511719,38.86674499511719,164115200,0.0474722741425683,1,33.304095046693355,-0.07099434262482873,0.31575011052529356,43.35236988693411,39.70027369827096,-0.023429285617337037,0.012263999017502488,-8.356510258065962
2018-03-26,39.604321946723815,40.78959999971165,39.22022463405394,40.71183776855469,150164800,-0.0256414605049077,-1,48.64089285848232,-0.0782548094337514,0.23694912653348457,43.2869025531507,39.619644230296565,0.046379903864876226,0.015821153876700772,-4.925140901444978
2018-03-27,40.926252726250496,41.2726463467218,39.33331597313068,39.66792678833008,163690400,-0.0110488715474199,-1,42.66337753523358,-0.1663263666446042,0.15629402789786684,43.30353161004455,39.36619380804627,-0.025975932711028715,0.016723936866146507,-6.462204239947036
2018-03-28,39.41108613081626,40.06381484211484,38.9256646587026,39.22964096069336,166674000,0.0078086780051958,1,40.41759219430824,-0.2683958137677749,0.0713560595647385,43.34376030172429,39.05167732034603,-0.011110363694062375,0.01681949195960092,-6.702532948415404
2018-03-29,39.54304156007836,40.47147063196925,39.328606704264416,39.53597259521485,153594000,-0.0065561777664053,-1,42.688371166747025,-0.3208694004834456,-0.00708903244489831,43.37727479301504,38.84802961982677,0.0077783480679261,0.016643054859905276,-6.084502325116077
2018-04-02,39.26734364216447,39.80932042170238,38.75600144272291,39.27676773071289,150347200,0.0102588642435841,1,41.255603597520874,-0.37900186473110864,-0.08147159890214038,43.391728075577994,38.60901044981264,-0.006577763899938027,0.016531962428881043,-6.370076745995263
2018-04-03,39.50297149697446,39.764533908284335,38.852601747915166,39.67970275878906,121112000,0.0191228514768027,1,44.38073282097534,-0.3880851679306758,-0.14279431270784748,43.338115701608004,38.46397589690275,0.010206599244889869,0.016733667523343407,-3.9418416562590846
2018-04-04,38.85262342074445,40.532747108591785,38.82670267739489,40.43849182128906,138422000,0.0069337821587009,1,49.79702079417077,-0.33024891140121326,-0.18028523244652064,43.26245509497065,38.42040279992682,0.01894230779491579,0.017404600142016852,-2.071402546860323
2018-04-05,40.667042056530285,41.05584939497866,40.549221215108744,40.7188835144043,107732800,-0.0255782839593483,-1,51.6699546963701,-0.2588046561350268,-0.19598911718422188,43.22951533120786,38.40079396444646,0.0069098540357743765,0.017396682842756767,0.8932858613057605
2018-04-06,40.28767570096264,40.64349349687593,39.63494695894709,39.677364349365234,140021200,0.0099181987279715,1,44.960181740746954,-0.2829646213724928,-0.21338421802187607,43.14179491560576,38.286805395673554,-0.025911095697822795,0.018048340117544064,-0.27835473397674604
2018-04-09,40.03083365593361,40.787241886930794,40.02376468896047,40.070892333984375,116070800,0.0188177386422225,1,47.722523437355186,-0.2672761552342493,-0.22416260546435074,42.90926137224907,38.28534731610544,0.009869336214746838,0.017708482753337584,3.0981429986443785
2018-04-10,40.76602547165292,41.001667237385014,40.41963178837809,40.82493591308594,113634400,-0.004675289095172,0,52.6284752641833,-0.19178711528041248,-0.2176875074275631,42.57762178233614,38.4173981303836,0.018642875281191795,0.018151896710522895,0.2778016192101394
2018-04-11,40.58458118146075,40.98281634944289,40.459691330575104,40.63406753540039,89726400,0.0098583577489888,1,51.31572724721871,-0.14568363985809896,-0.20328673391367028,42.29791094718897,38.51967099250831,-0.004686252443796501,0.018080564334619492,2.4355715695092535
2018-04-12,40.86263524548229,41.237304751420794,40.77544535613752,41.03465270996094,91557200,0.0033884020322416,0,53.91394581759022,-0.07594695841005716,-0.17781877881294766,42.11866787111566,38.59758769834235,0.009810081166154117,0.018203761793770486,4.601142669330399
2018-04-13,41.185477420834445,41.43525717721681,40.96633225195104,41.1736946105957,100497200,0.0062379573809527,1,54.81533749776534,-0.00935280328292265,-0.14412558370694267,41.93027338483499,38.69361272356345,0.0033826743329274933,0.01822572097164645,4.142359243690568
2018-04-16,41.24437536607009,41.51772066001814,41.19724773501885,41.43053436279297,86313600,0.0137641304489941,1,56.50756583682792,0.06341733043394271,-0.1026170008787656,41.81265195188739,38.75939280214094,0.0062185818588500474,0.01828780707084042,5.483563838161553
2018-04-17,41.588416552068885,42.16573815931842,41.56956477932666,42.000789642333984,106421600,-0.0022443621877967,0,60.082159758757555,0.1651987129910637,-0.049053858104799744,41.96534928767482,38.67597456486424,0.013670265140964588,0.01820661584605438,5.84955713417183
2018-04-18,41.89945569390821,42.137456143861954,41.68031060955087,41.906524658203125,83018000,-0.0283402442336947,-1,59.215764423729475,0.2355396411835997,0.007864841752880145,42.087617593500184,38.61497334888263,-0.002246884543371408,0.018218055905590256,3.6302858261919866
2018-04-19,40.94509751639388,41.32919461002224,40.68589382263054,40.7188835144043,139235200,-0.0409715528388936,-1,49.52581109159472,0.19322523851079865,0.04493692110446385,42.113032519295885,38.62560998253517,-0.028749581309844174,0.018658129177445797,0.0
2018-04-20,40.20050100429082,40.34659780053612,38.98222947698664,39.050567626953125,261964400,-0.0028968810003681,0,39.69847328292004,0.0247859036455651,0.04090671761268411,42.15325451519503,38.51163310382353,-0.04183454117982954,0.02070909037303615,-1.5797337668224856
2018-04-23,39.31211228673161,39.33331918058596,38.666452618618635,38.937442779541016,146062000,-0.0139193670517634,-1,39.131458055099166,-0.1164889009984833,0.009427593890450624,42.14563408470678,38.526323312754165,-0.0029010850812443145,0.020033244257720968,-2.828610715719135
2018-04-24,39.03875903971752,39.194283420807594,37.99015421983488,38.39545822143555,134768000,0.0043577142849193,0,36.4456198434061,-0.26908201581350255,-0.04627432805034001,42.206630564456844,38.233688878292185,-0.014017149885158453,0.017012777789040104,-5.950965108243198
2018-04-25,38.32006392000796,38.979861602588485,38.27058116128908,38.562774658203125,113528400,0.0034831338411316,0,37.86349188543253,-0.3722213841365374,-0.11146373926757949,42.2678157139411,38.06198851579523,0.004348246942043499,0.016181659776061966,-5.097429331663033
2018-04-26,38.67352834703607,39.05291176219348,38.49679700945855,38.69709396362305,111852000,-0.0115696528788685,-1,39.03927226327202,-0.4380718120582756,-0.17678535382571872,42.300532615178604,37.976016914850696,0.003477081779808877,0.016049764735359504,-5.6965481415429675
2018-04-27,38.64525855148299,38.723020783699894,37.85114676720893,38.24938201904297,142623200,0.0181120763199116,1,36.556221534539446,-0.5203866692619457,-0.24550561691296413,42.37608238196789,37.771808090444225,-0.011637102059848026,0.016098117310690684,-7.102380826422575
2018-04-30,38.204601447820586,39.413441286929526,38.13626332075267,38.94215774536133,169709600,0.0232360378208138,1,42.63617994230918,-0.5236838735840195,-0.3011412682471752,42.38697995886688,37.72744951501007,0.017950006685172326,0.016628827223456166,-6.006141739910426
2018-05-01,39.21314234724244,39.870581211910206,38.94451091068036,39.84701919555664,214277600,0.0441752012343503,1,49.450223639652705,-0.4481165661445985,-0.33053632782665987,42.391061028658534,37.74010008889518,0.022970191362822412,0.0172902007711878,-5.127928463055579
2018-05-02,41.29150658088416,41.88532485137005,40.95454057379455,41.607269287109375,266157600,0.0018124897772975,0,59.52305473438799,-0.24338585852666483,-0.3131062339666609,42.540990113153356,37.70704875098238,0.04322729265498504,0.019399065267062206,-0.7141020963549917
2018-05-03,41.4446850899106,41.826423693589646,41.10536028859194,41.68268203735352,136272800,0.0392331194720534,1,59.89179505227851,-0.07419484702845125,-0.26532395657901897,42.67172358410621,37.672695132324456,0.0018108491997552711,0.01935664243540615,2.366957145591387
2018-05-04,42.00314227461454,43.416992785962016,41.984290502990305,43.318023681640625,224805200,0.0072347819041949,1,66.927776566915,0.18966234268710735,-0.1743266967257937,43.19066306171404,37.51782158794416,0.038483056028124185,0.019961147227713354,10.928025670341487
2018-05-07,43.63613038088778,44.222879536554224,43.53480617090107,43.63142013549805,169805600,0.004806991606278,0,68.08330244932635,0.4192269538239728,-0.05561596661584041,43.70251010184417,37.36202732796541,0.0072087364164299395,0.0199315480902915,12.055176254213073
2018-05-08,43.59137628229113,43.88121467892142,43.28032739177404,43.841156005859375,113611200,0.0070410807002987,1,68.86726774676376,0.611038818830977,0.07771499047352308,44.166191951162304,37.19996748792461,0.004795474914474074,0.01964393179565971,14.183182169665018
2018-05-09,43.95897585212502,44.15926921265365,43.645571845594965,44.149845123291016,92844800,0.0143039984820647,1,70.03392178666039,0.7789801376050249,0.21796801989982345,44.65513991849131,37.06259727938467,0.007016408038684752,0.019559359022592027,14.488248095756257
2018-05-10,44.23939119736223,44.859126663527505,44.218180703480805,44.78136444091797,111957200,-0.0038032514405197,0,72.31927006792098,0.952058436767409,0.36478610327334055,45.210614366897694,36.88179400407399,0.014202661501935943,0.019650718977728476,15.722809787769595
2018-05-11,44.823947228285526,44.95877911134378,44.3413822765096,44.61104965209961,104848800,-0.0023332297805492,0,70.75211378062617,1.063225059091259,0.5044738944369243,45.66357887611165,36.77256499901042,-0.003810502191403664,0.019735361308741674,16.632079519322428
2018-05-14,44.710395336057,44.833402569927514,44.43836378619095,44.506961822509766,83115200,-0.0090884445352209,-1,69.75721322476431,1.129901588077523,0.629559433165044,46.04331912716746,36.70046749392629,-0.0023359560025810744,0.019777611157438278,14.289922283033482
2018-05-15,44.18288904852097,44.25149069455989,43.78548605847127,44.10246276855469,94780800,0.0093326849575079,1,65.88019897596112,1.1369969316905468,0.7310469328701447,46.292592052666635,36.66136188104919,-0.009129996400074614,0.019822534689825352,10.679452714175854
2018-05-16,44.01493922871573,44.58029459901324,43.99837896645012,44.51405715942383,76732400,-0.006323799116178,-1,67.83893247750173,1.1624324721781676,0.8173240407317492,46.600351225866575,36.61435595797131,0.009289404526609868,0.01984676364946328,6.986250052259557
2018-05-17,44.471473801176494,44.686735524679,44.083531301757894,44.23255920410156,69176000,-0.0036364733987046,0,65.08690380382436,1.14665783114215,0.8831907988138294,46.884706837433434,36.68136791537419,-0.006343879032810751,0.01854914307698044,6.117353879635175
2018-05-18,44.279874206223006,44.42653431327722,44.0291313356569,44.07170867919922,73190800,0.0070851770610467,1,63.50167821740388,1.1084000752825034,0.9282326541075643,47.066910518945505,37.001278339086724,-0.0036431014414404217,0.015237505724265413,1.7398877730380535
2018-05-21,44.47148705487406,44.77190715361013,44.213647916414686,44.38396453857422,73603200,-0.0025050300859734,0,65.27005325466297,1.0907040094704357,0.9607269251801386,47.227712971298814,37.38512806263674,0.0070601951256015205,0.01509169597000502,1.7247763211445644
2018-05-22,44.56137319864113,44.67964841905627,44.18289104952335,44.27278137207031,60962800,0.0064119421215724,1,64.07954065705911,1.0555405826946256,0.9796896566830361,47.24656259548902,37.95401075351001,-0.002508172923538332,0.01447308997807457,0.9845209513938243
2018-05-23,44.08119064021721,44.58977281205564,43.94162309086747,44.55665588378906,80233600,-0.0011153005155707,0,65.79500465825018,1.038607197036498,0.9914731647537285,47.228235494081105,38.57172597747652,0.006391473071669651,0.01445968883337573,0.921431908451783
2018-05-24,44.65362554309607,44.67018219621864,44.04805702169215,44.506961822509766,92936000,0.0022852890655393,0,65.20791716328606,1.0095401213671238,0.9950865560764076,47.11219183989247,39.268756417553824,-0.0011159229260169212,0.014558460834536715,-0.6127607361545104
2018-05-25,44.52587901519814,44.86178013673768,44.38867935550355,44.608673095703125,69844000,-0.0036058983250747,0,65.87900728912221,0.9833757605547788,0.9927443969720819,46.748013251977625,40.26886411313468,0.0022826817640191344,0.013940504857209319,-0.005327281951485136
2018-05-29,44.37685652361795,44.64888804007304,44.204172132642654,44.44781875610352,90056400,-0.0021285253029831,0,63.783649646955126,0.9388383708841204,0.9819631917544897,46.27330463475133,41.29413883143519,-0.0036124152473964166,0.013939054809173181,-0.1328849779549113
2018-05-30,44.40525183823705,44.471485677083336,44.18289383233587,44.35321044921875,74762000,-0.0033603029106226,0,62.52403050405989,0.8856982904404092,0.9627102114916736,45.72958455965166,42.28847803190107,-0.002130793832619382,0.013512152342616676,0.5685570939200408
2018-05-31,44.286964307344995,44.52587890184993,44.03148945299221,44.20417022705078,109931200,0.0180340490882784,1,60.49717005388177,0.8220816479774911,0.9345844987888371,45.46053752483103,42.81721516071584,-0.0033659614081815725,0.01026583424360477,-0.6961552196044714
2018-06-01,44.469111990917085,45.00607881211757,44.412338594235976,45.00135040283203,93770000,0.0083581747441727,1,66.71288057866353,0.8264638179281008,0.9129603626166899,45.0656296415822,43.543989880512534,0.01787336461052247,0.010781046213630704,1.7380662854777367
2018-06-04,45.33253438397031,45.75359395463872,45.26393633211994,45.377479553222656,105064800,0.0077148929580879,1,69.1772149538889,0.850483355465542,0.9004649611864604,45.1639624598435,43.651602649409426,0.008323438621154367,0.007190216802918566,2.962832422786752
2018-06-05,45.670792158905925,45.87658987304601,45.502839769459946,45.727561950683594,86264000,0.0034661955421471,0,71.30645941591426,0.8875367643824674,0.8978793218256618,45.38189152255202,43.64328776821947,0.0076852853535762655,0.0072080294325164,3.027213603105804
2018-06-06,45.80327211700797,45.909719114644695,45.39876919461961,45.88606262207031,83734400,-0.0026809089817766,0,72.24142647160167,0.9190967620846138,0.9021228098774522,45.61533000368701,43.61433994870557,0.0034602021319400933,0.007190311248889706,3.64395730288982
2018-06-07,45.923898819189205,45.9380912670048,45.498107337356295,45.76304626464844,85388800,-0.0090975640578074,-1,70.32608999169517,0.9235359481585093,0.9064054375336636,45.788838913630144,43.60215115289817,-0.002684509054010853,0.0071811416060460044,2.707542469088873
2018-06-08,45.22134258806852,45.41767986646132,44.89017344949806,45.34671401977539,106627200,-0.0024517620341388,0,64.12916523876994,0.8832776277062067,0.9017798755681723,45.85316375265039,43.594361271763674,-0.009139199607465898,0.006951495286232259,1.8867884098997594
2018-06-11,45.2639231720962,45.41058327377536,44.99425584445907,45.23553466796875,73234000,0.0054910414915421,1,62.54421486526051,0.8328013585159084,0.8879841721577195,45.90454696441686,43.60542656158412,-0.002454772524351778,0.006912443697876704,1.4052459505369297
2018-06-12,45.273395088177914,45.56198695530313,45.21662167499017,45.483924865722656,67644400,-0.0082171620061428,-1,64.64648116067787,0.8035784128626702,0.8711030202987097,45.98954607986415,43.61812375045812,0.005476020684705762,0.0069527530669046276,2.3310617677427796
2018-06-13,45.51704320323986,45.62585801286526,45.0486742606651,45.11017608642578,86553600,0.0005239585900203,0,59.257096254954256,0.7417106364341706,0.8452245435258019,46.00145225331037,43.70698890879901,-0.008251108974925092,0.006887256399717608,1.7066760884732408
2018-06-14,45.31122473067097,45.31595674878953,44.99661230102335,45.133811950683594,86440400,-0.0102721044853095,-1,59.48711533733908,0.6866716710086607,0.8135139690223737,46.02748306249231,43.74293357874305,0.0005238213716474149,0.006614158257637714,2.103063396185904
2018-06-15,44.95168837315518,44.98244109123504,44.532993004077035,44.67019271850586,246876800,-0.0005298025460752,0,53.14871981029086,0.5987407858889284,0.7705593323956847,46.01475985824075,43.799420134435024,-0.010325226647978525,0.006891155718917731,-0.7358838820653066
2018-06-18,44.44309283671168,44.76006952448041,44.282236678630035,44.64652633666992,73939600,-0.0161597680210194,-1,52.83921465433535,0.5211378934590414,0.7206750446083561,45.98351149119084,43.88815026723201,-0.0005299429410339229,0.006827697392391264,-1.6108281547356742
2018-06-19,43.79494537297693,44.07644095516829,43.395174578736984,43.925048828125,134314000,0.0043620808483912,0,44.3585804259547,0.3968452517743941,0.6559090860415637,46.025967933282956,43.79980225409497,-0.016291760987669157,0.0076237217779480115,-3.941852671923716
2018-06-20,44.08117232308161,44.28223801491003,43.934508607866384,44.11665344238281,82514800,-0.0055764347964135,-1,46.80058613979216,0.3102272225118412,0.5867727133356192,46.03802179467977,43.7721355997294,0.004352594550388389,0.00768365634214796,-3.8560928495016444
2018-06-21,44.29406343878758,44.55427032867904,43.74763257948827,43.87063980102539,102847600,-0.0029118054332775,0,44.12295370139391,0.21920372138574606,0.5132589149456446,46.08263058876112,43.65892519737169,-0.0055920411545336,0.007611415360737134,-4.135228351450272
2018-06-22,44.02675677556608,44.03385299840251,43.69085565990926,43.742897033691406,108801600,-0.0148711888038463,-1,42.75507021470902,0.13520065819324145,0.437647263595164,46.13284371270413,43.53230559454684,-0.002916052986086992,0.0076262778518031045,-3.5367876609197544
2018-06-25,43.383344149401005,43.742901786561845,42.7517549820262,43.09238815307617,126652400,0.0124060641915384,1,36.542340228024436,0.015953097885720524,0.3533084304532753,46.2611977948675,43.25232301812078,-0.014982873572090494,0.008206272866045862,-4.737749936246777
2018-06-26,43.28636549150779,44.123752445008655,43.17991490795434,43.62699508666992,98276800,-0.0014638149337803,0,43.77341131349484,-0.03500957258574999,0.2756448298454703,46.294573012161564,43.13686543388336,0.012329739587465305,0.008768699546060988,-4.082606733114502
2018-06-27,43.81624035304365,44.301169514152186,43.53238052515466,43.563133239746094,101141200,0.0072761255130775,1,43.14099895677986,-0.07963301362044461,0.20458926115228732,46.3272591036598,43.02517162143786,-0.0014648873575415777,0.008765171564956573,-3.429476408417772
2018-06-28,43.54893491201409,44.04805645573008,43.47796906225165,43.880104064941406,69460800,-0.0021025991171274,0,47.217106619184555,-0.0884014783628686,0.14599111324925615,46.3354488822389,42.98457522664781,0.007249782219395318,0.008927815681468049,-2.7777575869551585
2018-06-29,44.06696951789609,44.27986702952113,43.2674316731345,43.787841796875,90950800,0.0111825186083465,1,46.17937747290103,-0.10162388690012136,0.09646811321938065,46.30848739297413,42.890185855316886,-0.002104812682021784,0.007829527321899283,-1.9752565814772525
2018-07-02,43.48269430934698,44.305888653755424,43.38807198790938,44.27750015258789,70925200,-0.0174161789686829,-1,52.18554670796669,-0.07176415140206416,0.06282166029509169,46.22025867344601,42.868416634781525,0.011120456492375919,0.008034033637714556,-0.8265507181886528
2018-07-03,44.42180430803637,44.45965324366076,43.41646496590489,43.50635528564453,55819200,0.0080467832770565,1,43.88040638128396,-0.10906777649277188,0.028443772937518975,46.0748775172566,42.791677124467036,-0.01756962485096958,0.008528997191078804,-0.9531999477536864
2018-07-05,43.82332458710169,44.09535970522767,43.591506212194346,43.856441497802734,66416800,0.0138620611491833,1,47.93170115819512,-0.10912422051996629,0.0009301742460219231,45.84774101060522,42.81585151869166,0.008014580553381112,0.00875404752837244,-0.5898270251163087
2018-07-06,43.86117788639464,44.57319334214451,43.809136505897534,44.46438217163086,69940800,0.0138852963404221,1,54.125053331896645,-0.0594281702584567,-0.011141494654873803,45.63618540355844,42.89754071643668,0.013766861545835507,0.009456957404513992,1.3533934615459864
2018-07-09,44.82630838630501,45.1054361729971,44.778999020193005,45.081783294677734,79026400,-0.0012069806875474,0,59.405928457581524,0.029436097400406425,-0.0030259762438177573,45.58551185611518,42.921721191370175,0.013789778790584073,0.009855807583555427,3.0608083866852684
2018-07-10,45.11252874195781,45.247360594137255,44.98715370821526,45.02737045288086,63756400,-0.0129761501839895,-1,58.763892198633314,0.09438301946956074,0.01645582289885794,45.54720916926503,42.93920745671153,-0.0012077096753793093,0.009845350300307289,4.49031112625063
2018-07-11,44.5897486186037,44.89253282974942,44.37921891539344,44.44308853149414,75326000,0.0167658198724534,1,52.23556666956691,0.09758238611431835,0.03268113554195003,45.37002176217176,43.012311230381954,-0.013061075893273433,0.010147753627595473,1.8706157579795664
2018-07-12,44.8333878212164,45.278103636969995,44.781346455140046,45.18821334838867,72164400,0.0015706807608659,0,58.55849210933024,0.15841711875220454,0.057828332184000936,45.386514371366175,43.003622347383825,0.016626824939086404,0.010739933544100072,3.7304022639948426
2018-07-13,45.20005200422256,45.37982901334297,45.157471054223706,45.25918960571289,50055600,-0.0021953023429285,0,59.1137055017853,0.20993625893878232,0.08824991753495721,45.413611676098746,42.98906280815418,0.001569448531963058,0.010744718804794124,3.142849293908861
2018-07-16,45.30412787080415,45.571427334449794,45.043921020028186,45.15983200073242,60172400,0.0028288501322688,0,57.94339520476716,0.23998185887069212,0.1185963058021042,45.49348997812799,42.9581484343476,-0.0021977155515791047,0.010478531609355895,3.1332674723314096
2018-07-17,44.88544735908973,45.386933152154526,44.75534389122667,45.28758239746094,62138000,-0.0054846465610972,-1,59.065537071024096,0.2709779376575625,0.14907263217319586,45.596882455129766,42.91886156342492,0.0028248564656170316,0.010487265088633657,2.281254003482874
2018-07-18,45.36563673084475,45.37036874963349,44.9280170344419,45.0391960144043,65573600,0.0077730926067323,1,55.94026190434205,0.2723602487406822,0.17373015548669313,45.68488346352796,42.94227527365465,-0.005499742457453216,0.009822875181413697,3.5232570476101124
2018-07-19,44.87124392585113,45.547778183658465,44.87124392585113,45.38928985595703,81147200,-0.0022929723251527,0,59.21583328809866,0.2982671493571232,0.19863755426077914,45.822186459930954,42.93223591860909,0.007743037767956373,0.0099080800240829,3.4951498703584845
2018-07-20,45.36563974785241,45.51939607872061,44.984793423168234,45.285213470458984,82704800,0.0008881122598156,0,57.83919510568217,0.30686313305554336,0.220282670019732,45.92493481532288,42.97094493016052,-0.002295605211722229,0.009812215323804893,1.8460422898933955
2018-07-23,45.10543802852342,45.40822592493737,44.84050267981882,45.32543182373047,63957600,0.0072543783386174,1,58.24318094324881,0.3133091640425647,0.23888796882429855,46.014027015423366,43.040106209063936,0.000887718121465042,0.009757053311990895,0.540458942052319
2018-07-24,45.52413617715407,45.81036382740535,45.42951743513101,45.654239654541016,74791600,0.0094299082092765,1,61.491898156823375,0.3410186829256361,0.2593141116445661,46.065075414149334,43.24524296048446,0.007228191904014469,0.008982320044049846,1.3921958918656976
2018-07-25,45.66842389108969,46.0918511677494,45.51939597020719,46.084754943847656,66839600,-0.003130990373022,0,65.29870858466465,0.39318526714708213,0.28608834274506934,46.23571053410091,43.320383826250655,0.009385724175263288,0.00884247254110091,3.693862120293835
2018-07-26,46.035082755032654,46.35442730310432,45.79853230741612,45.94046401977539,76304000,-0.0166314636938568,-1,63.04901903482527,0.4180653917006083,0.31248375253617716,46.32635586290551,43.46747157544899,-0.003135902178603711,0.008892053352479681,1.664705496513158
2018-07-27,46.124976536435895,46.17228590760955,44.96824490529274,45.17640686035156,96096000,-0.0056028494795623,-1,52.69599691651317,0.3718436601380617,0.3243557340565541,46.3164774487222,43.6069802691733,-0.01677131932380682,0.009813543503285477,-0.18290814767677321
2018-07-30,45.39402326924583,45.46498911575692,44.72458877003278,44.92329025268555,84118000,0.0020009559821103,0,49.77977092182749,0.3112008799816479,0.3217247632415729,46.26234397594353,43.77465858753303,-0.0056186043162518295,0.009911604761769,-0.523787927384315
2018-07-31,45.01554759341776,45.45079951875537,44.78845759223507,45.013179779052734,157492000,0.0589101550135657,1,50.82064810161635,0.2673129559797758,0.3108424017892135,46.251914500460295,43.85865602566275,0.001998956736180002,0.009641141723903653,-0.6059113864810491
2018-08-01,47.104289795396845,47.72641499185728,46.673766266407846,47.664913177490234,271742800,0.0292307262599789,1,70.3462890122858,0.4414158170390792,0.3369570848391867,46.72649038694574,43.799935928361876,0.05724022356180969,0.015097454839993672,5.829849099096237
2018-08-02,47.4472853667251,49.29237943033868,47.3928797788397,49.05819320678711,249616000,0.0028930093525731,0,75.78606592564908,0.6839356584734517,0.4063527995660397,47.61020549785757,43.43639598834849,0.028811655488150567,0.01603471291610719,8.08319178923783
2018-08-03,48.97302904627989,49.37753181863814,48.60637520421288,49.20011901855469,133789600,0.0051928603926523,1,76.26372955996354,0.8774716598696131,0.5005765716267544,48.331164449045765,43.189010721852675,0.002888832654561302,0.01592739727081199,8.644997446350834
2018-08-06,49.20249763312521,49.49818571986274,48.98250742913987,49.45560836791992,101701600,-0.0093750691793453,-1,77.1380413884598,1.0394836699171606,0.6083579912848357,48.988511087894786,42.96904659032787,0.005179423988630472,0.015794840144184866,9.112271804164187
2018-08-07,49.51473664507038,49.55731398898163,48.909164525705904,48.99195861816406,102349600,0.0006760130150802,0,71.95798175762154,1.117583883849477,0.710203169797764,49.42294778915144,42.931068705599536,-0.009419291750533798,0.016059089057555,7.310863106863854
2018-08-08,48.74121801875727,49.15754548635724,48.3792961407391,49.02507781982422,90102000,0.0078649945571107,1,72.1020977620561,1.1686794990702012,0.8018984356522515,49.77466553260468,43.0375498909793,0.0006757846212077645,0.015567346099332217,6.380250648092244
2018-08-09,49.56441614073816,49.62355375400296,49.01325315197339,49.41065979003906,93970400,-0.00297875934515,0,73.7908919609899,1.2261520670344055,0.8867491619286824,50.177806469612165,43.05665359813686,0.007834226708101522,0.015341441139858638,7.553680277956928
2018-08-10,49.223123155004025,49.63616571108184,49.05933035479848,49.26347732543945,98444800,0.0064567285820757,1,71.99922599353992,1.2454661380122687,0.9584925571453997,50.49834533377111,43.13654350595057,-0.002983204678682405,0.015420262341920475,9.046913531042351
2018-08-13,49.686006004524,50.07530905011157,49.303824068991645,49.58155822753906,103563600,0.0042135000032312,0,73.49689958914838,1.2717788736978832,1.0211498204558964,50.82429936540573,43.25276209699661,0.006435973203409606,0.015351283257452943,10.369382893932265
2018-08-14,49.88779682216442,49.98274740215204,49.43677251189209,49.790470123291016,82992000,0.0023359915931884,0,74.46301072885072,1.294566394779956,1.0758331353207085,51.14062678640402,43.38672344858133,0.004204648068466099,0.015345651455031051,10.613092360254527
2018-08-15,49.6646515911767,50.02547026132497,49.453383503301005,49.90678024291992,115230400,0.0146498870307441,1,75.00920789828162,1.3069452724667343,1.1220555627499136,51.4059464748561,43.60816218298081,0.0023332674064535652,0.015169517305746987,4.703390640997558
2018-08-16,50.2652205557312,50.754222830238795,50.19875443815532,50.637908935546875,114001600,0.0199701320373675,1,78.16999087174521,1.3600735165338378,1.1696591535066985,51.76815315910494,43.77081740669095,0.014543614102682678,0.01530674168665844,3.220085424061673
2018-08-17,50.66640134485099,51.73698412751917,50.59993521682601,51.64915466308594,141708000,-0.0097437013258081,-1,81.63063106547777,1.4668679707315917,1.2291009169516771,52.254262825548395,43.9211018595102,0.019773344551138106,0.015511465941080787,4.977702683214349
2018-08-20,51.77258383451957,52.02895106876091,51.06281627042772,51.14590072631836,121150800,-0.00194926888805,0,75.238335143111,1.493676782104707,1.2820160899822832,52.54597691993267,44.21143465538471,-0.009791481809411806,0.01589656207246052,3.417797119840648
2018-08-21,51.46399481334846,51.55657288661207,50.80645107024782,51.04620361328125,104639200,4.640750602913357e-05,0,74.00202507148788,1.4897058329142467,1.323554038568676,52.773104795865194,44.52350317532621,-0.0019511711851101232,0.015992695568459274,4.193024841337051
2018-08-22,50.82306225227025,51.35953977789525,50.761341130701624,51.0485725402832,76072400,0.0020460949372806,0,74.01295202153237,1.4698069599712866,1.3528046228491981,52.97147805091996,44.821511679915,4.640642923448013e-05,0.016012114337075112,4.127468655726939
2018-08-23,50.95362079278084,51.52333502466654,50.941754689265245,51.15302276611328,75532800,0.0031091487814047,0,74.5214354248133,1.4457989497833736,1.3714034882360333,53.10738105208138,45.206864553387376,0.0020440045359881864,0.015913223154222163,3.5262896376572375
2018-08-24,51.41651291108594,51.487724018176,51.062815383301725,51.31206512451172,73905600,0.008234463224334,1,75.31351214382708,1.4232000535849352,1.3817628013058136,53.06773876041571,45.860072671469055,0.003104325373541439,0.015054945520268707,4.158431175166727
2018-08-27,51.54706022871402,51.92449714256202,51.35241053232065,51.73459243774414,82100400,0.0080758518359467,1,77.32989283132217,1.4229814441877693,1.3900065298822049,52.87553580636326,46.73340584402736,0.008200745006524901,0.014790680542396536,4.342409329542248
2018-08-28,51.98860053619249,52.351791702590354,51.96723720220013,52.15239334106445,91107200,0.014929447431166,1,79.14392533618152,1.4399227032532949,1.399989764556423,52.49231341065457,47.830549595937235,0.008043416655298952,0.014743534754641963,4.7437254798455415
2018-08-29,52.25921381497312,53.0520658931678,52.08355490535998,52.930999755859375,109019200,0.0091935854911346,1,82.02980127700269,1.4988974469691456,1.4197713010389676,52.75781849222622,48.091653172202484,0.014819100157790643,0.009198829880913476,6.059736769671667
2018-08-30,52.99508928286878,54.18436187501415,52.79331481770957,53.417625427246094,195175200,0.0115540762016437,1,83.56084081862376,1.5668404199970993,1.449185124830594,53.22557756807678,48.05983731839783,0.00915158173120778,0.007427155056763961,5.4893982593896355
2018-08-31,53.768948648472445,54.329165657459775,53.64788613858732,54.03481674194336,173360400,0.0032069404216887,0,85.27445970234254,1.651450997530489,1.489638299370573,53.769324283194614,47.99956037561886,0.011487837592247807,0.0075908932579098086,4.61897604020705
2018-09-04,54.219972905723175,54.40275291881206,53.79743674689333,54.20810317993164,109560400,-0.0065246905965372,-1,85.72440358555968,1.712744801220616,1.5342595997405817,54.26813013515268,47.97600400486197,0.0032018091557706185,0.00759701408747812,5.987190390876333
2018-09-05,54.357660260003286,54.519076959259664,53.43425198819361,53.85441207885742,133332000,-0.0166177549445157,-1,80.32923538855853,1.7130338780862076,1.5700144554097069,54.566275140130394,48.1641043459536,-0.006546069434502311,0.007341051848342346,5.501307182118299
2018-09-06,53.70246949790362,53.9683375268526,52.53218798662743,52.95947265625,137160000,-0.0080678481205226,-1,68.5697741460183,1.6223474302021188,1.5804810503681894,54.6449722365756,48.47884673315096,-0.01675737881901984,0.008748094282678207,3.743297845319527
2018-09-07,52.66276342098608,53.49833855540811,52.3921503197671,52.532203674316406,150479200,-0.0134208825182075,-1,63.76998132805496,1.4987243692816818,1.5641297141508879,54.66256724032901,48.77340611782529,-0.00810056931911296,0.00908616877318258,2.6961865274495063
2018-09-10,52.44910957296742,52.66275374338426,51.38564820141029,51.82717514038086,158066000,0.0252828921853913,1,56.71526219033398,1.3285476223288555,1.5170132957864815,54.56688662426054,49.1254565153879,-0.013511756551049636,0.009736622264288947,1.003876991930058
2018-09-11,51.75121402787401,53.24433630046414,51.407013742111914,53.13751602172851,142996000,-0.0124189491489429,-1,64.5620855148529,1.2846067356519058,1.4705319837595665,54.58983411492327,49.45810480414411,0.024968566887473287,0.010935336924358365,2.711770824661669
2018-09-12,53.39626345084379,53.41050567281546,52.18562387340728,52.47760391235352,197114800,0.0241552309571,1,58.782537173281014,1.1828981606055606,1.4130052191287654,54.515211283254516,49.80144101471912,-0.012496708763780173,0.0114989080890561,0.6235774629982339
2018-09-13,53.05918442469019,54.20573038490381,52.8336741244209,53.74521255493164,166825600,-0.0113508531664985,-1,65.22268925281548,1.1908514119218552,1.3685744576873835,54.56323710248362,50.13725842669118,0.02386810785984217,0.012439610957044546,1.5382532029014502
2018-09-14,53.588555380563776,53.847298809656415,52.821818703158634,53.13515853881836,127997200,-0.0266264859308914,-1,60.33657826434769,1.134846357828188,1.3218288377155445,54.565984556000885,50.384235933501074,-0.011415765776777942,0.012602414385148367,-0.5287896760076869
2018-09-17,52.733965988011306,52.9238707140108,51.575554041463995,51.72035598754883,148780400,0.0016523602981846,0,50.826814196031606,0.9651732901854047,1.2504977282095167,54.56414267049725,50.393197951451,-0.026987391662129045,0.013515488953986096,-4.283276772174155
2018-09-18,51.698992744135595,52.66275866386363,51.53994856606182,51.805816650390625,126286800,0.0005957770299127,0,51.32586233141423,0.8280567995787393,1.1660095424833612,54.53159965277322,50.491732561582246,0.0016509966528559517,0.013316847708303079,-4.431600422481422
2018-09-19,51.86754193214831,52.13340643422851,51.10792648182475,51.8366813659668,108495200,0.0076018449186547,1,51.51723599367913,0.7136549475017802,1.075538623487045,54.48393100017644,50.618448989447586,0.000595599625237142,0.01330292530247909,-3.7466395695419004
2018-09-20,52.280587186546754,52.7648409288077,52.02184016105992,52.230735778808594,106435200,-0.0107712737403679,-1,54.00371750285645,0.6473255869559082,0.9898960161808177,54.42426591625659,50.796330397219975,0.007573096497673237,0.013387621024172859,-1.3760274430440436
2018-09-21,52.40876884698409,52.546449715100046,51.58031114167907,51.66814422607422,384986800,0.0143799391841437,1,50.05659283652873,0.5431021112450765,0.9005372351936695,54.379793322713155,50.89231513675951,-0.01082970386607629,0.013649040712949891,-1.6448185832810132
2018-09-24,51.46873372312335,52.522697888406725,51.42363094324539,52.411128997802734,110773600,0.0063409514760726,1,54.75939765145445,0.5145257845867874,0.8233349450722931,54.330542556370375,51.05147229043138,0.014277528464408107,0.013985713622989757,1.1267329462587101
2018-09-25,52.16425761500714,52.89301599016302,52.15238788998584,52.743465423583984,98217600,-0.0079660747138278,-1,56.72241665721224,0.5127845508332243,0.7612248662244794,54.321166758702425,51.16173538668331,0.006320932226089315,0.013941442765367013,-0.7415675922513815
2018-09-26,52.46098789272328,53.113782990935896,52.16663534447083,52.32330703735352,95938800,0.020551840697462,1,53.5583674348665,0.47205972946565566,0.7033918388727147,54.3186843039386,51.18130921107605,-0.00799797340484254,0.01397422161100221,-0.29402423795435073
2018-09-27,53.13041028583831,53.75234492513721,53.06394053227535,53.39864730834961,120724800,0.0035116106538477,0,59.747118788404045,0.5205553499612279,0.6668245410904174,54.365921368899656,51.18083690136401,0.020343501289095567,0.014329243915498578,-0.6448299859784079
2018-09-28,53.360648669167745,53.609898393887846,53.17786867688684,53.58616256713867,91717600,0.0067334691080294,1,60.72984724849701,0.567576721706331,0.6469749772136002,54.38960555772765,51.17400642652528,0.003505459345615858,0.014203644305753294,0.8487864546236886
2018-10-01,54.110776134678815,54.45972506223345,53.730970266832315,53.946983337402344,94403200,0.0088885648709458,1,62.62090562646916,0.6267321402546528,0.6429264098218108,54.37192451548091,51.182904128317915,0.006710900558027255,0.014042335104657428,4.3051276568737356
2018-10-02,53.944613413006735,54.5974085148143,53.797438949135966,54.42649459838867,99152800,0.0121684274535995,1,65.03091420663537,0.7041883420990587,0.6551787962772604,54.424336594311605,51.15233119133293,0.008849294113771666,0.014168049288834398,5.058655798601887
2018-10-03,54.60927082559704,55.42111000731165,54.54517721010785,55.08877944946289,114619200,-0.0175806804881009,-1,68.09100063631641,0.8096803021243986,0.686079097446688,54.71884160830682,50.98126291439826,0.012094987307407656,0.014313238423713926,6.273738977494126
2018-10-04,54.78256999358617,55.15525842665836,53.82118002551818,54.12028121948242,128168000,-0.0162290137233233,-1,59.84378814046702,0.8058444541443919,0.7100321687862289,54.85724650969756,50.958938869330765,-0.017737056155691988,0.014379211300235941,3.6176887277174203
2018-10-05,54.11315028295081,54.21997056620192,52.36128459795892,53.24196243286133,134322000,-0.0023181098083615,0,53.51356034412835,0.7235904312484678,0.7127438212786767,54.88991007810938,50.99725117677343,-0.0163621465411663,0.014770299781606256,3.046012645433635
2018-10-08,52.748229370864145,53.36304291108725,52.27109309008724,53.1185417175293,118655600,0.0138533615105869,1,52.67044342041521,0.6410548242664973,0.6984060218762409,54.886545104206114,51.12975280839154,-0.002320800784359811,0.014412369043135096,1.349737609651988
2018-10-09,53.087675513125205,53.949366274419,52.75771738057964,53.85441207885742,107564000,-0.0463261099912726,-1,57.01857525501504,0.6277866160046202,0.6842821407019167,54.957921076454085,51.13006644185646,0.013758280816509316,0.013637754851532676,2.106320937297918
2018-10-10,53.51970651890085,53.73097461398449,51.28595942699632,51.35954666137695,167962400,-0.0088281014352999,-1,42.696818870228526,0.41121642960721516,0.6296689984829764,55.02621016913902,50.94997162407387,-0.04743350034494087,0.017188334968809397,-1.8419332235413612
2018-10-11,50.92275771210795,52.10490907696955,50.40052244578554,50.9061393737793,212497600,0.0357194696726552,1,40.69621986607584,0.20068346370850065,0.5438718915280812,55.04285856520255,50.64941590989511,-0.008867299992525446,0.016219226034492926,-4.667736094844063
2018-10-12,52.32330683693242,52.907263316289296,51.4734858776768,52.72447967529297,161351600,-0.0213857403508731,-1,50.67739903087155,0.17850177984924898,0.4707978691923148,55.0188090462464,50.63239754249871,0.03509632499992854,0.018128041981137162,-1.6080324669005575
2018-10-15,52.498972554275554,52.65801675259549,51.57556430770438,51.596927642822266,123164000,0.0220371770298668,1,45.557032898309295,0.06914158871001774,0.3904666130958554,55.025698763526904,50.61316499074556,-0.021617728754504295,0.017749164168488037,-4.356231895084939
2018-10-16,51.96961419733619,52.93338027240337,51.45449990773758,52.733978271484375,116736000,-0.0043214300802031,0,50.940227984834586,0.07337748239779529,0.3270487869562434,55.02337930480803,50.708300611573804,0.021797867861447884,0.0184141877298472,-3.1097287073020587
2018-10-17,52.769584063048576,52.85029240802,52.06693754496358,52.5060920715332,91541600,-0.0233736072612366,-1,49.87581240422921,0.05768103577646855,0.27317523672028843,55.01225752358498,50.786363463353496,-0.004330794447214625,0.018451215242238257,-4.68822762773131
2018-10-18,51.715613684238384,52.16188930147711,50.56194658901227,51.27883529663086,130325200,0.015230048654117,1,44.48486925175985,-0.05317490912734257,0.20790520755076225,55.063337848902606,50.640093089818095,-0.023651102593020834,0.01914190658350877,-5.250242346909107
2018-10-19,51.763089411901014,52.52270479300805,51.61353883204193,52.059814453125,132314800,0.0061101321534255,1,48.31347619220047,-0.07712154397122362,0.1508998572463651,55.04730283189072,50.69529512953507,0.015115235733076826,0.019313331421406316,-2.2203313433967224
2018-10-22,52.17375981059053,53.02120833120337,51.971988940539,52.377906799316406,115168400,0.0094266407604528,1,49.83109431112202,-0.06962938645789762,0.10679400850551256,55.047094554512576,50.69218118706457,0.006091540987180011,0.019088686588888116,-1.3943058191457818
2018-10-23,51.23373370765416,52.995093143663425,50.96549310735206,52.87165451049805,155071200,-0.0343016916249633,-1,52.17827732907717,-0.023578683394987365,0.08071947012541258,55.052735222182164,50.699359428086396,0.009382487245105597,0.019154473864141052,-1.8248413276155577
2018-10-24,52.840793579292914,53.22772054648877,50.92750758714553,51.058067321777344,163702000,0.0218977589560991,1,44.029790426970024,-0.13190399168074407,0.03819477776418126,55.11970271523826,50.50586796347268,-0.03490380371936652,0.020641841246090437,-0.5869976648885138
2018-10-25,51.680001243507625,52.55118540631939,51.45211485043228,52.176124572753906,119423200,-0.0159234132042196,-1,49.28767495584107,-0.12608131585314908,0.0053395590407151906,55.0580292287776,50.44528917637376,0.02166144661678926,0.020716286600150607,2.4947584212774787
2018-10-26,51.25034839397748,52.26871077821082,50.483611890840734,51.34530258178711,189033600,-0.0187701761897576,-1,45.841468757760246,-0.1863589643747119,-0.03300014564237023,54.9902367126411,50.28899569397512,-0.01605155284911186,0.020944879425920646,-2.615819258908971
2018-10-29,52.03133279908018,52.15002282193601,48.9216527514046,50.38154220581055,183742000,0.0049943140944357,0,42.159000590142945,-0.3083424629880298,-0.08806860911150215,54.926345352659524,49.996342940797504,-0.018948571818960147,0.021159236660446067,-2.355538386752749
2018-10-30,50.122794190896435,51.07943546602377,49.676522177021106,50.63316345214844,146640000,0.026066699916674,1,43.4365545688581,-0.380327355777915,-0.14652035844478473,54.685890298410044,49.85746488042297,0.0049818838775577134,0.021058652170139452,-3.9837973318086304
2018-10-31,51.48299139927201,52.33043637650399,51.42127026211771,51.9530029296875,153435600,0.0153520391260317,1,49.71099501840376,-0.3271052210856453,-0.18263733097295684,54.15527847870799,50.07449904814748,0.025732754300915595,0.021801715747593507,-1.0533808935774271
2018-11-01,51.998093247056666,52.78382052074504,51.46636070706696,52.750587463378906,233292800,-0.0663306636776164,-1,53.09694523137425,-0.2180542955355662,-0.18972072388547873,53.89598034256319,50.19682780868193,0.015235388937220318,0.021869681328819203,2.8700967138478366
2018-11-02,49.74298437208304,50.71624028973885,48.764976217655075,49.25160598754883,365314800,-0.0283883998877545,-1,40.28308795005366,-0.40925161637554197,-0.23362690238349137,53.97714685599008,49.71662565072379,-0.06863293307000262,0.026417231981893906,-5.394196070569366
2018-11-05,48.49673307349866,48.518096403459886,47.04159256395258,47.85343170166016,264654800,0.0108143894251577,1,36.49319782926121,-0.6659215217042416,-0.3200858262476414,54.253258203673546,48.91400330145341,-0.02879914274028872,0.026991424510931884,-8.63813652384309
2018-11-06,47.931782773877174,48.59644768701151,47.877186372573235,48.37093734741211,127531600,0.0303280300053208,1,38.78868076494234,-0.818144825970677,-0.41969762619224854,54.11288634328803,48.506027688694395,0.010756332110391842,0.02688848848112356,-8.512533236863787
2018-11-07,48.89316115705554,49.86404453276605,48.45638280611268,49.83793258666992,133697600,-0.0034890925672699,0,44.87179499089319,-0.8110592495324127,-0.4979699508602814,54.1089002530234,48.35785237148831,0.029877227272233853,0.026067616845599138,-2.3897001964800353
2018-11-08,50.01897142188709,50.052320434232975,49.24955972898359,49.66404342651367,101450400,-0.0192815480541673,-1,44.309684899095025,-0.8101365314860374,-0.5604032669854326,54.12497330230762,48.21756972747754,-0.0034951936463620825,0.026015373000077464,-4.81461811663956
2018-11-09,48.96370914662339,49.07328291204292,48.17762115241133,48.706443786621094,137463200,-0.0503740493301196,-1,41.245462617533114,-0.8765709939598096,-0.6236368123803081,54.0192206766483,47.92151876426966,-0.019469861684048517,0.024839327739186748,-5.1394356688474465
2018-11-12,47.40344945530987,47.60592795463001,46.16238267177907,46.25290298461914,204542000,-0.0099914053048263,-1,34.63629165028091,-1.1143554260410156,-0.7217805351124497,54.361349684854055,47.044987290243604,-0.05168710805894383,0.026797013670951563,-8.194745616014998
2018-11-13,45.647848713349546,46.96990161049006,45.60496933770327,45.790771484375,187531600,-0.0282471115755575,-1,33.545937181727254,-1.3248197540324753,-0.8423883788964549,54.467175823572745,46.244840472813976,-0.010041654380909204,0.026026699108916026,-9.563676526649981
2018-11-14,46.18859132716536,46.32675258754113,44.29007074517611,44.497314453125,243204000,0.0246787230949023,1,30.6387164662652,-1.5777975547633076,-0.9894702140698255,54.66731848096407,45.24382005358183,-0.028653736859632684,0.02645722248656047,-14.350832591241991
2018-11-15,44.87606127472165,45.72884742077253,44.52112960091977,45.59545135498047,185915200,0.0110756896380646,1,35.731176053748,-1.6704182719427152,-1.1256598256444035,54.70424133207869,44.63855880830217,0.02437912257448893,0.027158629166605296,-13.564088008243994
2018-11-16,45.3786815583818,46.44347295974592,45.130946523451215,46.1004524230957,147713200,-0.0396319986906035,-1,37.98604043318783,-1.6836632697471074,-1.2372605144649444,54.509946348699195,44.23691758867873,0.011014803346852009,0.02700689839153414,-6.398072715130873
2018-11-19,45.2595816714244,45.42632677168079,44.06615927376372,44.273399353027344,167701200,-0.0477779349760805,-1,33.417869177045034,-1.820601182223271,-1.35392864801661,54.36483909277168,43.57157409997735,-0.04043873327694092,0.027892970635386916,-7.481244753672741
2018-11-20,42.48921717934712,43.22766443054001,41.807941233880754,42.15810775756836,271300800,-0.0011300733520668,0,29.060492664681608,-2.0758823385620246,-1.498319386125693,54.280943537496626,42.58411497995942,-0.04895700981227691,0.02896479662175272,-12.844137266188707
2018-11-21,42.81317981186318,42.94181433856028,42.05567910822426,42.11046600341797,124496800,-0.0253991165508923,-1,28.96887480462774,-2.2560326455566724,-1.649862038011889,54.31115588102225,41.65914250459786,-0.001130712366424813,0.028498347480676634,-15.50519089011892
2018-11-23,41.67215140622766,42.06757796948888,40.99564085555845,41.040897369384766,94496000,0.013524033043256,1,26.917181891547635,-2.456787989129978,-1.8112472282355068,54.12988762902814,40.72688803625507,-0.025727242099606418,0.02771881733846195,-17.36295609899002
2018-11-26,41.50541913125888,41.674545003582075,40.5573473972905,41.5959358215332,179994000,-0.002176240642876,0,29.699693878558673,-2.541800783619955,-1.9573579393123965,53.84705105004189,40.034787939215924,0.013433399547622127,0.02827074311473557,-14.598700730930878
2018-11-27,40.85510181769542,41.63166315620087,40.70503306917976,41.50541305541992,165549600,0.0384526480886033,1,29.502406803662232,-2.586661048011514,-2.0832185610522203,53.59980023955067,39.39442583466808,-0.002178612095736554,0.028256556301768293,-10.264198834780037
2018-11-28,42.09854765484089,43.18477681325932,41.66977203052576,43.10140609741211,184250000,-0.0076818947186753,-1,37.39812859818022,-2.4650146757603792,-2.159577783993852,53.103767562711745,39.137282776033366,0.0377317668463375,0.030043969467876453,-5.8731602455760585
2018-11-29,43.51113367233312,43.544482692561466,42.32961877681189,42.77030563354492,167080000,-0.0054025252812193,-1,36.4851775528296,-2.368028926233819,-2.2012680124418456,52.24650152993879,39.07627907919207,-0.007711552454610526,0.028976310515559683,-3.8811529208113638
2018-11-30,42.94657212714808,42.95610249446837,42.17001438997108,42.53923797607422,158126000,0.0349423202778196,1,35.82784912923776,-2.2834896031125638,-2.2177123305759894,51.00054051810396,39.301105142296436,-0.005417171696497025,0.028402301796561613,-6.702890942151875
2018-12-03,43.93990252450219,44.05424148532072,43.16572558637516,44.025657653808594,163210000,-0.0439888460871278,-1,42.948504236197486,-2.0726576280488658,-2.1887013900705647,50.44254319688277,39.3365076301436,0.03434569596422854,0.026637534227031648,-4.500595244153537
2018-12-04,43.10378569629061,43.44680618638912,41.988972738240186,42.089019775390625,165377200,-0.0111493445709857,-1,37.16260156853062,-2.0383454825816045,-2.158630208572773,50.107241642364826,39.09536799203458,-0.044985698725918954,0.027607459900668315,-4.933842012489051
2018-12-06,40.91465661846375,41.63404670780796,40.59545836632005,41.619754791259766,172393600,-0.0356572724533881,-1,35.90054581194444,-2.0256679829287307,-2.1320377634439645,49.629885632825705,38.89760574595847,-0.01121196439487182,0.027323758728510672,-1.2769856024003992
2018-12-07,41.32674906083645,41.56495730195881,40.09044770784827,40.13570785522461,169126400,0.0065880422969137,1,32.17872518334422,-2.111036444104599,-2.1278374995760916,48.78342751587706,38.77384138976259,-0.03630852105552762,0.02655368757476708,-4.689471135354035
2018-12-10,39.304364112481025,40.51684332093949,38.90655674218161,40.400123596191406,248104000,-0.0057191012827352,-1,33.50151394842544,-2.132770177152672,-2.128824035091408,47.736412433398925,38.8944644892085,0.006566435989855179,0.02679410025740237,-1.5613054642205673
2018-12-11,40.89084213488551,40.92180674563769,39.780790462800155,40.169071197509766,189126800,0.0027868731494087,0,32.89770709566138,-2.1439244878156174,-2.13184412563625,46.75942003082316,39.01771963287313,-0.00573551796484395,0.026723225333515708,-3.430298166978093
2018-12-12,40.59068512660581,40.9527626913036,40.261960206928016,40.2810173034668,142510800,0.0109404610685788,1,33.52286409415723,-2.1193012585114985,-2.1293355522112996,46.29442768030676,38.8855234152743,0.0027829970182873254,0.024927302966615408,-2.949966430446689
2018-12-13,40.6121364170413,41.1076101421206,40.38822002222205,40.721710205078125,127594400,-0.0319978956345659,-1,36.04874324350839,-2.0407029840448416,-2.111609038578008,45.817194248326935,38.85585071932443,0.010881047175181457,0.025226298122148928,-5.521156054528035
2018-12-14,40.257195250448206,40.276252347094136,39.37106024764494,39.418701171875,162814800,-0.0093060583491784,-1,32.15805768971817,-2.0598110054556074,-2.1012494319535278,45.63591204996596,38.5292715895604,-0.032521017776689476,0.025424208298658803,-7.836288312705545
2018-12-17,39.41156165542188,40.1023678913392,38.76363480265742,39.0518684387207,177151600,0.0129925986691885,1,31.139119884940058,-2.0805710578614693,-2.097113757135116,45.15643021348078,38.35439513441961,-0.009349630242581508,0.024396781353876594,-8.1980066011407
2018-12-18,39.39488938586305,39.9070357713484,39.15906186292742,39.55925369262695,135366000,-0.0311915242693477,-1,34.242654420833226,-2.0326506677497562,-2.084221139258044,44.3141448757829,38.54256059907061,0.012908918891571197,0.024476985854085552,-10.145002253692079
2018-12-19,39.542585052646096,39.88798642404335,37.896564525398766,38.325340270996094,196189200,-0.0252348070890131,-1,30.62749821727234,-2.070373932290913,-2.081451697864618,44.008601850852024,38.25329771579836,-0.03168833809175098,0.02393221383755213,-8.942188543424212
2018-12-20,38.20860943393784,38.61594722162958,36.9937492985405,37.35820770263672,259092000,-0.0388956452569785,-1,28.121482133301885,-2.153485367999508,-2.095858431891596,44.159929677551254,37.62197988360597,-0.025558664771560657,0.022300487411725627,-10.239241220897295
2018-12-21,37.36535415325516,37.675025670788216,35.643109158770635,35.90513610839844,382978400,-0.0258741844196476,-1,24.833723947231682,-2.309974564542344,-2.1386816584217456,44.45049082960462,36.71088574205065,-0.03967228616428553,0.02348727906328114,-10.540668080619048
2018-12-24,35.29055301491782,36.10046329698791,34.9189487029854,34.97611999511719,148676800,0.0704215828060004,1,22.983600753915052,-2.480365111445444,-2.207018349026485,44.84334857793221,35.7115502562963,-0.026214809574720555,0.023506924000674757,-13.425710414374944
2018-12-26,35.32628751316479,37.45348564036244,34.94991800671452,37.43919372558594,234330000,-0.0064894044094122,-1,36.4925692978599,-2.3891111954894413,-2.2434369183190763,44.75342570448005,35.38579892015373,0.06805257349759364,0.0287217574859299,-6.795968616005898
2018-12-27,37.12239164333339,37.34392731831936,35.74793196047481,37.19623565673828,212468400,0.0005118570123179,0,35.825049158293275,-2.3097708942298283,-2.256703713501227,44.64908532096665,35.05922156379897,-0.006510552134615821,0.02871359646100031,-7.658152284210119
2018-12-28,37.51780031359483,37.760773752408824,36.815086685468714,37.215274810791016,169165600,0.0096653659309611,1,35.92396288855604,-2.2197687211905475,-2.249316715039091,44.2426571913531,34.87703656475041,0.0005117260582019334,0.026915323944722666,-8.6107272426143
2018-12-31,37.7631569952706,37.96087029681497,37.27482931167496,37.574974060058594,140014000,0.0011412120177212,0,37.872251177352474,-2.0952637313043425,-2.2185061182921415,43.81509222243521,34.78506837631967,0.0096189550938508,0.027180461580171286,-4.6772903647365585
2019-01-02,36.89608419898707,37.839390685649526,36.73886584541496,37.61785507202149,148158800,-0.0996072016910559,-1,38.11383138478575,-1.9704187299400076,-2.1688886406217147,43.36802093866539,34.740001369684215,0.001140561330287504,0.02723340029560357,-3.672073639573565
2019-01-03,34.29723714095468,34.71172097757419,33.825585626712446,33.870845794677734,365248800,0.0426890793023884,1,27.903517179674797,-2.149057503360723,-2.1649224131695166,42.78997946111359,34.30256166132294,-0.10492416830568674,0.033434033142479634,-14.379462115609687
2019-01-04,34.42824508143415,35.385843458861956,34.25435404131525,35.3167610168457,234428400,-0.0022258402041805,0,35.1257516323851,-2.149182308080242,-2.1617743921516617,42.34603439693774,34.06928084964429,0.04180302927854829,0.03468791625100217,-7.850104481465563
2019-01-07,35.42157295630101,35.45254119796696,34.754588999265515,35.23815155029297,219111200,0.0190631200967363,1,34.92093741506603,-2.1310588241173463,-2.155631278544799,41.907784543266416,33.869370379218935,-0.0022283210685101196,0.03471280704004269,-5.67494074988538
2019-01-08,35.62643221113831,36.16478528700009,35.378697182298566,35.9099006652832,164101200,0.0169815579963594,1,38.23524010021396,-2.0389871186871673,-2.1323024465732727,41.64573320509466,33.70884099839655,0.018883695498573605,0.03456437682488025,0.013269847718669878
2019-01-09,36.03852503674899,36.81032108583574,35.64310209875845,36.51970672607422,180396400,0.0031964536818704,0,41.16451117409787,-1.8949693489715074,-2.08483582705292,41.27578769845047,33.69074481802902,0.01683898317177812,0.03482941083060415,4.413258906855656
2019-01-10,36.32676873470214,36.67693525525436,35.93610723599519,36.63644027709961,143122800,-0.0098181772367683,-1,41.734178516637236,-1.7512277435686485,-2.0181142103560656,40.906514887497984,33.70675453694049,0.0031913558841609735,0.03487731712948485,-2.1441526074791684
2019-01-11,36.417282860183526,36.61261175890216,36.09093504627831,36.276737213134766,108092800,-0.0150371267151776,-1,40.43498928235492,-1.6473469268477174,-1.9439607536543961,40.45926160727532,33.753579808129956,-0.009866693360016665,0.03485101991594995,-2.472020158408003
2019-01-14,35.93371779556231,36.03376482948273,35.54543716517122,35.731239318847656,129756800,0.0204668011141562,1,38.47869363955496,-1.5907011397662174,-1.8733088308767605,39.81606178227734,33.89773254450488,-0.015151330617040326,0.03470324657326803,-3.987705315864134
2019-01-15,35.79555957068169,36.53876824774425,35.74315345783549,36.46254348754883,114843600,0.0122166416957081,1,42.49539405347685,-1.4698552345522273,-1.792618111611854,39.42714033974656,33.99103821860305,0.020260170758337637,0.034630072554687946,-2.9605624497083975
2019-01-16,36.46492574846843,37.131909692527415,36.44586864895017,36.90799331665039,122278800,0.0059378562261549,1,44.85706403067686,-1.3228904479798587,-1.698672578885455,39.10230134765841,34.10148969848417,0.012142620776802726,0.03478510786552014,-1.8870341065752705
2019-01-17,36.73172100407359,37.55592336335541,36.50780460910458,37.12714767456055,119284800,0.0061593650820397,1,46.03140360850029,-1.1751890231342585,-1.5939758677352158,38.601342410757226,34.359238033578706,0.0059202966344740204,0.03465360843845609,9.613878258671912
2019-01-18,37.51780723077025,37.608327547850315,37.15572959722017,37.35582733154297,135004000,-0.0224461190412439,-1,47.29275540388192,-1.0278338142437065,-1.4807474570369141,38.422275311498346,34.441353838892276,0.006140473725753548,0.03404224234249774,5.773650402778029
2019-01-22,37.2581619603632,37.334386728093314,36.35535044644679,36.517333984375,121576000,0.0040442712685944,0,43.29690911990448,-0.9675597288272613,-1.3781099113949837,38.335197609880694,34.444344168683756,-0.022701867456304647,0.03394085582056839,3.630106511847941
2019-01-23,36.71980687861818,36.95563439699075,36.13619728825342,36.66501998901367,92522400,-0.0079262218287127,-1,44.19132655931936,-0.8975289010930325,-1.2819937093345937,38.36350502692899,34.49202513969699,0.004036115186424549,0.03271410096975264,2.102816520627414
2019-01-24,36.71027946617382,36.79841536974451,36.14572698586206,36.37440490722656,101766000,0.0331366542874438,1,42.761924961659886,-0.8556161633686798,-1.196718200141411,38.316099492581955,34.67925916525496,-0.007957801306270884,0.032163435248286444,-0.3978723595387313
2019-01-25,37.03661648601908,37.66787050882143,36.76029768744328,37.57973098754883,134142000,-0.0092544121837309,-1,49.98741948902447,-0.7168765685632863,-1.1007498738257862,38.33864503258913,34.67076735144407,0.032599470146531306,0.029166443295907295,2.574733525731873
2019-01-28,37.11046412543963,37.23909862442794,36.603082990987026,37.23195266723633,104768400,-0.0103648177745119,-1,48.10066131842715,-0.6277509221901028,-1.0061500834986494,38.34318847933784,34.669795605745165,-0.009297500298981465,0.029206757451774427,2.633134971564384
2019-01-29,37.22003895859648,37.667871630472526,36.71027345041031,36.84605026245117,166348800,0.0683348153752609,1,46.02475994419735,-0.5815535173257089,-0.9212307702640614,38.30315502236145,34.67290660788757,-0.010418906569880981,0.029299744781287863,3.119989580141629
2019-01-30,38.887501744026494,39.578304302722984,38.16811172006146,39.36391830444336,244439200,0.0072012687257456,1,58.58401383463896,-0.3378760085428283,-0.8045598179198148,38.740931128130775,34.41402492655673,0.0661011889502956,0.03283505366964533,7.957137762167601
2019-01-31,39.56877928620291,40.25720110045901,39.19955570891924,39.64738845825195,162958400,0.0004808855683815,0,59.72036825567865,-0.12049713886731439,-0.6677472821093148,39.190474633543715,34.167434759766834,0.007175463403427784,0.032851316143855995,7.422227261447272
2019-02-01,39.77126656772461,40.252444803805425,39.525908630314966,39.66645431518555,130672400,0.0284048687466238,1,59.80026014937731,0.052708051190734295,-0.523656215449305,39.4546509066985,34.48281933866283,0.0004807699799718179,0.021009705511979927,6.839487543948678
2019-02-04,39.87845566846077,40.89084102706236,39.84748742377698,40.793174743652344,125982000,0.017109067911663,1,64.30591573284951,0.27769029352199226,-0.36338691365504555,40.11646085369093,34.36865076435107,0.02800893069110133,0.020042217720719867,9.201636418334404
2019-02-05,41.176674965759645,41.70549752948587,41.055190076437896,41.49110794067383,144406400,0.0003447754339689,0,66.78904050149096,0.5064694530194487,-0.1894156403201467,40.82244211481134,34.287965142268746,0.01696435606701341,0.02002610041197926,13.620309627277285
2019-02-06,41.60307569024123,41.82223051192853,41.17430368331649,41.50541305541992,112958400,-0.0189393859322203,-1,66.83995946132569,0.6810818013459823,-0.015316151986920925,41.43236389138883,34.237594604704924,0.00034471601257646256,0.01993281252088562,13.201664878013508
2019-02-07,41.06710809016357,41.43395089534404,40.57639959016769,40.71932601928711,126966800,0.0011751560543349,0,61.27989197289328,0.747416934031726,0.13723046521680846,41.79765406486424,34.292266360550805,-0.019121033285026012,0.020631056843079833,11.944995727469164
2019-02-08,40.42747148311235,40.82698507064589,40.2911086563418,40.76717758178711,95280000,-0.0057509817419897,-1,61.48989654173341,0.7946885508478303,0.2687220823430128,42.12414333603393,34.37885081984985,0.0011744660989427835,0.020647562433580388,8.481823872806242
2019-02-11,40.920281266248566,40.95855893207921,40.48966665155167,40.5327262878418,83973600,0.0086174548918627,1,59.779159796990676,0.8039657707639805,0.37577082002720635,42.347223346228816,34.58136971712568,-0.005767582314477604,0.02050852926881367,8.865432469004265
2019-02-12,40.69302513131283,40.90833067471992,40.59733093951844,40.88201522827149,89134000,-0.0041549970957291,0,61.49778819728478,0.8299357500401001,0.46660380602978513,42.528010325217366,34.915660329079515,0.00858053657048874,0.019926223971332868,10.953589155615042
2019-02-13,41.00162041537065,41.262380181164986,40.649952101723166,40.71215057373047,89960800,0.0036431198621196,0,60.151675431581445,0.827274185862386,0.5387378819963053,42.68635080188415,35.182280561030886,-0.004163653081546315,0.019801610915996474,3.4250458982761436
2019-02-14,40.599710089365466,40.97051353375331,40.52076378013357,40.860469818115234,87342800,-0.0022250277673345,0,60.955318128666775,0.8275930233280633,0.596508910262657,42.85247230794213,35.4114067051194,0.003636499774597901,0.01974296366140634,3.0596753204580827
2019-02-15,40.96811536896374,41.07576808073756,40.609270562812235,40.769554138183594,98507200,0.0029924695162402,0,60.15447610328437,0.8111590323641451,0.6394389346829547,42.98042197172262,35.64769768770121,-0.002227506819606706,0.019808812282193285,2.7809388109986584
2019-02-19,40.59969873261656,41.01356534370698,40.54706787451747,40.89155578613281,75891200,0.0064356690569573,1,60.89691021482531,0.7987717460337791,0.6713054969531196,43.10304245343205,35.87865005145076,0.002988000991733575,0.019809116394132194,0.2411703504292159
2019-02-20,40.953768062081025,41.463328928356844,40.90592281110477,41.15472030639648,104457600,-0.0056386159919163,-1,62.51921832649971,0.8009569763540014,0.697235792833296,43.13127071805545,36.31416041902952,0.0064150485626846,0.018744390358213743,-0.8107463284864208
2019-02-21,41.0996960761142,41.23605521603749,40.740851238983446,40.922664642333984,68998800,0.0111657457270855,1,60.149462842507646,0.7750297736158132,0.7127945889897994,43.07487286590998,36.79632273650701,-0.005654572998962326,0.01892162983053411,-1.4040299088406258
2019-02-22,41.04706729027582,41.38677331528308,40.99922203963624,41.37959671020508,75652800,0.0072845940317751,1,63.11424522055906,0.782334611373436,0.7267025934665268,42.92175506601885,37.449959716696,0.011103868962367258,0.018687065843445396,1.621516747613222
2019-02-25,41.66428607628652,42.07336721819213,41.61404618411542,41.6810302734375,87493600,0.0005737463062049,0,64.96595765897385,0.8031882629642055,0.7419997273660626,42.921862685021445,37.85998202628226,0.007258189529848025,0.01765081671343607,2.241638361686971
2019-02-26,41.55662325598342,41.93699788172937,41.42743707908519,41.7049446105957,68280800,0.0030976791554071,0,65.11558046454644,0.812281147796206,0.7560560114520913,42.74883889498237,38.480305010657275,0.0005735817767220652,0.017360334282632926,2.8920293059722586
2019-02-27,41.437014272296885,41.865234204574406,41.3221812873632,41.83413314819336,111341600,-0.009835803674933,-1,65.96130848156729,0.8204540759738492,0.768935624356443,42.191906979101184,39.536045215112686,0.00309289123241685,0.016959444367449148,2.3289407692002464
2019-02-28,41.702563057432904,41.84370783973421,41.36763896595908,41.42266082763672,112861600,0.0105111089704827,1,60.897255242196685,0.7846834605019666,0.7720851915855478,42.12164577626115,39.812180670272056,-0.009884494732095295,0.009918677256628934,1.7452044264267066
2019-03-01,41.69298970241963,41.90111856239276,41.36046026332793,41.85805892944336,103544800,0.0050294185488368,1,64.04299705618692,0.7824483999715142,0.7741578332627411,42.12393403411323,40.030959459539105,0.010456251339440392,0.010025771510944179,2.441452865737364
2019-03-04,42.0303029662159,42.523115990828586,41.6188272339384,42.068580627441406,109744800,-0.0018199086581769,0,65.48867796068076,0.788574246974882,0.7770411160051693,42.11173186315818,40.28337426171975,0.0050168132705143975,0.01002392413804475,3.1862661162663577
2019-03-05,42.090104778124974,42.10445798656309,41.755180763016945,41.99201965332031,78949600,-0.0057538384056039,-1,64.47344639030776,0.7782796705151611,0.7772888269071677,42.21398977020349,40.301000845641234,-0.0018215667039056527,0.008139624821956017,2.6911763224247154
2019-03-06,41.7862873837876,41.98245765954082,41.61165057391955,41.75040435791016,83241600,-0.0115744560477123,-1,61.24657006997926,0.7420706805437405,0.7702451976344823,42.246106685653174,40.294813571915185,-0.005770455505866412,0.007413829538355892,1.447425828869263
2019-03-07,41.59490999919565,41.73127282208399,41.152336784456246,41.26716613769531,99185600,0.002376792624104,0,55.28661518868368,0.6666962499730005,0.749535408102186,42.22822823671806,40.28886732907784,-0.011641961461958061,0.007880798163711596,0.8418354434450626
2019-03-08,40.745644967787186,41.40352730012009,40.549474665610056,41.36524963378906,95997600,0.0346421113477266,1,56.21788868898142,0.6078688553398948,0.7212020975497277,42.229051320388855,40.35263660685724,0.0023739725201661344,0.0065265718678020005,-0.03467186139220476
2019-03-11,41.98245800292062,42.85086008948582,41.94896596170817,42.7982292175293,128044000,0.0112351939278916,1,67.02394348317833,0.6691634975030354,0.7107943775403893,42.505310783644525,40.27948230717579,0.03405558078205839,0.009899287905472025,2.680353476779977
2019-03-12,43.06137556997999,43.700118869558395,42.91065958737049,43.279075622558594,129870400,0.0044220760047066,0,69.72426920619809,0.7479186882314437,0.7182192396786002,42.84396617693868,40.21546184735331,0.011172547926534993,0.009885589120706478,3.7744469550571265
2019-03-13,43.59964150118398,43.85083358146815,43.28146535287176,43.470458984375,124130000,0.0111167371037039,1,70.75089576189104,0.8163652319016563,0.7378484381232115,43.18545654915612,40.13281585074622,0.004412327355556744,0.009811576139932636,3.9114610798438565
2019-03-14,43.99437729377165,44.04222619421503,43.673810102809064,43.95370864868164,94318000,0.0130082785398379,1,73.2202138045903,0.899237964614727,0.7701263434215146,43.58139392692851,40.061034280468945,0.011055400339603505,0.009811235632503188,6.110297529115359
2019-03-15,44.221651369018744,44.814940537743325,43.956106016627054,44.52547073364258,156171600,0.0102083732255204,1,75.82114392837538,0.999529668365561,0.8160070084103239,44.06405283672795,39.94487546222224,0.012924397533092158,0.01001917699530445,6.372516720604394
2019-03-18,44.448912727795424,45.06851724500386,44.4465180927503,44.980003356933594,104879200,-0.0079245283658934,-1,77.67725344616476,1.1029741507307023,0.8734004368743996,44.566665351705765,39.863307869119424,0.010156619698438618,0.009977457471945724,6.920658329967666
2019-03-19,45.058958264264525,45.21206527171253,44.47762764277541,44.623558044433594,126585600,0.0087387386925301,1,72.94798793376214,1.1430165077036136,0.9273236510402425,44.89178027703312,39.91139316962216,-0.007956094314904405,0.010380617970888222,6.266758333699735
2019-03-20,44.551795921259654,45.331687953217426,44.19295096923774,45.01351165771485,124140800,0.0368300160796308,1,74.75857117168057,1.1924703063036475,0.9803529820929235,45.26017000831471,39.9288825734724,0.008700776913963093,0.010416873027311873,7.815750170540442
2019-03-21,45.45846632882717,46.96800640409748,45.4082264439913,46.67136001586914,204136800,-0.020708371990721,-1,80.67912414232981,1.349876766184316,1.054257738911202,45.97069410292073,39.7932280162199,0.03616799689089856,0.012302280827774842,13.095626339210607
2019-03-22,46.731166773875984,47.29335848679614,45.640279037651645,45.704872131347656,169630800,-0.0120911343366447,-1,70.32331651337515,1.380718956030023,1.1195499823349664,46.33790651168521,39.85854314956968,-0.0209257972460013,0.013688053718480227,10.490985878189377
2019-03-25,45.8149125148253,45.92735084925179,44.640296590856394,45.15224838256836,175381200,-0.0103317810302143,-1,65.17218217660931,1.3450644301543235,1.1646528718988378,46.560730598919115,39.982840873248854,-0.012164826720174826,0.014196794021944532,5.500272343218591
2019-03-26,45.850797173491095,46.142657903184535,44.15704927752457,44.68574523925781,199202000,0.008994288933849,1,61.10327543481003,1.2645876770229023,1.1846398329236507,46.68229240995116,40.159359125083014,-0.010385524376650412,0.01454325942720979,3.2502302705513713
2019-03-27,45.154645826401016,45.396266723051546,44.628340750814054,45.08766174316406,119393600,0.0013263719323894,0,63.233074987836346,1.219186549644391,1.1915491762677988,46.836725201737686,40.33027919279356,0.008954081230427402,0.014594611077667304,3.720233916486479
2019-03-28,45.202486604333025,45.34841698201704,44.86278060144004,45.147464752197266,83121600,0.0065175417910243,1,63.552862138372724,1.174492612394424,1.188137863493124,46.932030641545644,40.60745414544166,0.0013254930781769758,0.014254939877402487,2.715939428586604
2019-03-29,45.41300882282604,45.472816293174226,45.104400231628766,45.44171524047851,94256000,0.0067913990889902,1,65.15861233146745,1.1495644371196505,1.1804231782184293,47.063380690357974,40.83446972773285,0.006496394451571685,0.014192373024630367,2.0577985852570313
2019-04-01,45.84601856523079,45.855586155213935,45.066130393873266,45.75032806396485,111448000,0.0145368523795283,1,66.81019643639983,1.1415520528136014,1.1726489531374638,47.21621734268084,41.049807819062316,0.006768441422698945,0.014203681153302023,1.7125937072935162
2019-04-02,45.71444820924764,46.52065558665947,45.70488061783693,46.4153938293457,91062800,0.0068550551439541,1,70.09960272029697,1.1753190828285511,1.1731829790756814,47.42591889268266,41.28244368666304,0.01443220528146627,0.014305946903490832,4.01544803560465
2019-04-03,46.23118953993053,47.00868690606132,46.20726508390579,46.73357391357422,93087200,0.0017402766125598,0,71.55222984398992,1.213762670524261,1.1812989173653974,47.5972708126204,41.60940872229171,0.006831666081477561,0.014082020670352682,3.8212132146872104
2019-04-04,46.599594142761774,46.97757785142085,46.2048662380215,46.814903259277344,76457200,0.0066940476910257,1,71.9276477341783,1.2365380483416715,1.1923467435606523,47.602498279935865,42.15895496713444,0.0017387640857715603,0.01352468704215731,0.307561732418759
2019-04-05,46.99670729559443,47.15220890152162,46.87230674092431,47.1282844543457,74106400,0.0157360169015128,1,73.38512408744282,1.2652894733226887,1.2069352895130596,47.538372570852076,42.799384158273895,0.0066717420418354045,0.013493018115675305,3.1143557713221766
2019-04-08,46.989528161471725,47.90099333428316,46.97038933483311,47.869895935058594,103526800,-0.0029984526017853,0,76.49517772682687,1.3325561554778176,1.2320594627060113,47.80833438527818,43.03658901560073,0.015613489511359546,0.01206715070174939,6.018853212943033
2019-04-09,47.922530571779554,48.52778186677969,47.66176723234471,47.72636032104492,143072800,0.0056140192702862,1,74.67633830475796,1.358622012396232,1.2573719726440555,48.019141426489696,43.27051044423784,-0.003002956967125492,0.012138678273408806,6.804440802110277
2019-04-10,47.53019047952069,48.02300709523418,47.41057554034288,47.99429702758789,86781200,-0.0083240226438721,-1,75.83156205587461,1.3849349764594336,1.2828845734071312,48.23557942482074,43.506456250228084,0.005598319396291629,0.012139115071207967,6.446631233575815
2019-04-11,48.04933044635173,48.08521347387526,47.47278546841466,47.59479141235352,83603200,-0.0004020297372164,0,70.65592793647703,1.357898418012084,1.2978873423281219,48.35907302200654,43.747070929409475,-0.008358860784043465,0.012398661869745692,5.4207399542565655
2019-04-12,47.654603208931675,47.87947993607481,46.939308026197594,47.57565689086914,111042800,0.001810021799,0,70.40806284748948,1.3197149027795163,1.3022528544184009,48.49065115633382,43.920511410804856,-0.0004021105728373442,0.012249838110458879,4.695997145129246
2019-04-15,47.50627189889882,47.810094880689405,47.36990910970045,47.66176986694336,70146400,0.0001004462293725,0,70.90277659876581,1.2816289683920559,1.298128077213132,48.6360394387123,44.04329977942734,0.001808385683515823,0.01214616264506122,4.177984910416526
2019-04-16,47.71679719689231,48.17372352909881,47.50148809786507,47.66655731201172,102785600,0.0194730871956965,1,70.93187154410549,1.237566007229077,1.286015663216321,48.715293063150945,44.26834608174652,0.00010044118498786503,0.011898395872343122,2.6955787281825865
2019-04-17,47.73593419560427,48.654579815816376,47.51345213352547,48.59477233886719,115627200,0.0035939726951332,0,75.95257002348235,1.2629860710559058,1.281409744784238,48.96500189124206,44.37676332177063,0.019285912641463288,0.012377137590912425,3.982572419423642
2019-04-18,48.592389136229144,48.83879570720488,48.44885334799565,48.7694206237793,96783200,0.0032863729682506,0,76.7657309415193,1.2824411287359467,1.28161602157458,49.24555020581439,44.30602106798933,0.0035875298076928352,0.009765037736593693,4.174989647371802
2019-04-22,48.523004996431936,49.02778027244778,48.405781021781074,48.92969512939453,77758000,0.0144232006140976,1,77.51708602931005,1.2958544122239601,1.284463699704456,49.52434900586829,44.349704567740105,0.003280984646736318,0.008107490888129362,3.822355716754124
2019-04-23,48.90576602332837,49.70001103243273,48.77897447012389,49.63541793823242,93292000,-0.0015420823237555,0,80.50634704766235,1.3478927995680365,1.2971495196771723,49.865334732237145,44.45703579693766,0.014320175707121408,0.0075753575782212005,3.6881676232782623
2019-04-24,49.60672129628957,49.87465766525172,49.53256059776321,49.558876037597656,70162400,-0.0090750442479511,-1,79.27523229706505,1.3671971075554268,1.3111590372528232,50.05043698336454,44.759246625644245,-0.001543272556483899,0.006871923461999091,3.839630141971432
2019-04-25,49.4799342214171,49.702416337244976,49.07084937409673,49.109127044677734,74172800,-0.0047741656745249,0,72.28088025755063,1.3308635590213882,1.3150999416065363,50.12474514867141,45.08708499048875,-0.009116473299461525,0.007507516059123494,2.322838516520039
2019-04-26,49.01820769356134,49.042132144995094,48.35314882772133,48.87467193603515,74596400,0.0015173816335398,0,68.86964259968654,1.26852759570248,1.3057854724257252,50.09851423645217,45.48603662109178,-0.00478559840581827,0.007754054237161325,2.6891188840244094
2019-04-29,48.89859357684603,49.27418629872509,48.76941102781814,48.94883346557617,88818800,-0.0192560687668758,-1,69.36219211333237,1.211148742516265,1.2868581264438332,50.0552705124758,45.87999216757791,0.0015162315732690779,0.007748489607312771,2.886300819465039
2019-04-30,48.57803076980022,48.65936807287442,47.633073241979126,48.00627136230469,186139600,0.0490854822371167,1,57.01493712325894,1.0772013963969655,1.2449267804344597,49.90371026028156,46.257146749606136,-0.019443881795256246,0.009272247040470851,0.7228046636183837
2019-05-01,50.209575344115216,51.508592020453015,50.054073710339814,50.3626823425293,259309200,-0.0065078935259264,-1,70.94155639772504,1.147956899752785,1.2255328042981248,50.189811213708644,46.36577464749741,0.047918815357309796,0.013580545932243095,5.656219333965134
2019-05-02,50.19999656752873,50.87223193856366,49.79091552161982,50.03492736816406,127985200,0.0124313490728675,1,67.65810275344366,1.164164297307238,1.2132591028999475,50.36312266368542,46.52259854297962,-0.006529162191357241,0.01376547203956226,2.9636007331286676
2019-05-03,50.451191165476246,50.67845883004592,50.29329856258675,50.65692901611328,83569600,-0.0154425535471831,-1,70.45302734095681,1.2132139362839425,1.2132500695767465,50.632501759550145,46.63742202279848,0.012354714314981585,0.013901522212866656,3.8702702804176052
2019-05-06,48.87228264844447,49.96077960132917,48.6832926027295,49.874656677246094,129772400,-0.0269570736332276,-1,63.07085101630945,1.1754138493471302,1.2056828255308234,50.71343819160601,46.83112281303266,-0.015563031713666575,0.014546017963080029,1.9312639192878938
2019-05-07,49.25265726776047,49.62106973967451,48.04454543751767,48.530181884765625,155054800,0.0001972976355095,0,52.82587733638048,1.0251518165993616,1.169576623744531,50.70597787859536,46.90461172101401,-0.027327080228920053,0.015684644949078428,-2.2267084662048795
2019-05-08,48.300526818100735,49.12347845355578,48.26464378472427,48.539756774902344,105358000,-0.0107443129368868,-1,52.88457368695181,0.8965063198808281,1.1149625629717905,50.68641625042268,47.00551299457244,0.00019727817489112454,0.015661348199308332,-2.0563809032355
2019-05-09,47.94167511069751,48.247889120119275,47.04695753487661,48.01823043823242,139634400,-0.013853454140239,-1,49.287331314590695,0.7438958517786105,1.0407492207331546,50.68542615538427,47.0088964306753,-0.010802449869733444,0.01582785250298421,-2.221372425237479
2019-05-10,47.41064969242825,47.7540678155775,46.29394807282086,47.35301208496094,164834800,-0.0581193989547347,-1,45.07565133003916,0.5627859485682833,0.9451565663001804,50.70895691204025,46.96118774128006,-0.013950308790727561,0.016031799796879565,-3.1133914373188794
2019-05-13,45.07878571600781,45.503850723802664,43.91165067654419,44.60088348388672,229722400,0.0158302524133469,1,32.646408851753456,0.19493418786402827,0.7951120906129501,51.273106985067905,46.099560327554165,-0.0598767629220287,0.020851942953332075,-8.882642698210978
2019-05-14,44.766586521858535,45.55668236546446,44.52643531944236,45.30692672729492,146118800,0.0119792650277987,1,37.41428666657345,-0.039167692847357216,0.6282561339208886,51.51987519272783,45.61730780592939,0.015706260801496175,0.021256282012594347,-5.622900005371664
2019-05-15,44.7329687046891,46.048996362171025,44.672930899784056,45.84967041015625,106178800,-0.0043998710065614,0,40.87890191262595,-0.17883869941181274,0.4668371672543484,51.63889218437829,45.31660212409339,0.01190808155240397,0.02149591296193538,-8.961023762949946
2019-05-16,45.60711251285755,46.22189896136479,45.35014898548038,45.6479377746582,132125600,-0.0056817740238384,-1,39.992712144794986,-0.30232213474378966,0.3130053068547208,51.722281722161156,44.93852912988963,-0.004409578925190782,0.020909264936694427,-8.767854425421207
2019-05-17,44.89146176785127,45.84486231886198,44.85063650384428,45.38857650756836,131516400,-0.0312697322644002,-1,38.8273031211213,-0.4163129371820631,0.167141658047364,51.77838524768837,44.54434119274132,-0.005697976704327257,0.020855325643758745,-10.400062954604158
2019-05-20,44.07255480683123,44.2718807676928,43.294463501537294,43.96928787231445,154449200,0.0191707041774518,1,33.13671379000518,-0.61409726968607,0.010893872500677198,51.94241524509847,43.8842704696232,-0.03176906731108531,0.021702802153505975,-11.84041996147875
2019-05-21,44.48080029361121,45.148420257456486,44.35592065835196,44.81221008300781,113459200,-0.0204715962507656,-1,38.86725176351632,-0.6948165872371845,-0.13024821944689516,51.83524472037772,43.50912020882149,0.01898926148372615,0.02194918138457534,-7.661153651939931
2019-05-22,44.34631800439947,44.59847747756857,43.83959886543886,43.894832611083984,118994400,-0.0170696078229445,-1,35.319394169533176,-0.8233211889223,-0.26886281334197615,51.76528299322539,43.01267759332246,-0.02068404380538924,0.022201267868684576,-9.569318992179282
2019-05-23,43.17918605404062,43.35689559500795,42.70128385170774,43.145565032958984,146118800,-0.0038406411967232,0,32.69439481048034,-0.9743894877690735,-0.40996814822739563,51.760482936373585,42.42112144900239,-0.01721697296272451,0.0223333020661281,-10.14753222016651
2019-05-24,43.27524333356481,43.741137224471366,42.89580401689263,42.9798583984375,94858800,-0.0041348507914147,0,32.12572968286168,-1.0948624507274403,-0.5469470087274045,51.71561063185208,41.87651239976413,-0.003848035397511218,0.022338014448449683,-9.235217558446145
2019-05-28,42.96784799476519,43.36890001918463,42.72529662605627,42.80214309692383,111792800,-0.0047689349461802,0,31.49307322413476,-1.190949754012415,-0.6757475577844066,51.59632300078914,41.38113099396183,-0.0041434229247698795,0.022267838583625434,-4.032970305650412
2019-05-29,42.36747568884229,43.07112063399836,42.266612621180826,42.5980224609375,113924800,0.0051863485527119,1,30.744172034564553,-1.2689428799239053,-0.7943866222123064,51.54391062696036,40.892718477653894,-0.004780342599127518,0.022066977474696377,-5.979006880476526
2019-05-30,42.73489628505487,43.04228946300564,42.42750310710411,42.81895065307617,84873600,-0.0181155343499991,-1,32.61201707636336,-1.2979638164654546,-0.8951020610629361,51.00531936437373,40.676936571295215,0.005172945768092241,0.018325061146809127,-6.610123322519539
2019-05-31,42.32183502339383,42.744503381483696,42.02404995046576,42.04326248168945,108174400,-0.0101103409016776,-1,29.594080664442377,-1.3677876657016128,-0.9896391819906715,50.48112520919031,40.40196423783118,-0.01828162963679647,0.01845952118248855,-7.896688149995492
2019-06-03,42.170539086692926,42.72768779213401,40.89053314856024,41.61819076538086,161584400,0.0365840054944295,1,28.06156796886079,-1.4408144917237777,-1.0798742439372928,49.68683507968427,40.29238054226397,-0.01016179752136237,0.017781955393752012,-8.306904583268443
2019-06-04,42.13211682423522,43.1863801881722,41.911178213925794,43.140750885009766,123872000,0.0161435638184472,1,40.03902999500464,-1.360151915768192,-1.1359297783034727,48.83877002527848,40.46705501744613,0.03593069687865169,0.02043737358758176,-1.8843538919955563
2019-06-05,44.25506073740765,44.425569693638934,43.50098615185949,43.837196350097656,119093600,0.0146816934510234,1,44.58405161158073,-1.225897530943925,-1.1539233288315633,48.21663091271221,40.619895576545595,0.016014642144878355,0.02049449543788556,-2.1757769391513864
2019-06-06,43.96687726418169,44.5408384220099,43.743534767431555,44.48080062866211,90105200,0.0266172400115776,1,48.471222498519715,-1.055400477524394,-1.1342187585701295,47.51172046292173,40.91891041171206,0.014574960798892977,0.02093692641085301,1.334936216228242
2019-06-07,44.79060640874679,46.08982549531718,44.61289683655015,45.664756774902344,122737600,0.0127793247903931,1,54.75817724688128,-0.8153461650024667,-1.070444239856597,46.985312311429304,41.20997119687147,0.02626916431260362,0.021953459836697158,5.838819679424626
2019-06-10,46.06340407118152,46.9183418122856,46.01777475391753,46.248321533203125,104883600,0.0115796141778266,1,57.50996960842387,-0.5714255557832075,-0.9706405030419192,46.71299430424506,41.37182014887995,0.012698358287869027,0.02203129736238049,7.604639141585556
2019-06-11,46.79586754698529,47.06963979513542,46.493278324635206,46.78385925292969,107731600,-0.0031825388360898,0,59.91930103282697,-0.3310867355245932,-0.842729749538454,47.07133583616184,41.231776193867454,0.011513083552320058,0.01729496371951998,9.302609327269932
2019-06-12,46.577330189733125,47.062436698954635,46.44284608763218,46.63496780395508,73012800,-0.0002063790682054,0,58.919003333809755,-0.15089140235670584,-0.7043620801021044,47.2959391927495,41.139976944945815,-0.0031876138833619727,0.017043456162606895,9.47683744408433
2019-06-13,46.75742718534955,47.259342198797384,46.493263124573915,46.625343322753906,86698400,-0.0072621483202283,-1,58.85061126125345,-0.008760927265647922,-0.5652418495348132,47.43393463175719,41.079548797197894,-0.00020640036729568934,0.016866363793642338,8.889504790805232
2019-06-14,46.000962652491786,46.49086948345839,45.70077365536565,46.2867431640625,75046000,0.0059665601651981,1,56.371453750781505,0.07568385881910444,-0.43705670786402967,47.5333036863728,41.04406028152271,-0.007288646084408601,0.01692569805519673,10.093128915057802
2019-06-17,46.32516479593238,46.81987934371097,46.14985544679512,46.56291580200195,58676400,0.0235183151760143,1,57.92821583679529,0.16301267534426955,-0.31704283122236987,47.70987624424799,40.984921653090886,0.005948830732625865,0.016894501318959896,11.881162889796379
2019-06-18,47.08163581115205,48.09987438779202,46.87990971552517,47.657997131347656,106204000,-0.0029225362991784,0,63.49110716934238,0.31693190914690206,-0.19024788314851548,48.18335550173168,40.8803133215105,0.02324602061079961,0.015664743818982352,10.47094951680016
2019-06-19,47.95338797340395,48.001421143050344,47.38423082437452,47.51871490478515,84496800,0.0080355656284556,1,62.36167174489364,0.42280130890583223,-0.06763804473764595,48.54387520852355,40.79044409689637,-0.002926815247342951,0.0153259534036662,8.398161518555444
2019-06-20,48.11908943981231,48.17672704061603,47.55713657353641,47.90055465698242,86056000,-0.0034091371533434,0,64.23977255151385,0.5313893224659623,0.0521674287030757,48.97111926156977,40.76377224843999,0.008003452388296584,0.014307997455997989,7.688157542103062
2019-06-21,47.74205914645744,48.234369837830805,47.585958668286295,47.73725509643555,191202400,-0.0010062302047261,0,62.79661622982231,0.5973829371208339,0.16121053038662733,49.302204042831875,40.89185647352555,-0.00341496150251297,0.013523539776940454,4.538507303891438
2019-06-24,47.67961232946283,48.06865972196954,47.59075756796462,47.6892204284668,72881600,-0.0151576901962438,-1,62.35288459511743,0.6384477279427188,0.2566579698978456,49.56441427222936,41.10058244713099,-0.0010067367941974936,0.0134397371668948,3.1155701385383363
2019-06-25,47.65319076826102,47.85251666179104,46.89911630648535,46.96636199951172,84281200,0.0216293113601013,1,55.9461399264095,0.6056813192632475,0.32646263977092604,49.6624889723514,41.41892963726774,-0.01527374219586175,0.014062932539520536,0.3900976736343157
2019-06-26,47.494705407814,48.26799259033034,47.39384234023577,47.98221206665039,104270000,-0.0003003597718569,0,61.874770396268396,0.6541437529269984,0.39199886240214055,49.82980418466251,41.79003338552792,0.021398716945681517,0.01435505805268355,2.8889143193126716
2019-06-27,48.09988036370736,48.40727725900729,47.92697487769968,47.96780014038086,83598800,-0.0091120334207299,-1,61.74780976517021,0.6835085971158179,0.45030080934487604,49.94505186477855,42.18967065414235,-0.0003004048888874955,0.014422687432728907,2.8792427507376934
2019-06-28,47.71322950016567,47.91015520529247,47.32178561109309,47.53071594238281,124442400,0.0183409294398377,1,57.86957979310939,0.6638588541514778,0.4930124183061964,49.794988942872145,42.88847892211809,-0.009153801921518934,0.013753519845133802,2.6875357678786647
2019-07-01,48.79151720788642,49.10851854004472,48.18633517839463,48.40247344970703,109012000,0.0058546305772713,1,62.87757203991278,0.7104403227363179,0.5364979991922207,49.48302991999961,43.87886621342324,0.01817476327935097,0.013442497941701619,3.9506925544082594
2019-07-02,48.368854370319184,48.7819147300247,48.35684607736168,48.68585205078125,67740800,0.0082868802723936,1,64.36061619954714,0.761445289687785,0.5814874572913337,49.37512472553707,44.541281524462924,0.0058375588277894686,0.011665386826450849,2.156731254569465
2019-07-03,48.81793385898848,49.096510120268974,48.67624553562588,49.08930587768555,45448000,-0.0008806798820714,0,66.41764480522606,0.8249133577966745,0.6301726373924018,49.34821232633345,45.09340487642534,0.008252732602134216,0.01144328706908372,3.3052050671981426
2019-07-05,48.83474336935479,49.25020388004415,48.72667240803768,49.04607391357422,69062000,-0.0206137697561524,-1,65.97819790556679,0.8617896264680169,0.6764960352075249,49.31514283266113,45.583001698588866,-0.0008810679084336748,0.011330740788896308,2.391453010920022
2019-07-08,48.22476729541533,48.366455639849576,47.64840581652729,48.03504943847656,101354400,0.0060994591847269,1,56.55431156766234,0.8002088004737544,0.7012385882607708,49.25813532561161,45.87703847199581,-0.02082919919212145,0.011544797290702716,0.6238195753807625
2019-07-09,47.83812667618199,48.39287545892616,47.74446783837346,48.32803726196289,82312000,0.0098883841973713,1,58.408307469111534,0.7662147739988256,0.7142338254083818,49.278515913314585,46.06462945716881,0.00608093277942201,0.011330887858721125,1.3395413633450155
2019-07-10,48.47451732411825,48.92599905234842,48.40487142959324,48.80592346191406,71588400,-0.0072822173832164,-1,61.30856476247336,0.7689714612410796,0.7251813525749213,49.39782893799885,46.14752285338298,0.009839814050739193,0.011264481651000814,3.9167637945248317
2019-07-11,48.82514343056897,49.08450718512967,48.44090368132173,48.45050811767578,80767200,0.0076825386327543,1,58.06557885786167,0.7340158302096995,0.726948248101877,49.425879200341406,46.3010266224125,-0.00730886216241311,0.011403439360898403,0.9759784529627296
2019-07-12,48.61860106856959,48.990836095314215,48.55856327923709,48.822731018066406,70380800,0.0093951784986248,1,60.426492260257604,0.7279570819375252,0.7271500148690067,49.48009056237292,46.46655402991223,0.007653178211997513,0.011461956744099121,1.7823016173006403
2019-07-15,49.012457455369805,49.43992629757832,48.99084472686203,49.28142929077149,67789600,-0.0034600653882693,0,63.17773319662858,0.7515057073880769,0.7320211533728207,49.52090784859458,46.72520535636148,0.009351318311294321,0.011332303613172917,3.683330481516227
2019-07-16,49.13252504798355,49.49755583798557,48.87076116249439,49.11091232299805,67467200,-0.0056232144911373,-1,61.46696553951673,0.7477888244014466,0.7351746875785459,49.51435087230481,46.98656198475086,-0.0034660652584750373,0.011404564218485853,1.4636418819115196
2019-07-17,49.00285624708764,49.2526118988206,48.81553859218374,48.83475112915039,56430000,0.011359708452064,1,58.694878067655644,0.7143249738411512,0.731004744831067,49.56693482470962,47.051653432126315,-0.005639084282533791,0.010449912196374943,0.30583644343706473
2019-07-18,48.99084776868964,49.44233322466151,48.918801671440576,49.38949966430664,74162400,-0.0149276741055432,-1,62.36650005806095,0.7242198461628888,0.7296477650974315,49.68931207317053,47.116354659617556,0.011295671468657176,0.010635178773598352,0.6115258328750426
2019-07-19,49.42071239377778,49.59122135314634,48.59699556073013,48.65222930908203,83717200,0.0228537332531486,1,55.32750829836822,0.6649054317969032,0.7166992984373258,49.70981073456815,47.17102346342989,-0.015040213201683805,0.011177084312376023,-0.8030094420731712
2019-07-22,48.9067731397859,49.76651457184509,48.89716870752156,49.76411437988281,89111600,0.0078177964217787,1,62.247729422493656,0.6995541392173834,0.7132702665933374,49.89151046764936,47.192009658693415,0.02259649849995915,0.012135692841510877,3.5995902192644595
2019-07-23,50.0619051594633,50.16997243289417,49.78092511836153,50.15316009521485,73420800,-0.0008137000992597,0,64.3298693668112,0.7497634213058717,0.7205688975358443,50.126146087831025,47.203768005186554,0.00778739579249077,0.01217724621353677,3.7765300158143256
2019-07-24,49.87219926386912,50.22762201382964,49.75212366387008,50.11235046386719,59966400,-0.0079074181153615,-1,63.93155239888525,0.7773013962670561,0.7319153972820867,50.19267446964027,47.451838469812856,-0.0008140313328808269,0.011474227469606666,2.6767795982235674
2019-07-25,50.1651726253745,50.24922699204643,49.64644527175411,49.71609115600586,55638400,0.0034781541152977,0,60.04390763221758,0.7584081680879677,0.737213951443263,50.275199046141935,47.54270180224674,-0.007938847539358473,0.010891324887145316,2.6121150995078346
2019-07-26,49.826569726110606,50.36690992368305,49.74491919793739,49.88901138305664,70475600,0.0093385089047686,1,61.154023651040596,0.7487571593581137,0.7395225930262331,50.363199447424975,47.64682252523127,0.0034721193265081496,0.010886157691299612,2.183983449421678
2019-07-29,50.061919276080474,50.585447117596885,50.057115226186674,50.35490036010742,86693600,-0.0042923478256258,0,64.05191712434507,0.7698279152534937,0.7455836574716853,50.44800621442581,47.8444342000029,0.009295174606728906,0.01067411890873934,2.1782466230884054
2019-07-30,50.13395556373154,50.47016939121848,49.7857371096046,50.13875961303711,135742800,0.0204044942110499,1,61.75039572701542,0.760321377624571,0.7485312015022625,50.556248390279194,47.90982064048252,-0.004301586396806112,0.010150070772176598,2.0929101933171257
2019-07-31,51.973527960892554,53.162275798303426,50.74395485473696,51.16181564331055,277125600,-0.0216392132786719,-1,67.67165192177076,0.8258199117818421,0.7639889435581785,50.89753013434661,47.816135255668044,0.020199111637884126,0.010931494953379795,4.765181474982652
2019-08-01,51.36834159535315,52.360167250633246,49.648861742078736,50.05471420288086,216071600,-0.0211580299664452,-1,57.32895878644965,0.7794095895997657,0.767073072766496,50.96955894875569,47.84064727377849,-0.021876774397100895,0.012106996126202488,1.346874422894718
2019-08-02,49.35828209858437,49.57441674021097,48.42169376564645,48.99565505981445,163448400,-0.0523478935592622,-1,49.53037164193374,0.6496827150575157,0.7435950012246999,50.9695045646321,47.8356597725261,-0.02138506926306638,0.013099747858073562,0.7058787554228553
2019-08-05,47.547541088998095,47.70603810831465,46.24832211693409,46.43083572387695,209572000,0.0189304333501896,1,36.55962764480749,0.3360400860957,0.6620840181989,51.27729782713195,47.36744513856629,-0.05376782040774186,0.017259554213593976,-6.6981572917398084
2019-08-06,47.1440866325443,47.566755135914754,46.598942322992755,47.309791564941406,143299200,0.0103551223845099,1,42.15059737020095,0.15659530045730463,0.5609862746505809,51.37472433706255,47.168194058933544,0.018753482381353326,0.01778479943772713,-5.6693706336258005
2019-08-07,46.92794393689847,47.924569888809515,46.546104432236135,47.79969024658203,133457600,0.0220557967733197,1,45.05701211497275,0.05330033132212009,0.45944908598488876,51.412830739093394,47.0294643353695,0.010301875375448244,0.017800003978521887,-4.614950597762657
2019-08-08,48.07826325145281,48.87796708312998,47.883741391069506,48.85395050048828,108038000,-0.0082404072221177,-1,50.78713108804899,0.055864346341799376,0.37873213805627093,51.41158169343702,47.07105761930712,0.021816085959833753,0.01844015403088663,-1.7341279965318208
2019-08-09,48.52610318105961,48.87805397548841,48.04156299326549,48.45137405395508,98478800,-0.0025373906494305,0,48.69854415862689,0.02512219888344447,0.30801015022170564,51.41328091569036,47.032222700642656,-0.008274547057836923,0.01845501877478797,-2.881671312472258
2019-08-12,48.12111912807383,48.70690564326223,48.00781893127482,48.32843399047851,89927600,0.0423483794194166,1,48.0486984470245,-0.009057006597828376,0.24459671885779885,51.39964874594308,46.95055534036062,-0.002540615281006353,0.01831597441158431,-4.02436774799844
2019-08-13,48.458609810927285,51.139236082096,48.32843339655676,50.37506484985352,188874000,-0.0297649748162153,-1,58.07793201546538,0.12753162753762126,0.22118370059376335,51.52299461500605,46.953624723983204,0.041476224707648335,0.020607939803466344,0.47130251853093136
2019-08-14,48.974489287024824,49.76517772068569,48.83708124858087,48.87565231323242,146189600,-0.004981479355368,0,50.40116759673738,0.11348090631741314,0.19964314173849332,51.52366389385601,46.957045563541456,-0.030216942829258464,0.021743216768791453,-4.4684953052033505
2019-08-15,49.04680900852128,49.451794151476854,48.133175768034526,48.632179260253906,108909600,0.0235946062927212,1,49.26249743115627,0.08175692499483489,0.17606589838976164,51.49972444726288,46.905252969729304,-0.004993928283579585,0.02160412406871036,-2.841959973762232
2019-08-16,49.24447486471987,49.93873925139219,49.138406285829504,49.77963638305664,110481600,0.0186442583367414,1,54.48180213423397,0.1475052921594724,0.1703537771437038,51.55464746243652,46.963070661953125,0.023320555939009058,0.021970512378019745,1.6001037689670528
2019-08-19,50.77282532147355,51.2814697754722,50.630598649274816,50.707740783691406,97654400,4.739432757605577e-05,0,58.22501810263706,0.2713733919298704,0.19055770010093714,51.67891524890301,46.9331655158675,0.018472584688133065,0.021777096112853864,9.211346281271142
2019-08-20,50.835498157263025,51.43092560223709,50.700503116487184,50.71014404296875,107537200,0.0108385690299517,1,58.23459588562004,0.36552018716891865,0.22555019751453345,51.758391977654,46.9093871818919,4.739320450042328e-05,0.021717684868944796,7.187418007030814
2019-08-21,51.34414318038667,51.50324237848759,51.00906488637231,51.259769439697266,86141600,-0.0008464409257685,0,60.46693445328149,0.47896121010470694,0.27623240003256816,51.93795417948312,46.84456687764578,0.010780252738998186,0.021833729908824817,7.238706308065774
2019-08-22,51.392356495109624,51.69368603628519,50.80416064220066,51.21638107299805,89014800,-0.0462203860594468,-1,60.19341792701849,0.5589200767695033,0.3327699353799552,52.132405153705776,46.800144895122344,-0.0008467993591652068,0.021736029861513906,4.8357001804514335
2019-08-23,50.48596080860985,51.117550102338555,48.45379590993067,48.84914016723633,187272000,0.0189991666867752,1,47.55447275309546,0.426356722537065,0.3514872928113772,52.08596004187068,46.74260288537542,-0.04732264686231069,0.024307280213969974,0.8209594073396158
2019-08-26,49.625361851143225,49.945976938742,49.43251020046901,49.7772331237793,104174400,-0.0112838702523135,-1,51.82532297158333,0.3916736840160837,0.3595245710523185,52.0281094804754,46.742686723137886,0.018820936464762905,0.024612137551583767,2.9978193243054916
2019-08-27,50.10748800983436,50.27382250881443,49.0636820144767,49.215553283691406,103493200,0.0067102727561205,1,49.21333756010075,0.31523047646111024,0.35066575213407686,51.95985967161127,46.718615899067444,-0.011348016115140691,0.02471846727847493,-2.3017569696795896
2019-08-28,49.2010838761468,49.591605744133744,49.013054556128,49.54580307006836,63755200,0.0169319921605373,1,50.78396697699776,0.27809141673203186,0.33615088505366786,51.74554791780878,46.771326395545714,0.00668785908790559,0.02429157891683988,1.371134143726821
2019-08-29,50.26177108180153,50.45944504062783,49.81821484810171,50.38471221923828,83962000,-0.0012918636740472,0,54.62295969902785,0.312746257428131,0.3314699595285605,51.78721065479209,46.76266346019814,0.016790243798535887,0.0241314413207267,3.6036488301413314
2019-08-30,50.66193194339828,50.73183877566939,49.94838200013199,50.31962203979492,84573600,-0.0145634288018022,-1,54.269247769988596,0.3311410469930962,0.3314041770214677,51.88999071773437,46.79228009525391,-0.0012926988492893976,0.023592109011060743,1.084752111451892
2019-09-03,49.762771254713705,49.89535700787509,49.23002260792839,49.586795806884766,80092000,0.0169663834910096,1,50.31855834267139,0.28332015930337917,0.32178737347785,51.670376137293744,47.32749068399532,-0.014670516512237608,0.020155622323408784,-2.210599327602381
2019-09-04,50.23525274929369,50.49801123909702,49.9773165623172,50.428104400634766,76752400,0.0195515311747673,1,54.42083073998501,0.3097378683435821,0.31937747245099646,51.612431262021275,47.697266842837124,0.01682406193899677,0.020082187654881636,-0.5561799274224124
2019-09-05,51.10548990171216,51.58038555025463,50.987367398020275,51.4140510559082,95654800,-9.385745612167096e-05,0,58.72240537893961,0.4055567425895674,0.3366133264787107,51.74138124058616,47.92975294520486,0.019362855291789938,0.02035143852469508,0.30097992616302466
2019-09-06,51.5996677805248,51.688860141445595,51.228427751726834,51.40922546386719,77449200,0.0042671678803736,0,58.69320887974595,0.4756218333876774,0.36441502786050406,51.93040968314504,47.99625199898387,-9.386186100845961e-05,0.01990663947118016,0.37652873324704844
2019-09-09,51.79010945042045,52.17581273023288,50.88130221260114,51.62859725952149,109237600,0.0118131742076899,1,59.67477291068203,0.5425956878442335,0.40005115985725,52.08837395672027,48.15601004596528,0.00425808933679761,0.01974458896027708,5.689879254311577
2019-09-10,51.553874955069645,52.257780407427305,51.03558955257651,52.238494873046875,127111600,0.0317951471913846,1,62.35323594089013,0.637537455373824,0.4475484189605648,52.308980994110094,48.326409096832286,0.0117439433559543,0.019785243971137616,4.944553151733534
2019-09-11,52.56875668637324,53.928355648485045,52.486792242405365,53.8994255065918,177158400,-0.0022363281809836,0,68.49114797122459,0.8371525379618561,0.5254692427608231,53.02494229765582,47.96288385896039,0.031300146571941134,0.01887782812917858,9.51705692690544
2019-09-12,54.19110916164671,54.58163109690055,53.72344509292381,53.77888870239258,128906800,-0.019454152214957,-1,67.62939777936538,0.9743904497632343,0.6152534841613053,53.53194994468839,47.94619985084384,-0.0022388324971953644,0.017220990404112606,8.543782459914375
2019-09-13,53.03399553571428,53.22443417394161,52.31562698975631,52.732666015625,159053200,0.0052570424735987,1,60.51263995882595,0.9873495059365567,0.6896726885163557,53.689839641140935,48.198358829928395,-0.01964587484174407,0.017954694133211175,4.660052013734049
2019-09-16,52.486776312858375,53.06533115671775,52.44579594248169,53.009883880615234,84632400,0.0036381108737244,0,61.66380460051179,1.0083650120438037,0.7534111532218453,53.93705009270986,48.27417312811533,0.005243272464413362,0.017379190487507787,5.346347471951871
2019-09-17,53.02435499253173,53.23166985098413,52.821858758031574,53.20273971557617,73274800,0.009379298259476,1,62.48321451471844,1.0287233240387437,0.808473587385225,54.19729982756033,48.263423286453346,0.00363150895585429,0.017002998136540166,7.292150762823354
2019-09-18,53.28952366767944,53.72102961074216,52.899001777277235,53.70174407958984,101360000,-0.0081250412890273,-1,64.59207992907498,1.0727568416878412,0.8613302382457483,54.52329121417169,48.23659190350409,0.009335585757379139,0.01706205692668202,6.49169687788991
2019-09-19,53.518529031437104,53.94039033553317,53.123184870732054,53.26541519165039,88242400,-0.0146180580696028,-1,61.34497342340053,1.0602240243785772,0.9011089954723142,54.728074643997886,48.232373048873214,-0.00815822932871324,0.017125121506148425,3.6008913861484944
2019-09-20,53.36666263412895,53.65111592552939,52.42410304549557,52.486778259277344,221652400,0.0045468836828936,0,55.94054609353459,0.9762090529711429,0.91612900697208,54.818053322829186,48.26943408866984,-0.01472595466389981,0.01751976431676418,2.0960300134603482
2019-09-23,52.78087313155627,52.995419582923894,52.46748972392058,52.72542953491211,76662000,-0.0047549298546375,0,57.185560580865776,0.9182981765291061,0.9165628408834853,54.803165113989735,48.67195123427686,0.004536577835133393,0.01328139688227843,2.124466542984251
2019-09-24,53.282288364697834,53.63424284676949,52.35660500350317,52.47472381591797,124763200,0.0153896492960785,1,55.414063435408764,0.8424621541373298,0.9017427035342542,54.816119024472705,48.92874639300776,-0.0047662704971864756,0.012921424327029338,0.4522123836936564
2019-09-25,52.68445466717906,53.39559160754861,52.34455408159378,53.28229141235352,87613600,-0.0051576383772398,-1,59.74042297889139,0.8378671054931957,0.8889675839260426,54.811760147382955,49.33977908296373,0.015272429758576678,0.01277508206591097,-1.144973417504793
2019-09-26,53.03399776735513,53.260598164531714,52.75195376608397,53.00748062133789,75334000,-0.0048660751649821,0,57.688990462831626,0.8027964247309569,0.8717333520870255,54.75070940657008,49.746997578903546,-0.005170984904875553,0.012916705287253482,-1.4344068828264356
2019-09-27,53.164168271914754,53.26541822760675,52.37830220769446,52.749542236328125,101408000,0.0235353315626234,1,55.75377167577016,0.745594437013537,0.8465055690723279,54.724740452426204,50.00944953475641,-0.004877953056880102,0.012638137910701425,0.0320033519604802
2019-09-30,53.25095311079078,54.138069160522186,53.22443596499704,53.99102020263672,103909600,0.0027683764392809,0,62.30764609947737,0.7913165415329004,0.8354677635644424,54.811792492665106,50.28953731080169,0.023262645858150854,0.013438810096429492,1.8508554446773056
2019-10-01,54.25620087856996,55.01554995242382,54.046472988627585,54.14048767089844,139223200,-0.0250678451959908,-1,63.01788739824472,0.830044181669713,0.8343830471854966,54.689877724320205,50.86682126554796,0.0027645515427687783,0.012744179227876245,1.7625933557848734
2019-10-02,53.771661137864896,53.89701527502554,52.53500334528277,52.783302307128906,138449200,0.0084946504350058,1,53.21290529697846,0.7426616578104444,0.8160387693104861,54.47526901023599,51.31694977028158,-0.025387395221826203,0.014009599309587863,-1.7102643279140688
2019-10-03,52.6555323429582,53.26542677356559,51.860025224931825,53.2316780090332,114426000,0.0280316589110289,1,55.66703401983819,0.7015040480120973,0.7931318250508084,54.416651294220934,51.55733018160914,0.008458773921120155,0.013513282680830737,-0.06333787598538416
2019-10-04,54.393594272751145,54.839563434552865,53.9717329439318,54.72385025024414,138478800,0.0002204171069606,0,62.6823483802038,0.7802973923634156,0.7905649385133299,54.580842935916145,51.72460101855163,0.027645963164827148,0.014687998635816237,4.262162901132879
2019-10-07,54.545473656079785,55.42776382828695,54.441814372815855,54.73591232299805,122306000,-0.0117150059193552,-1,62.73368466954764,0.8341000082160335,0.7992719524538706,54.715099637516595,51.90107582329883,0.00022039281867858307,0.014699336193191807,3.8131178936241716
2019-10-08,54.43699440099302,54.976974614844835,54.077808243619614,54.09468078613281,111820000,0.0117200292568804,1,58.15368916090232,0.8155952683139844,0.8025366156258934,54.7574250192366,52.044369032887424,-0.01178416728235998,0.014896335451787049,3.087118620952965
2019-10-09,54.72867202758789,54.91187905014453,54.39359375104449,54.72867202758789,74770400,0.013478482612804,1,61.17198956044373,0.8423775196371253,0.8105047964281398,54.9039279820762,51.98079072214743,0.011651881658409025,0.013419318538913694,2.714561586777073
2019-10-10,54.94563314201616,55.55070522641308,54.79376555162797,55.466331481933594,113013600,0.0265982520419643,1,64.3903204130119,0.9126056499989303,0.8309249671422979,55.2309469893439,51.822515992833836,0.013388455912764385,0.013687589929290008,4.638686524569336
2019-10-11,56.15576919605623,57.28635815539872,56.00148862734388,56.9416389465332,166795600,-0.0014393468868872,0,69.78451312277801,1.0749159698231168,0.8797231676784617,55.95830744671553,51.51605282855302,0.02625066847552482,0.013794862644717824,7.9471717335928265
2019-10-14,56.625848148304016,57.40448636193365,56.57040454046754,56.85968017578125,96427600,-0.0023318357129592,0,69.15775945211493,1.183294398573274,0.9404374138574242,56.50443334667845,51.35490655810671,-0.0014403837416656629,0.013839951088069041,5.3132168319435396
2019-10-15,56.98502890321499,57.288767739778834,56.6210241617373,56.72709274291992,87360000,-0.0040370751359034,0,68.0923228990803,1.244144661228212,1.001178863331582,56.92805436600003,51.283720841519504,-0.0023345586756802206,0.013901249943509403,4.777579928249954
2019-10-16,56.2570175797448,56.707809064497546,56.21603720446529,56.49808120727539,73903200,0.0038826834747709,0,66.19538093583283,1.25937235520869,1.0528175617070035,57.24541809152478,51.2459908287633,-0.004045246122402091,0.013912766085040036,7.037791759468537
2019-10-17,56.671642699499074,56.927169535343786,56.29317474782495,56.71744537353515,67585200,0.0048029551514789,0,67.1397035315335,1.2744501987388048,1.0971440891133637,57.566134421540994,51.27047751693557,0.0038751653134321273,0.0136841692276277,6.548295103360118
2019-10-18,56.55111912414219,57.27190074085792,56.47879929558,56.9898567199707,97433600,0.0173426922057686,1,68.32310244351773,1.293470494681884,1.136409370227068,57.850087654072546,51.436832130473356,0.00479145776198564,0.013023000551028308,4.140802336393451
2019-10-21,57.257436340274744,58.09392745858567,57.20922434833199,57.978214263916016,87247200,-0.0022868491992146,0,72.23060821507993,1.372475368288974,1.1836225698394491,58.29651110695501,51.515687150491274,0.01719402412768023,0.01334803302277295,5.923536857822083
2019-10-22,58.13490243417298,58.38560697598513,57.763662406194435,57.84562683105469,82293600,0.0134187916499493,1,70.96593053559637,1.4081562533279381,1.228529306537147,58.602803381734304,51.74648517722565,-0.002289468032190989,0.013266350925858377,6.934038597531444
2019-10-23,58.36149979091092,58.63631215135406,58.149362643081595,58.62184524536133,75828800,0.0016449144013954,0,73.85233840718205,1.4819845552452833,1.2792203562787743,59.064825733562664,51.818418208698084,0.013329557059202024,0.013193098435674708,7.113589775777764
2019-10-24,58.94246054918496,59.01237105428501,58.29158955339736,58.7182731628418,69275200,0.0123164033623077,1,74.1955390631352,1.5306307845778875,1.329502441938597,59.43711493670691,52.017208259704226,0.0016435630114459698,0.013009426046938671,5.862911056173637
2019-10-25,58.61703391593217,59.477629173488126,58.54953639292147,59.44147109985352,73477200,0.0100169905132287,1,76.66891053379511,1.608991844875554,1.3854003225259885,59.84354469013309,52.27997139263058,0.012241173543746875,0.012879803604931695,4.390165438805863
2019-10-28,59.64396087130488,60.085107740650955,59.47521707169301,60.036895751953125,96572800,-0.0231277661797529,-1,78.49642002416125,1.6995480114315242,1.4482298603070958,60.393833087022635,52.33427055067268,0.009967153002000906,0.012269023614340057,5.587818233147879
2019-10-29,60.01761997202817,60.20564933333659,58.47481401300021,58.64837646484375,142839600,-0.0001233225274354,0,65.59332100097396,1.6403634351298209,1.486656575271641,60.600768580323624,52.578123936766225,-0.02339940947234087,0.013847705897412571,3.386889101880904
2019-10-30,59.00273928384229,59.1329157183175,58.14696624531369,58.641143798828125,124522000,0.0226095767329863,1,65.53289349061357,1.574723187631463,1.5042698977436055,60.5826234442209,53.18205322203886,-0.00012333013228360556,0.01206331107212596,3.7931599547433255
2019-10-31,59.600581121395784,60.06583222348647,57.194763126057175,59.96699523925781,139162000,0.0283807468555319,1,70.83675385861186,1.6111160067752195,1.5256391195499284,60.75124552912391,53.68696286015831,0.022357768702040204,0.012643555736637096,5.729365708066483
2019-11-01,60.15502027808922,61.695416820540515,60.063418594376806,61.66890335083008,151125200,0.006567123999289,1,75.95224873371554,1.75703335253435,1.5719179661468128,61.401532052674895,53.73118164666593,0.02798547477920632,0.012674398820425254,8.210314782594843
2019-11-04,62.03290662806101,62.15826443597331,61.56283691842651,62.07389068603515,103272000,-0.0014369205873686,0,76.98672432477886,1.8836395692276966,1.6342622867629897,62.01141694495308,53.85509459069145,0.006545654384964017,0.012601983053905958,7.064164486811671
2019-11-05,61.96540622347344,62.24022230651498,61.78943447311597,61.98469543457031,79897600,0.0004277823825293,0,76.20915716412057,1.9542512053323833,1.6982600704768684,62.37062384555498,54.2848891549333,-0.0014379539477795689,0.012019890272864807,7.1553699566680935
2019-11-06,61.89791118472293,62.071477308175155,61.56042354375438,62.01121139526367,75864400,0.0115412484612478,1,76.28583682591714,1.989418276577041,1.756491711696903,62.684039372375764,54.69972756488009,0.0004276909097322701,0.012043810679626458,5.781745927164481
2019-11-07,62.56006431093565,62.94934582951276,62.407737081003965,62.726898193359375,94940400,0.002736768615889,0,78.3171934674069,2.051391216271199,1.8154716126117623,63.127451811627544,54.9823717967709,0.011475156291234079,0.011991580221682537,6.826878269053599
2019-11-08,62.54797257716268,62.97110045600225,62.10308472143455,62.89856719970703,69986400,0.0079186792331762,1,78.78659270049522,2.0902622297428337,1.8704297360379767,63.629706322185264,55.07581011153055,0.002733030483376808,0.011031486193727182,5.815966590137148
2019-11-11,62.4536642890631,63.46192070023006,62.448831198825665,63.39664077758789,81821200,-0.0009152749955788,0,80.13058927494824,2.1366284404733022,1.923669476925042,64.1397044707302,55.21950802316629,0.007887491030832194,0.010942813804099866,5.596133816638023
2019-11-12,63.23948171339895,63.53930306047333,63.08716187317902,63.33861541748047,87388800,0.0095818207814362,1,79.49867719484499,2.1439773980401853,1.9677310611480707,64.52566200843835,55.49470275291419,-0.0009156941154975229,0.010894241042979279,7.997218738779992
2019-11-13,63.13794563949337,64.02046818348111,63.123438985634515,63.94551467895508,102734400,-0.0069194931459787,-1,81.17117299002247,2.173715953766738,2.008928039671804,64.90641421398202,55.85869389453849,0.009536206285163829,0.01068848700541076,9.045476497395596
2019-11-14,63.771424591526475,64.04464552488129,63.37247687078284,63.50304412841797,89182800,0.0118790586283055,1,76.28493753467264,2.136946904178977,2.034531812573239,65.11111121865265,56.33255676535613,-0.006943543848669798,0.011078517286149985,5.896658445286345
2019-11-15,63.75447875507944,64.2622336027396,63.59248538281648,64.25740051269531,100206400,0.0050421818338974,1,78.64512493026653,2.1439631506360044,2.056418080185792,65.38080169951266,56.78962066376859,0.01180905643942598,0.011160710444707705,4.19741072277458
2019-11-18,64.26707005063002,64.66118458335217,63.88746954632591,64.5813980102539,86703200,-0.0030325537020132,0,79.58489911978235,2.1508735355499056,2.0753091712586147,65.72002552821438,57.11071520970066,0.005029512604267872,0.010845647456887125,4.0395523729961305
2019-11-19,64.77482551987433,64.79900572910812,64.1679443270604,64.38555145263672,76167200,-0.0116412294471133,-1,77.368491784564,2.116153188244617,2.0834779746558154,65.90387248712199,57.58086071295125,-0.0030371612103596846,0.010874771840361914,3.8733045330531586
2019-11-20,64.20422632369653,64.33478620304344,62.96143558340939,63.636024475097656,106234400,-0.0044834484907565,0,69.40233251188054,2.0050436052445377,2.06779110077356,65.97256907695052,58.01358204609636,-0.011709519059351692,0.011339817149832907,2.620192451131644
2019-11-21,63.75691667651546,63.8342904112691,63.1500279738626,63.35071563720703,121395200,-0.0008778822918754,0,66.59161598183313,1.872382758501125,2.028709432319073,65.94565785319315,58.503737517290254,-0.0044935292883838684,0.011491904376912294,0.9944975151245357
2019-11-22,63.490948356749755,63.63360202803236,63.06782043423232,63.29510116577149,65325200,0.0175337176330578,1,66.0302537119085,1.7426720203568564,1.97150194992663,65.93546426450371,58.89929411257148,-0.0008782678562040402,0.011358176447649188,0.6304340205484159
2019-11-25,63.5199569508323,64.42182648371684,63.47401676092239,64.40489959716797,84020400,-0.0078088138627399,-1,71.24037527436197,1.7097182169608445,1.919145203333473,66.07712144784009,59.1944373137566,0.017381775508478192,0.011708325619806495,1.590397862115937
2019-11-26,64.54270865519062,64.59590216145331,63.469172349717184,63.901973724365234,105207600,0.013432274410458,1,66.27927657055947,1.6242962988975336,1.8601754224462852,65.8493244729982,59.94759401455061,-0.007839462305964773,0.01025248095986598,0.8894389357448561
2019-11-27,64.2138808016992,64.79417634141542,64.14860087392508,64.76032257080078,65235600,-0.0022028058737563,0,70.10563410345293,1.607332068234271,1.8096067516038825,65.52853568429883,60.880300680447256,0.013342861204469258,0.010388700429721414,1.2742221185278257
2019-11-29,64.4605078528704,64.79900866116844,64.29125375933928,64.61766815185547,46617600,-0.0115622203590809,-1,68.71017912291906,1.5643439900695881,1.7605541992970237,65.30470668613732,61.56919696986855,-0.00220523561944308,0.009649671166356288,1.7552292787468113
2019-12-02,64.62249951699418,64.85945376585823,63.698877488748295,63.87054443359375,94487200,-0.0178298995178961,-1,61.77485703544693,1.4532369770584879,1.6990907548493166,65.23594992549833,61.858117838783905,-0.011629582570119368,0.008393915622587041,-0.602041283984296
2019-12-03,62.45609788763685,62.75107878804116,61.96769003365425,62.73173904418945,114430400,0.0088261000517551,1,52.994398522817924,1.2587813434698703,1.6110288725734274,65.1758651197401,61.983987480357555,-0.017990767214699943,0.009390613832839288,-2.864073902164171
2019-12-04,63.12342226464594,63.66502354195214,63.02912166077709,63.28541564941406,67181600,0.0146712226939149,1,56.25030428296291,1.1362529113773903,1.51607368033422,65.07272173984651,62.21720288173551,0.008787377708745048,0.00955491537947607,-1.7086687593752115
2019-12-05,63.781095971846014,64.28885095304722,63.52480193558771,64.2138900756836,74424400,0.0193161335225933,1,61.11447326578593,1.101372436917572,1.4331334316508906,64.98833847693874,62.521854012685274,0.014564641492650132,0.010018998215910353,0.9080793549761591
2019-12-06,64.67328570010923,65.52437455083492,64.62975836745419,65.45425415039062,106075600,-0.0140001072358559,-1,66.47669067097908,1.160439598933749,1.3785946651074623,65.23775189039644,62.54517619493071,0.019131945108362025,0.01054294837956176,3.3204652733996065
2019-12-09,65.28258942071827,65.47601636379221,64.05189260190541,64.53788757324219,128042400,0.005844704702977,1,59.904357222460725,1.1203924393854763,1.3269542199630653,65.2664966118739,62.68036351080676,-0.014099033137981998,0.011146649212111963,1.9634796130838097
2019-12-10,64.94410577952965,65.29953360009564,64.28160319758865,64.91509246826172,90420400,0.0085291843464299,1,61.58785118550205,1.106338873651083,1.2828311507006689,65.3759168512147,62.72278844053335,0.0058276906788865546,0.011091829578318248,0.7921646866695594
2019-12-11,64.99486406704634,65.54855922511847,64.91991057065518,65.46876525878906,78756800,0.0025483846984113,0,63.978608088381165,1.126888024828304,1.251642525526196,65.57582991191437,62.73589036396454,0.008493016363704697,0.01119713753944314,2.4518672008192213
2019-12-12,64.74582900651438,65.90157247139796,64.63460886972032,65.63560485839844,137310400,0.0135931809754514,1,64.69174628005487,1.1434549002228493,1.2300050004655267,65.79498034089453,62.6857489529287,0.002545143072231859,0.01104622272420007,1.3515718465434339
2019-12-13,65.63560541898762,66.56406814785298,65.50745839237051,66.52780151367188,133587600,0.0171177940378433,1,68.30538567115993,1.2145762035854304,1.2269192410895076,66.19800323530224,62.585201797046395,0.01350162247202391,0.011187886593170009,2.9560543059639293
2019-12-16,66.9751023722713,67.89147858269702,66.97026928116301,67.66661071777344,128186000,0.0019653411728997,0,72.21436962920244,1.3473018768766352,1.250995768246933,66.86171302684185,62.26241302601459,0.01697293537185285,0.011474163553622765,5.943375491540487
2019-12-17,67.59649818434546,68.12842598196593,67.41031718322796,67.79959869384766,114158400,-0.002389432483341,0,72.63875495985114,1.4465440876391682,1.2901054321253802,67.4213197098074,62.02462641140841,0.0019634124166323375,0.011460255345043113,8.078621327695545
2019-12-18,67.65210278218578,68.15985773199434,67.48768914244279,67.6375961303711,116028400,0.0010008578297977,0,71.21187730148662,1.4948898421457102,1.3310623141294462,67.86073101358568,61.91041957540357,-0.0023922917327006132,0.011444956430302172,6.877067071925484
2019-12-19,67.57956498118126,67.98576596222193,67.4465848888958,67.70529174804688,98369200,-0.0020711567421674,0,71.46412826994687,1.5211320085720246,1.3690762530179619,68.24559483807752,61.93248247820665,0.0010003573055410442,0.010959102874522538,5.437144001474222
2019-12-20,68.23965230704795,68.34119887066039,67.35228940968788,67.5650634765625,275978000,0.0163182958050056,1,70.09400364159676,1.5131709719093038,1.3978951967962303,68.52590329337725,62.073608806842465,-0.002073304553440458,0.01088395493135341,3.2248619338354767
2019-12-23,67.82860773498058,68.72805700839405,67.78992087196913,68.66761016845703,98572000,0.0009508465233938,0,74.27080866234745,1.5776420214909734,1.433844561735179,68.97193075607039,62.16483224441789,0.016186583365975338,0.011209762668860498,6.398911942272887
2019-12-24,68.83445648296811,68.88281691516765,68.40649543518947,68.73290252685547,48478800,0.0198403611338446,1,74.49795771836654,1.615383208340404,1.470152291056224,69.40816847137991,62.16139482207713,0.0009503947551907643,0.010776827872176889,5.8812364173406255
2019-12-26,68.86589111707863,70.11351502418024,68.83687780880562,70.09658813476562,93121200,-0.0003795291531069,0,78.72300583076598,1.7353276259236452,1.5231873580297082,70.06371146878963,62.12531326570745,0.019646106355106774,0.01103734899679332,7.06874928476719
2019-12-27,70.38914556978074,71.07824112439688,69.66378338150392,70.06998443603516,146266000,0.0059345313528769,1,78.44994350814692,1.807403126685017,1.58003051176077,70.63521236352167,62.08477855749882,-0.0003796011925238929,0.010892539152258669,6.756058068183271
2019-12-30,69.9877358073912,70.76871128669569,68.96256022144011,70.4858169555664,144114400,0.0073072916942904,1,79.63878748160032,1.8764471744044187,1.6393138442894999,71.20647522339021,62.10033057800137,0.005916991381816672,0.010802401473800858,5.949415660580839
2019-12-31,70.10142784515646,71.00813070812417,70.00229411335332,71.0008773803711,100805600,0.022816013406937,1,81.03440776270419,1.9502449416971643,1.701500063771033,71.7484106282276,62.27142846784174,0.0072807227909779115,0.010137611503342081,4.927491752918359
2020-01-02,71.62708447362316,72.68128119000231,71.37321069958021,72.62083435058594,135480400,-0.0097217456677787,-1,84.60789097721502,2.115066028320328,1.7842132566808921,72.41469639615916,62.59405223054982,0.022559620752437226,0.009252434996913668,7.111009135185006
2020-01-03,71.84713288403621,72.67646199266805,71.6899725313061,71.91483306884766,146322800,0.0079679432074255,1,77.73370322766459,2.1637768511676683,1.8601259755782475,72.80381204453221,63.06787832412013,-0.009769310362822914,0.009997863547848283,6.323756583885997
2020-01-06,71.03470938256737,72.52653323692198,70.78324846628296,72.48784637451172,118387200,-0.0047029157698871,0,79.21011185151191,2.2229926387372956,1.9326993082100572,73.28776847251753,63.41131752601763,0.007936366769885517,0.009820966676114476,7.063782612830715
2020-01-07,72.49752942348555,72.75382346407903,71.92691473047077,72.14694213867188,108872000,0.0160862793667471,1,75.98219178683208,2.2168588849571904,1.989531223559484,73.69872210789234,63.669632689470944,-0.0047140092731297045,0.009595357664236063,6.781431743490884
2020-01-08,71.84954036585081,73.60975223726805,71.84954036585081,73.3075180053711,132079200,0.0212406371275288,1,79.10415576930183,2.2793714389122357,2.0474992666300342,74.14394424093015,64.10137359964602,0.01595826618729923,0.008788270526942109,6.7570544912387795
2020-01-09,74.28674110091968,75.05804331745496,74.03528757623693,74.86461639404297,170108400,0.0022608560068604,0,82.40811126347576,2.4265857450797625,2.12331656231998,74.8428420817664,64.39742815138789,0.021018199098669754,0.009375674193004209,8.921075120887997
2020-01-10,75.09916182683553,75.59966347515947,74.53096000715122,75.03387451171875,140644800,0.0213643536651333,1,82.72780919636216,2.5277732622041924,2.2042079022968224,75.46278200812797,64.73399915031929,0.0022583041174977225,0.009431455911752921,7.043547351350175
2020-01-13,75.35062150930146,76.66352519200935,75.23214067732687,76.63692474365234,121532000,-0.0135031963806706,-1,85.42870493235584,2.7061233495390695,2.304590991745272,76.31710716566478,64.97980598130788,0.021139335136536097,0.009893216398358476,9.371973406975645
2020-01-14,76.5740713542954,76.78442520845898,75.47877474428456,75.60208129882812,161954400,-0.0042855632013349,0,77.0522905993569,2.732465697584246,2.390165932913067,76.83121009477044,65.37313103071783,-0.013595193647038428,0.010870909163143759,7.258572808323926
2020-01-15,75.40139772921896,76.28392021153914,74.84528231468065,75.27808380126953,121923600,0.0125261874383604,1,74.58644476182491,2.6961191249074545,2.4513565713119445,77.25938551788055,65.70610291595735,-0.004294772548221637,0.010821622110123578,6.024159952255624
2020-01-16,75.82208359303314,76.3322586671137,75.45940261877463,76.22103118896484,108829200,0.0110709805360984,1,76.90311523895576,2.7121383353624964,2.503512924122055,77.77216654390321,66.03546513944639,0.01244838380073876,0.010903614441282461,4.957526129483059
2020-01-17,76.47007064045414,77.06728559726437,76.16300341004458,77.06487274169922,137816400,-0.0067767232446299,-1,78.76837848068844,2.7610964351068077,2.5550296263190058,78.31116990650827,66.43918943797416,0.01101014581924975,0.01078129241415349,7.161303799344389
2020-01-21,76.69253240808335,77.1350000250309,76.40480486276103,76.5426254272461,110843200,0.0035693656526551,0,74.74519363175072,2.726327679792192,2.5892892370136433,78.61074513806865,67.0233475743337,-0.006799789501754638,0.011127165613014712,5.593736406217915
2020-01-22,77.0286006875468,77.36952169211204,76.72153344938081,76.81583404541016,101832400,0.0048162544116967,0,75.45158344652292,2.689812360356015,2.609393861682118,78.79253090078664,67.76663886850046,0.003563010584958448,0.01097874087944271,6.4713649232206105
2020-01-23,76.86905772372998,77.26558524479366,76.32019557283769,77.18579864501953,104472000,-0.0028823066993762,0,76.41366376392541,2.6600632050930386,2.619527730364302,79.04071852676715,68.37027009017622,0.004804693364187429,0.01073797156644501,5.290426882771128
2020-01-24,77.43239351756245,78.17709525774193,76.77231144105775,76.96332550048828,146537600,-0.0294049101399055,-1,74.52229516601086,2.588694206333571,2.613361025558156,79.11347198613993,69.1205589281667,-0.002886468544397225,0.01086359557702654,2.8033391574451563
2020-01-27,74.96860632256451,75.38206074177405,73.71614926676186,74.70022583007812,161940000,0.0282892395835077,1,58.62570433245294,2.3227453679983228,2.5552378940461895,78.99347571742044,69.70091896641745,-0.02984590089452155,0.012946105675693476,-0.4446640718100142
2020-01-28,75.58274145549967,76.98510540061056,75.48360773770071,76.81343841552734,162234000,0.0209321707561045,1,65.93326565273729,2.256486223777216,2.495487559992395,79.00764657439174,70.36109350739537,0.027896488920816864,0.014035037285334383,0.2303245758691801
2020-01-29,78.44791087101221,79.26998640843951,77.70562191467835,78.42131042480469,216229200,-0.0014491910466922,0,70.24017037999089,2.3071221403124156,2.457814476056399,79.24388113450168,70.91840829420927,0.020716102848459705,0.014491153100870777,3.7290363936320126
2020-01-30,77.50251438540494,78.36085647268922,77.06971298993307,78.30766296386719,126743200,-0.0443387150862699,-1,69.5706653202788,2.311436270169054,2.42853883487893,79.38943353004605,71.50353445701451,-0.0014502421396489495,0.014560771438904784,4.024516844232642
2020-01-31,77.59680909150437,78.01993693561123,74.54062095731271,74.83560180664062,199588400,-0.0027461929285914,0,52.96170122045281,2.0115015927546835,2.345131386454081,79.29561444408293,71.81883028858309,-0.0453517331949449,0.01778640003688801,-1.8176471253577045
2020-02-03,73.57589206005755,75.79791852993898,73.07297758859362,74.63008880615234,173788400,0.0330139855028386,1,52.16781969955292,1.7371927418326152,2.2235436575297878,79.07238814168437,72.3135821647121,-0.0027499706341824748,0.017620765922822423,-3.15939525872912
2020-02-04,76.2379958862273,77.28493961664756,75.83179476448423,77.09392547607422,136616400,0.0081539022578751,1,59.92381349774638,1.699026707037504,2.1186402674313314,79.01297335609429,72.83360486045844,0.032480728770769574,0.0188766948911673,0.7202523375058996
2020-02-05,78.22303598481203,78.52285729785567,77.11807347141229,77.72254180908203,118826800,0.0116972697928556,1,61.6331661366323,1.6999084475714454,2.0348939034593543,78.85359288080393,73.55054530278981,0.008120838806032538,0.01881584192516298,1.1803657083718821
2020-02-06,77.99336840947814,78.63410358497025,77.43484006982592,78.63168334960938,105425600,-0.0135928002878208,-1,64.02317048160779,1.7537512053814623,1.9786653638437761,78.96868351151875,73.96787120649884,0.011629385592930142,0.018692168358084543,1.8732522432520564
2020-02-07,78.12998293153962,78.37961468469555,77.07086561575886,77.56285858154297,117684000,0.0047495066798513,0,59.342897673496026,1.6906875588583006,1.921069802846681,79.03310751863144,74.17327141813614,-0.01368602818035658,0.018591432954799827,0.7789854156586358
2020-02-10,76.14504296724274,77.93124389648438,76.06506702253098,77.93124389648438,109348800,-0.0060331266880243,-1,60.416945882149484,1.651398487032239,1.8671355396837928,79.13149034982898,74.36462552541515,0.004738263359096884,0.018603125131570912,4.325312313989387
2020-02-11,78.42810123691775,78.50080665271824,77.24295118542182,77.46107482910156,94323200,0.0237476137543093,1,58.300081943137435,1.5642907303740827,1.806566577821851,79.19200686162151,74.38652402216755,-0.006051399528820056,0.01810967822635695,0.8431290499857421
2020-02-12,77.91185812540034,79.30543507665523,77.91185812540034,79.30059051513672,113730400,-0.0071210679687403,-1,63.66425060149351,1.624959229537879,1.7702451081650565,79.5463196150083,74.40206219041163,0.023470025295304175,0.018480320638396934,1.121225959588039
2020-02-13,78.5710817713545,79.06307473499535,78.36749924118695,78.73588562011719,94747600,0.000246122361573,0,61.067214001969674,1.6089257916214876,1.7379812448563428,79.7047439843534,74.58941800295128,-0.007146543788655535,0.018545484222521717,0.546846426061254
2020-02-14,78.70436311176876,79.0048959887249,78.24630435157947,78.75526428222656,80113600,-0.018310291680108,-1,61.12581845523443,1.5795745208111498,1.7062999000473043,79.8859093474829,74.66167594914798,0.000246092078433513,0.01839224479394733,5.237697540955863
2020-02-18,76.43103399386973,77.49500334449696,76.24926307124777,77.313232421875,152531200,0.0144827109812899,1,54.54600159545975,1.4235437810791467,1.6497486762536728,79.89659727388398,74.67582399076444,-0.018479999867296648,0.018779156745134088,3.5952571659025865
2020-02-19,77.55559118024817,78.6631837418977,77.55559118024817,78.43293762207031,93984000,-0.0102590745345348,-1,58.299560800380334,1.3743959664206074,1.5946781342870597,80.01336719419977,74.7480852899311,0.01437883822751651,0.01896222093717689,1.7368581736205022
2020-02-20,78.19299399872004,78.68256095291854,77.12175425598554,77.62828826904297,100566000,-0.0226349264537865,-1,54.79753110404214,1.2560386593506792,1.5269502392997838,80.04291991678623,74.79977798970792,-0.010312061549708318,0.019125098141335763,-0.1212692455048463
2020-02-21,77.22113145649439,77.66465663516524,75.2531595150605,75.87117767333984,129554000,-0.0475004140443439,-1,48.01477016619661,1.0088263779793891,1.423325467035705,80.06206602789555,74.64916978143063,-0.022895028827720765,0.01979034176336277,-3.510678595033849
2020-02-24,72.04429714392029,73.7214326099496,70.09813688315359,72.26726531982422,222195200,-0.0338723308117477,-1,37.70583352416341,0.5161533614909075,1.2418910459267456,80.62107479612257,73.62055499513718,-0.04866560667359998,0.022499211450596433,-6.827485936650227
2020-02-25,72.93859916229857,73.32152656752166,69.34680474475954,69.81940460205078,230673600,0.0158639652712069,1,32.587921221556975,-0.0709970461386007,0.9793134275136763,81.51399966252075,72.23954800593629,-0.034459290781584606,0.022808852955045797,-10.408969354073834
2020-02-26,69.44376756876824,72.19456919203475,69.43649702723432,70.92701721191406,198054800,-0.0653682561243713,-1,36.77001028093624,-0.4418495271567906,0.695080836579583,81.8962538932675,71.2686516548282,0.01573944774229652,0.022081918792126228,-8.4352787920943
2020-02-27,68.12774407264509,69.31531263503878,66.154920085896,66.29064178466797,320605600,-0.0005850028202821,0,28.73419450234643,-1.097221453465238,0.33662037857061883,82.85145178064728,69.10038690343474,-0.06760268409292713,0.02545524198980896,-16.405866142932997
2020-02-28,62.34985172812334,67.4757902084099,62.134146685522694,66.25186157226562,426510000,0.0931005264537359,1,28.677740151575723,-1.6012791169074916,-0.05095952052500325,83.35082173838057,67.39543680654131,-0.0005851740011957318,0.02546840826090322,-15.855570747097646
2020-03-02,68.41371468951469,73.0573558601896,67.30854828272852,72.4199447631836,341397200,-0.0317593542590163,-1,46.63622390000537,-1.4859070702786852,-0.33794903047573965,83.33143644857344,67.17325639200274,0.0890181779328838,0.03206512364803578,-8.044312436486509
2020-03-03,73.59781828147297,73.67779421161765,69.26681804701707,70.11993408203125,319475600,0.0463847385852747,1,42.35369601443317,-1.5620590872821793,-0.5827710418370277,83.40891307548975,66.64476429267432,-0.032274621629571065,0.03279032133601056,-9.304097260598406
2020-03-04,71.84555625982283,73.53238817702517,71.04334126232827,73.37242889404297,219178400,-0.0324369030861891,-1,49.42620928316702,-1.3444628297052645,-0.7351093994106751,83.19621240814278,66.48531530181815,0.04534111692911402,0.033640213480221004,-6.45201988023379
2020-03-05,71.6225878078589,72.5993032659202,70.62648670581913,70.9924545288086,187572800,-0.0132804262770088,-1,45.06888879799627,-1.3485154225089389,-0.8577906040303279,82.91030183413714,66.09821714779646,-0.032974639756317536,0.03420928405369125,-8.548215976675927
2020-03-06,68.34584584309786,70.48347300946683,68.15923041604361,70.04964447021484,226176800,-0.079092009222411,-1,43.435304022933195,-1.4115327529123647,-0.9685390338067353,82.4707889953601,65.67952609863406,-0.013369399753204725,0.03404413555143051,-7.6729179401819305
2020-03-09,63.922760044618926,67.39821841408887,63.74098916297546,64.50927734375,286744800,0.0720212977330356,1,35.330938498668296,-1.8867860702636676,-1.1521884410981218,82.62308002504633,64.2218769451685,-0.08239514915315294,0.038108288470169754,-10.735134284853121
2020-03-10,67.16796252164067,69.42191791787693,65.28481193680196,69.15531921386719,285290000,-0.0347303263364534,-1,44.656445683010666,-1.8670092771789655,-1.2951526083142906,82.11915359615836,63.848210905794765,0.06954592973953755,0.04192163629537914,-0.9511473092167959
2020-03-11,67.228565607775,68.15680559462812,65.88830129483978,66.75353240966797,255598800,-0.0987545143910196,-1,41.33781136295724,-2.021833708263202,-1.4404888283040729,81.72536644279678,63.17124381721298,-0.03534776210968449,0.04243321054838665,-5.8841961304768455
2020-03-12,62.02992621470894,65.43752410022596,60.1055776920594,60.161319732666016,418474000,0.119808097544539,1,33.89281729359947,-2.6459685762722387,-1.6815847778977062,81.65027799049913,61.33240519126356,-0.10397759942855433,0.04688356627908352,-9.24613472880809
2020-03-13,64.19905222754427,67.84174022351363,61.30525564200672,67.36913299560547,370732000,-0.1286469275295585,-1,45.45915215890424,-2.5298273883380205,-1.8512332999857692,80.66024151563113,61.18576640368038,0.1131573291482848,0.05482803205149259,1.6864000449574632
2020-03-16,58.6392847539395,62.79092911047991,58.166681208746034,58.702301025390625,322423600,0.0439701682871886,1,37.062228965392656,-3.1013748496792033,-2.1012616099244563,80.3315438921807,59.509167701447225,-0.13770801977802272,0.06197501569704519,-18.941803646288694
2020-03-17,59.98681722549025,62.434663042742706,57.77890662120889,61.283451080322266,324056000,-0.0244799764259009,-1,40.5823062582477,-3.3079214335311065,-2.3425935746457864,79.59796966444422,58.63976379502843,0.043030914614631044,0.06328952531828688,-12.601955659814857
2020-03-18,58.110942929042054,60.59029684026707,57.46868356365228,59.783233642578125,300233600,-0.0076620986361759,-1,39.20965716918317,-3.5517240349042964,-2.584419666697489,78.50209330654829,57.870669754975154,-0.024784592656955873,0.06304825620790921,-18.520846939780313
2020-03-19,59.95773142950838,61.278599104517625,58.79924529931094,59.32516860961914,271857200,-0.0634854486029438,-1,38.77836663216874,-3.73880278180134,-2.815296289718259,77.31802433468356,57.224426760897494,-0.0076916033224350144,0.06305811803797065,-16.434543637950835
2020-03-20,59.906840554892725,61.03382237097015,55.258354443077174,55.55888366699219,401693200,-0.0212442260004994,-1,35.3366654144399,-4.14321139337693,-3.0808793104499936,76.71774390629561,55.79347778865069,-0.06559021915458008,0.06410882321981115,-20.686415916620586
2020-03-23,55.27773981437753,55.37953106884565,51.52841196651316,54.37857818603515,336752800,0.1003253731422859,1,34.30898643229905,-4.506995085902801,-3.366102465540555,76.64128996255275,54.08106301901463,-0.02147313233360526,0.06365696115372536,-15.704251504371202
2020-03-24,57.28448868306697,60.030441297697976,56.78522524370463,59.834129333496094,287531200,-0.0055086470917283,-1,42.61611194053359,-4.305448370723589,-3.5539716465771622,76.19233166009873,53.53149379461318,0.09560592983168847,0.06797764179451697,-13.478630402304596
2020-03-25,60.772072300693104,62.58978134258821,59.20884326429101,59.50452423095703,303602000,0.0526229851435569,1,42.268335678796696,-4.124769745976913,-3.6681312664571126,75.49154178290337,53.09003437371285,-0.005523875639665832,0.06775740135797687,-10.859362668965003
2020-03-26,59.74688482814629,62.69399424747682,59.70810614809417,62.63582992553711,252087200,-0.0414022089566455,-1,46.717012927797136,-3.686415728206292,-3.6717881588069488,75.29157114213633,52.92452382856679,0.051285130240603216,0.06753994078449642,4.113124851427585
2020-03-27,61.25679655191656,62.012962352654554,59.875338378207296,60.04256820678711,204216800,0.0285377850123753,1,43.71279805159909,-3.5078354157426332,-3.6389976101940857,75.07020827550197,52.52495735865331,-0.042283696616287614,0.06810803379340659,-10.875254679760056
2020-03-30,60.76964205543981,61.92812817045758,60.444875271933526,61.75605010986328,167976400,-0.0020407094258821,0,46.17572738763211,-3.191258718088477,-3.5494498317729644,73.8426414509717,52.686134717851544,0.028138167415998616,0.06497710685680112,5.202094349166674
2020-03-31,61.94752021431129,63.6173849288287,61.075018471181984,61.63002395629883,197002000,-0.0526168670707574,-1,46.01624259132987,-2.916914289520264,-3.4229427233224246,72.95489062969509,52.72489452655492,-0.002042794510546564,0.06473299398024476,0.5655244113493552
2020-04-01,59.742043574986454,60.28008580485976,57.95584248192985,58.387245178222656,176218400,0.0166866089119035,1,41.99682334090188,-2.927414092288906,-3.323836997115721,71.13751007976836,53.04375670489961,-0.0540516921877634,0.06436161340474568,-2.33508356657582
2020-04-02,58.24909322048442,59.41485006682693,57.41537005354861,59.36153030395508,165934000,-0.0143715143025932,-1,43.59106262450167,-2.824558838362158,-3.2239813653650087,69.6413876329096,53.37678672927302,0.01654891708201678,0.06444140891362496,0.06129218877608334
2020-04-03,58.845297125214294,59.548143090432646,57.91705333235699,58.50841522216797,129880000,0.087237532787008,1,42.489795687546575,-2.7798402973557046,-3.135153151763148,68.14416088050743,53.719890556870496,-0.014475784735989095,0.0644458804054749,5.308838767990064
2020-04-06,60.80842412991893,63.76765233671357,60.440037765372786,63.612545013427734,201820400,-0.0115822192686136,-1,50.54065565231476,-2.305958262821605,-2.9693141739748397,68.02052935788117,53.753848846464535,0.08364010568993407,0.06518381799167323,16.98089051869315
2020-04-07,65.63141650239487,65.84954752102261,62.77155701763157,62.875770568847656,202887200,0.0255946516870675,1,49.464224896477006,-1.9671784676651285,-2.7688870327128976,66.70580590344137,54.44061743640237,-0.0116498156209639,0.06307283016821846,5.083455327641583
2020-04-08,63.677986981114906,64.8001206555024,63.31202655456122,64.48505401611328,168895200,0.0072162405342524,1,51.875221739497576,-1.5509588264624838,-2.525301391462815,66.20247712978058,54.7170983707077,0.02527259235696988,0.06298204608216464,8.370001860405004
2020-04-09,65.1224755019142,65.454509254812,64.15303043241806,64.95039367675781,161834800,0.0196271004788106,1,52.57972656527942,-1.1700649599820707,-2.254254105166666,66.76260855684967,54.635874338047785,0.007190328056299045,0.05820780277434429,3.6952711474763067
2020-04-13,65.02791695493936,66.33424705122269,64.42685866440337,66.22518157958984,131022800,0.0505035156176647,1,54.542946956338405,-0.7566172836249834,-1.9547267408583295,66.46965459382099,54.8144331594749,0.019436972686809106,0.05242874901290669,10.297050171987584
2020-04-14,67.8611424089209,69.86062249775517,67.38853506577631,69.56978607177734,194994800,-0.0091275562580473,-1,59.3034624409393,-0.15726256592142818,-1.5952339058709493,68.11134189647392,54.25949436146065,0.049269587910991675,0.04246539398146498,12.652583751735285
2020-04-15,68.44279106966171,69.39526866678374,68.01381447307317,68.93478393554688,131154400,0.0079459504926169,1,58.06024618881946,0.26345406603786614,-1.2234963114891864,69.27457955007422,53.861389993382815,-0.009169467626855443,0.04183029031396809,11.852599610261018
2020-04-16,69.64976614355342,69.8485041120879,68.43068954557212,69.48253631591797,157125200,-0.0135685827116193,-1,58.86138915041999,0.6337683799268774,-0.8520433732059737,70.43995153080729,53.66594827998372,0.007914547668505634,0.04120288956921263,19.002936521200432
2020-04-17,68.99782307580948,69.5455618535008,67.1001303953059,68.53975677490234,215250000,-0.0207570581333207,-1,56.84852750717531,0.8414707606999201,-0.513340546424795,71.25554893217037,53.77180969514896,-0.01366147718465438,0.041340266127871506,15.46157321745418
2020-04-20,67.36428617146147,68.2682885484201,67.09768742099124,67.11707305908203,130015200,-0.030910171215308,-1,53.855593588142845,0.8811206969586465,-0.2344482977481067,71.43717308303032,54.74600448349799,-0.020975514155122,0.03829632225289461,14.713537880363525
2020-04-21,66.95955078291355,67.19464143835056,64.32993033303205,65.04247283935547,180991600,0.028803271037191,1,49.74295775078226,0.7366490261067185,-0.04022883297714166,70.97933787355846,56.270229158301895,-0.03139796882380619,0.038779365141170107,2.2478708022543294
2020-04-22,66.31242457625098,67.35215588467187,65.97070189503694,66.91590881347656,116862400,-0.0038752442479034,0,53.21723478956112,0.7645119938750469,0.12071933239329606,71.25076654250911,56.70697843734929,0.02839625396466161,0.03341640426270101,6.425588439039549
2020-04-23,66.86017582115733,68.28526070625729,66.61781464739953,66.6565933227539,124814400,0.0288696805116466,1,52.67443249523424,0.7569434309706367,0.2479641521087642,71.39331670311658,57.279635185921485,-0.003882772462300288,0.03338967378761879,3.367507928423242
2020-04-24,67.18252643877639,68.5906443947667,67.13405124110245,68.58094787597656,126161200,0.0007068606421019,0,56.24136165152286,0.895897274183298,0.377550776523671,71.87736533889654,57.39009834518549,0.028460802098443594,0.0321144343606403,5.58973393954643
2020-04-27,68.29738398813116,68.96145871324816,67.84902167998845,68.62942504882812,117087600,-0.01620940312133,-1,56.330653583782095,0.9984217147149081,0.5017249641619185,72.184187045841,57.941962322445114,0.0007066109337845461,0.030197382686573158,3.630406760529371
2020-04-28,69.09233090667134,69.27410181526112,67.42489198474726,67.51698303222656,112004800,0.0328451523042998,1,53.62637371674235,0.9786272925567516,0.5971054298408851,72.3793080605458,58.32293459997667,-0.01634221262686264,0.0301720516347594,-2.950710582080617
2020-04-29,69.00750504510519,70.20476992848462,68.80392253083471,69.73458862304688,137280800,0.0210958078617526,1,57.95918323833035,1.1288694044634298,0.7034582247653941,72.81412633815413,58.69857278904313,0.03231727793733796,0.03075493634587848,1.1602338352838053
2020-04-30,70.27503026645908,71.3826223912063,69.88483240246467,71.20569610595703,183064000,-0.016098877615122,-1,60.58976806138848,1.3510691556827226,0.8329804109488598,72.97354931040933,59.82099490956137,0.020876372058982184,0.027414236494614892,2.479989766355576
2020-05-01,69.37590385770176,72.46600961904917,69.2789608424837,70.05936431884766,240616800,0.0141488111333107,1,57.56699634829391,1.4183152095958604,0.95004737067826,72.83850249114201,61.02582513031793,-0.016229872360099762,0.0279714748733568,2.21711837836833
2020-05-04,70.08360206516988,71.17907219230422,69.39287106137577,71.05062103271484,133568000,0.0150086757430434,1,59.45085473747131,1.5339123377326445,1.066820364089137,72.30397612172115,62.81457208079351,0.014049650943030123,0.02747263459114289,5.860726331391382
2020-05-05,71.51109377618626,72.95071986963468,71.36567557958281,72.11699676513672,147751200,0.010317461408964,1,61.43444887307013,1.6920664157796352,1.1918695744272367,72.76238046146068,63.206612916224856,0.01489715998731267,0.021355740129160788,10.876775769663917
2020-05-06,72.81985643084153,73.49362038525668,72.43450294504117,72.8610610961914,142333600,0.0103445585858497,1,62.80179362177753,1.8560490570028207,1.3247054709423536,73.10625758032161,63.861264850098316,0.01026459969224014,0.02094596657777656,8.88451249954109
2020-05-07,73.48875147037694,73.9613586924263,73.18580001939033,73.61477661132812,115215200,0.0238018347498081,1,64.18695810865033,2.0234993833053636,1.4644642534149557,73.69434938899889,64.18614530094251,0.010291419790425138,0.020535895562422513,10.438852245092118
2020-05-08,74.27579824490549,75.42040745275091,73.94772346356687,75.366943359375,133838400,0.0157352900684477,1,67.24092060711345,2.2714068224657353,1.6258527672251117,74.61792842850595,64.30422122969718,0.02352298713761858,0.020881577060590403,9.894869775889354
2020-05-11,74.87361403597093,77.04861391058948,74.66461535055964,76.55286407470703,145946400,-0.0114281164013686,-1,69.15795772410628,2.5343546814644213,1.8075531500729738,75.76460183310795,64.1903160746069,0.015612773938303626,0.020783191027323622,11.54525048146852
2020-05-12,77.23817575538389,77.6901917346119,75.55650039805452,75.67800903320312,162301200,-0.0120740764338659,-1,66.08560664625047,2.6416974203153387,1.9743820041214468,76.57444650479181,63.99129369906561,-0.011493919138207964,0.018648375978539352,12.087367702850733
2020-05-13,75.85784476081635,76.78131490249868,73.68526961866718,74.76426696777344,200622400,0.0061433734081588,1,62.940529680178024,2.6228019378957015,2.1040659908762978,77.12394128085981,64.02474722622026,-0.012147560192758533,0.018772292074672767,7.2126020157868735
2020-05-14,74.0011951417901,75.28432609802991,73.27700096934342,75.22357177734375,158929200,-0.0059121450299116,-1,63.8712921928222,2.614748004137823,2.206202393528603,77.69164351390417,64.0311485393185,0.006124579821148224,0.018757203623126308,5.64263238913914
2020-05-15,72.9902356348415,74.82501298410193,72.95620965856679,74.77883911132812,166348400,0.0235610950748728,1,62.24124321244599,2.543162994313306,2.2735945136855435,78.11988090022386,64.22681938664137,-0.005929690949533217,0.018451893772017912,6.73639396869437
2020-05-18,76.10571491448931,76.9149590881701,75.41311427356375,76.54071044921875,135178400,-0.0057785099872971,-1,65.94879542436709,2.5986440991051722,2.3386044307694696,78.70408403214427,64.58497999373463,0.023287816643382087,0.017899921954993236,7.727011160079835
2020-05-19,76.5577178990512,77.40584566107081,76.06682576285114,76.09841918945312,101729600,0.0194484424683578,1,64.24343112553319,2.57721552972599,2.3863266505607736,78.82038907234744,65.57426958854123,-0.005795270173256206,0.01583855294691599,5.520782343838716
2020-05-20,76.95871635566236,77.6488845938643,76.91983269792289,77.57841491699219,111504800,-0.0074556777013554,-1,67.29139046869135,2.6491191242357104,2.438885145295761,79.28335978244492,66.17754948879532,0.019261738364050984,0.015338686578135155,6.4744511675075875
2020-05-21,77.43987587720596,77.98180700129258,76.76185568975818,77.00001525878906,102688800,0.0064387122932112,1,64.96084673047318,2.6291243138754368,2.4769329790116963,79.42323691053295,67.07201455431081,-0.007483610190042178,0.015498302612835264,4.598585777600531
2020-05-22,76.73757594071667,77.57842120189112,76.63551282014404,77.49579620361328,81803200,-0.0067738915635879,-1,66.04634896752223,2.623046810600499,2.506155745329457,79.742933607864,67.64380268974342,0.006418072334343883,0.01466933897878916,2.824650635076433
2020-05-26,78.61607202130844,78.79590239398446,76.91495145206838,76.9708480834961,125522000,0.0043573403690437,0,63.79283496920872,2.5465167593005305,2.514227948123672,79.84813220461679,68.37274639645743,-0.006796938504328942,0.014908818649577594,0.5460070159898353
2020-05-27,76.82749926533644,77.45204814265487,76.0862919880059,77.30623626708984,112945200,0.0004398637557299,0,64.62334385166676,2.4842917963259623,2.50824071776413,79.63087757446762,69.56892635009292,0.004347874648447991,0.013985500557204152,2.15151964842567
2020-05-28,76.9805722755511,78.6015006101808,76.70353646464031,77.34024047851562,133560800,-0.0009739433410211,0,64.71172300721557,2.40994161375221,2.4885808969617464,79.61698220730096,70.34338690280646,0.0004397670440265955,0.012675869073119024,3.445460799946773
2020-05-29,77.5832675133885,78.04499886732665,76.90767976403508,77.2649154663086,153532400,0.0122978884628992,1,64.3283454947424,2.3182174912320335,2.454508215815804,79.67943913612906,70.8868519100135,-0.0009744179320119173,0.012183518003193266,2.713702155764514
2020-06-01,77.2187384764973,78.33661941527829,77.0875070725464,78.2151107788086,80791200,0.0046295235056519,0,66.9854430593633,2.2957344857961886,2.422753469811881,79.55408461208509,71.82778108005357,0.012222883739626766,0.011317128821058455,4.595246072708708
2020-06-02,77.94779558300193,78.60151268485856,77.50550233633703,78.57720947265625,87642800,0.0055047580061968,1,67.964733133196,2.280842745026092,2.3943713248547236,79.49028228551191,72.64424225062089,0.004618840221361609,0.01113745856751033,2.6606743149955783
2020-06-03,78.89797215009735,79.27222074837745,78.32444764995279,79.00975799560547,104491200,-0.0086119432400663,-1,69.14223839662499,2.2776882121220865,2.3710347023081964,79.55080159892273,73.27299906025695,0.005489662199678946,0.010895015525275204,3.8257546440016474
2020-06-04,78.83237798726375,79.13128449132041,77.95508176147044,78.32933044433594,87560400,0.0284806865481317,1,65.08924860970909,2.1949810302627384,2.335823967899105,79.4723009298485,73.89832666414563,-0.00864924031114267,0.011191009456348894,0.9679438902524872
2020-06-05,78.57961481242606,80.62095785356755,78.5504539343992,80.5602035522461,137250400,0.0059126711175774,1,71.07573577436618,2.283129314847102,2.3252850372887046,79.93124382110628,74.13392646697966,0.0280826516634205,0.012392016937958472,4.623620244089054
2020-06-08,80.25644625054122,81.07055551560038,79.54440749293843,81.03652954101562,95654400,0.0315779513859468,1,72.17295654015861,2.364170308256959,2.3330620914823554,80.59207142614062,74.04005748010937,0.0058952598752943786,0.011567867805141943,4.568936007960204
2020-06-09,80.71574880080514,83.98918386938145,80.68415537333125,83.59549713134766,147712400,0.0257275945879125,1,77.1810511461133,2.604856019037527,2.38742087699339,81.91154323671175,73.42484897520232,0.03108962157635009,0.012857660870960711,8.606698786357798
2020-06-10,84.54570234634012,86.21522971767824,84.1058417038533,85.74620819091797,166651600,-0.0480103661141316,-1,80.37746204036088,2.9353091701955663,2.4969985356338253,83.58002500668857,72.76318712099697,0.025402209145626742,0.013101726212707152,10.917582243518325
2020-06-11,84.88836389660872,85.31364412865861,81.52743824020874,81.62950134277344,201662400,0.0086337085028218,1,62.3686241810875,2.8323621278583317,2.5640712540787267,83.88600332733428,73.14373223785127,-0.049201133025404076,0.0176647197357305,5.545962667971439
2020-06-12,83.77293248835645,84.52142258544907,81.22125057836313,82.33426666259766,200146000,0.0123668921266189,1,63.86142442101244,2.7756485774335573,2.606386718749693,84.2643354986819,73.47646955502904,0.00859665118353714,0.017686112908099967,6.561000119775652
2020-06-15,80.98549997370785,84.00620266393342,80.82267515019947,83.35248565673828,138808800,0.0265022708556574,1,65.96226731168434,2.780809008087104,2.6412711766171753,84.686948470967,73.91122123728496,0.012291046790031679,0.017588733428717824,6.5682638901556025
2020-06-16,85.41084628969108,85.83370137590062,83.77291228895632,85.56151580810547,165428800,-0.0013914749000843,0,70.03249136691922,2.9293808788439577,2.698893117062532,85.6269616417969,73.87328860234373,0.026157169705926187,0.017753021735924458,8.888463184582367
2020-06-17,86.30760017697472,86.3683545073001,85.32095044579455,85.44245910644531,114406400,0.0003979779114668,0,69.54977689311757,3.0029026831068393,2.7596950302713936,86.33922540637259,74.09542882946725,-0.0013924439002801492,0.017631546483888583,8.141653985571796
2020-06-18,85.39869601495222,85.89445330068732,84.86648762356708,85.4764633178711,96820400,-0.0057146065303642,-1,69.61419752781448,3.028996709772912,2.8135553661716974,87.01478981974329,74.20966925618445,0.0003978987392629918,0.017375696192864925,9.124465679703729
2020-06-19,86.18364717992426,86.65023617971444,83.87740827164068,84.98799896240234,264476000,0.0261639005607678,1,67.40806679035651,2.9759564492058246,2.846035582778523,87.45946188915946,74.5637955571296,-0.005730997368886825,0.017314545104250113,5.496256482625036
2020-06-22,85.38169655946604,87.35499583192716,85.33552267955825,87.21161651611328,135445200,0.0213446748889269,1,71.79072190700728,3.077869252770313,2.892402316776881,88.268411908225,74.72642756931407,0.025827481125614504,0.017934863672648606,7.6201276264825895
2020-06-23,88.4582867176972,90.49477263698164,88.03786416864946,89.0731201171875,212155600,-0.0176520035302808,-1,74.84080947878057,3.271136047070115,2.968149062835528,89.29711200287063,74.90795467803757,0.021120067804838882,0.017980515467467702,6.552533538060363
2020-06-24,88.7013070407747,89.62234460688504,87.12655239933392,87.50080108642578,192623200,0.0132755481015842,1,68.13920388100854,3.2598508373346107,3.0264894177353447,89.81989894878264,75.40462421405915,-0.017809658179993804,0.01883443128154322,2.0462629573090028
2020-06-25,87.65633451294114,88.70130583433298,86.89568925164441,88.66242218017578,137522400,-0.030725759672377,-1,70.25813613857278,3.306524782059384,3.082496490600153,90.41923841745641,75.9375029155514,0.01318820022428735,0.018845172857500498,8.615660663992234
2020-06-26,88.55792788577938,88.77907450051282,85.78995750703652,85.93820190429688,205256800,0.0230465092081988,1,60.15423532842441,3.088094776208848,3.083616147721892,90.40964118630166,76.81442879050499,-0.031207693378211943,0.020632104082946766,4.377199661555246
2020-06-29,85.84584068935075,88.01355774997114,85.36709642622178,87.91877746582031,130646000,0.0083478469136188,1,64.18670081476495,3.039762824667335,3.074845483110981,90.66609086821516,77.52834577729264,0.022784949482680616,0.020950819131786622,5.478291106862616
2020-06-30,87.50566798386447,88.93947601743045,87.48622986262237,88.6527099609375,140223200,-0.0018914123785014,0,65.57693331039977,3.0258020608231675,3.065036798653418,90.94065664183128,78.26133005250466,0.008313196344448492,0.02095570147641206,3.6128323857245106
2020-07-01,88.73048098963713,89.27483740277849,88.43643211464202,88.48503112792969,110737200,0.0,0,64.95653194645739,2.9670059764224277,3.04543063420722,91.07961254122584,79.06990146634253,-0.0018932033575707052,0.021030654397255606,3.560960268821266
2020-07-02,89.3939209303781,90.03062510995592,88.3708201093687,88.48503112792969,114041600,0.026750164469288,1,64.9565319464574,2.887128634211905,3.0137702342081574,90.8978732118774,80.26721086405033,0.0,0.020808610543362006,3.519761690268219
2020-07-06,89.91640216330728,91.32104187882804,89.88480872729063,90.85202026367188,118655600,-0.0031031672745973,0,69.65631068655972,2.9804645662803892,3.007109100622604,91.36042404516706,80.83384170190325,0.026398634038874214,0.020718169008896836,6.8998227665810825
2020-07-07,91.2310984040124,92.01118162890656,90.45830539930238,90.5700912475586,112424400,0.0232903101732824,1,68.47829395314388,2.997135536657993,3.0051143878296815,91.64065179656197,81.50697012116265,-0.0031079920822065787,0.02081839298309764,3.8509488364142386
2020-07-08,91.549467922268,92.7110901974212,91.46197784699564,92.67949676513672,117092000,0.0043003248272694,0,72.25858000421098,3.144313112724646,3.0329541328086744,92.55336113425611,81.5026607468474,0.023023229871253825,0.020371126484613433,4.048782217580963
2020-07-09,93.5737986064413,93.62726270349852,92.02821230000306,93.07804870605467,125642800,0.001749272905426,0,72.91939939061102,3.2555838686025282,3.0774800799674455,93.47604388476557,81.31316204785162,0.004291104853596295,0.019806043228423005,6.37393892442215
2020-07-10,92.67220807313528,93.29919680465662,92.05980720131564,93.2408676147461,90257200,-0.0046132696389007,0,73.20025899470409,3.3186495433471634,3.125713972643389,93.96050068601677,81.98984187379769,0.0017477447094726983,0.01536880568847614,5.163907461569459
2020-07-13,94.54829427109546,97.1631623533042,92.5968659763704,92.81072235107422,191649200,0.0165486124121005,1,71.10224073496585,3.2959270219755723,3.159756582509826,94.24696385494138,82.75102427372073,-0.004623943607864334,0.015563740968308079,7.997049384894939
2020-07-14,92.19104129715517,94.53858935423052,91.25543060561826,94.34661102294922,170989200,0.0068773759827089,1,73.97093633329054,3.3630850884924257,3.200422283706346,94.82555621185027,83.27184445343293,0.016413176269966634,0.01567846466723927,7.311104342445866
2020-07-15,96.22513517564072,96.47544271657276,93.79496199521328,94.99546813964844,153198000,-0.0123051138817753,-1,75.09571828029942,3.429136732953225,3.246165173555722,95.6132451959226,83.42755070251489,0.006853834705681017,0.014962725258178924,7.15461284996895
2020-07-16,93.86542173959128,94.68438876337166,93.2262851246984,93.8265380859375,110577600,-0.002020241937897,0,69.28693372052153,3.348560134067185,3.2666441656580147,96.00610923789506,83.87309455849166,-0.012381448647293958,0.015413666521078105,6.036622115536334
2020-07-17,94.27855494560396,94.43408214536429,93.16309912532118,93.6369857788086,92186800,0.0210739883617843,1,68.36347086539783,3.2321491089118126,3.2597451543087743,96.25413107710958,84.4411249653709,-0.002022285379268851,0.015458490562923002,5.822402484585584
2020-07-20,93.72448140194916,95.74881216241435,93.37939358732925,95.61029052734376,90318000,-0.0138018128554551,-1,72.47616823454989,3.2615249055089777,3.260101104548815,96.67118993796599,85.08629526100863,0.02085500312089561,0.01566870311523135,5.237385200529804
2020-07-21,96.40251573529238,96.47785049123864,94.0403877137668,94.29069519042967,103433200,0.0028091565005539,0,66.27179453752562,3.14210489128844,3.2365018618967403,96.95021644786647,85.51517661853978,-0.013897943416732339,0.015525350028608257,4.107982990434905
2020-07-22,93.99177075995696,95.23845032827714,93.90428811755416,94.55557250976562,89001600,-0.0455162782561432,-1,66.88459831626295,3.033864553583612,3.195974400234115,97.30897461645104,85.70466368921304,0.0028052181942532783,0.01498713811898776,2.02426190269802
2020-07-23,94.2882680485315,94.3660353547066,89.44007797032316,90.2517547607422,197004400,-0.0024770323762385,0,50.750003615418876,2.571162422370463,3.0710120046613847,97.18464947724452,86.10408419585117,-0.04658469018506306,0.018138494693337275,-3.0364774343712932
2020-07-24,88.44616046263214,90.37328611490624,86.65511650592693,90.0281982421875,185438800,0.0237000702362404,1,50.07428659751183,2.1615119429042835,2.8891119923099646,97.1366836350256,86.28862764427126,-0.0024801052964660286,0.017946622165406132,-3.445559286119843
2020-07-27,91.09259829217558,92.2542206187511,90.8690265429245,92.16187286376952,121214000,-0.0164276168866792,-1,56.084284000976595,1.9861357599398417,2.70851674583594,96.75715038878594,87.2905279864582,0.023423583553764615,0.016954343256786204,-0.6991104808454189
2020-07-28,91.73172785652534,91.90913313088772,90.64300783304508,90.64787292480467,103625600,0.0191684513893062,1,51.359787092451604,1.705323817928445,2.507878160254441,96.55780525562702,87.76278266551557,-0.016564046389581755,0.01688110504627907,-3.9203719752528796
2020-07-29,91.13148218567702,92.57014778095314,91.09503107606254,92.3854522705078,90329200,0.0121002752795282,1,55.94646863872987,1.6044908901644561,2.3272007062364444,96.43939758032997,88.25446457176963,0.018987051068310556,0.017271113367064755,-2.7475161923553824
2020-07-30,91.55677066710048,93.60783733719364,91.14850337011598,93.50334167480467,158130000,0.1046884421659526,1,58.64816644128094,1.5963822993512338,2.1810370248594024,96.31013033903803,88.88556286774907,0.012027652201149763,0.01738346581840709,-0.3444616179239236
2020-07-31,100.01132775994397,103.44273037041388,98.0088604443455,103.29206085205078,374336800,0.0251974765370699,1,73.80008522356081,2.352703511008926,2.2153703220893073,98.91303106410325,87.76336511509598,0.09956334242256126,0.02772942573692217,10.311176713921169
2020-08-03,105.17785632219838,108.51934330283578,104.87894986963356,105.89476013183594,308151200,0.006678320020738,1,76.2879396265057,3.12607416341865,2.397511090355176,101.7788431628552,86.40182700316043,0.024885254069975993,0.027677836040449995,10.756655531290221
2020-08-04,106.08433124379282,107.69553697101212,105.36013709111648,106.60195922851562,173071600,0.0036246830567288,0,76.92899275811423,3.752781307196514,2.668565133723444,104.13166186585934,85.65219509825198,0.006656118831206648,0.027563770428682192,13.056711495468454
2020-08-05,106.32249256981191,107.30914213352884,105.855896128936,106.98835754394533,121776800,0.0348891670632718,1,77.29024896500202,4.23184823637645,2.9812217542540456,106.1719816143863,85.0427614276059,0.0036181297241597576,0.027353361546532427,13.148653965260115
2020-08-06,107.3212830698956,111.21684951983973,106.73075289757836,110.7210922241211,202428800,-0.0227357435192646,-1,80.47147661767518,4.856727392000096,3.3563228818032558,108.85494453476555,84.12410285903327,0.03429433602030585,0.02800172450990206,22.68026535067733
2020-08-07,110.24148657363268,110.69918395823288,107.40523237781792,108.20376586914062,198045600,0.0145349009383688,1,73.0405418881445,5.090145398521599,3.7030873851469246,110.50411839551815,83.97121882372012,-0.022998186049418834,0.028857735215600765,20.188749727122715
2020-08-10,109.65233223130258,110.79657580812425,107.12039705946748,109.77649688720705,212403600,-0.0297400203285582,-1,74.6175523970574,5.340475423322701,4.03056499278208,112.25088540350146,83.9210292693501,0.01443028179979855,0.02875277892511974,19.11270189731805
2020-08-11,109.03880997711208,109.53789059463465,106.25124256694212,106.5117416381836,187902400,0.0332343483750501,1,65.98833414059864,5.215306500685543,4.2675132943627725,113.20515832873437,84.18326940564063,-0.03019122311589051,0.029932957813728102,17.500541602932604
2020-08-12,107.6048585408266,110.30965211624508,107.41009717699764,110.05158996582033,165598000,0.01769758251863,1,70.03472171539175,5.340187051813373,4.482048045852893,114.6576246637474,84.2364152532448,0.032694026339542326,0.030520749035544182,19.122207296864733
2020-08-13,111.4344186850555,113.0047091658848,110.94507089779177,111.99923706054688,210082000,-0.0008912147196002,0,72.00798074770681,5.532538966358217,4.692146229953958,116.26960140577448,84.44170840867865,0.017542803776777305,0.030234380181274282,19.78099932521031
2020-08-14,111.82395110215056,111.98949901322317,110.08567574687753,111.89942169189452,165565200,-0.0026109163904717,0,71.7472197154775,5.6122306766492045,4.8761631192930075,117.62549198585187,84.91206141990985,-0.0008916120875497313,0.03021402657730893,8.333032344249954
2020-08-17,113.02417392493486,113.04852095183266,110.97914996990065,111.60726165771484,119561600,0.0083329989424132,1,70.93747917121554,5.587403943505024,5.018411284135411,118.80051890797469,85.33673161082413,-0.002614330777084284,0.03018137153840232,5.394508206796074
2020-08-18,111.35896133229576,112.96333190026704,111.02299161332778,112.53728485107422,105633600,0.0012546026446447,0,72.02002379075306,5.578468564659985,5.130422740240326,119.90567666695699,86.05623281790628,0.008298471187281109,0.029749016104028587,5.5677453449381975
2020-08-19,112.9462768876478,114.0953868249226,112.58353067113144,112.67847442626952,145538000,0.0221895968127279,1,72.18938604922614,5.519158606439035,5.208169913480068,120.85096675986804,86.92323291664562,0.0012538162883881654,0.029767610718121316,5.318444934521947
2020-08-20,112.71986303729176,115.2931886914799,112.7028193742301,115.17876434326172,126907200,0.0515324828037047,1,75.06749738574095,5.609247622790221,5.288385455342099,121.56132398529857,88.70557664946705,0.021946990047982062,0.026863301257437206,4.026036981388719
2020-08-21,116.14041187069935,121.59868597251888,116.1282420708619,121.1142120361328,338054800,0.0119602395814921,1,80.28384982940413,6.089390142464879,5.448586392766655,122.98667280222588,90.38882921193428,0.05024860755575489,0.027914246180058024,11.931605211047643
2020-08-24,125.32841718543504,125.41363550271215,120.69303108379322,122.5627670288086,345937600,-0.008203654917876,-1,81.31149189975363,6.511729664218706,5.661215047057066,124.47480858171606,91.94078284894799,0.011889281142348551,0.027846436569829585,11.64754797626596
2020-08-25,121.43314715380612,121.90301439370454,119.83120611678233,121.55730438232422,211495600,0.0135989629919086,1,78.26227807369314,6.688206860013196,5.866613409648292,124.88711929993966,94.61941527647636,-0.008237490069884501,0.027420418652823714,14.125731597977094
2020-08-26,122.87682491569296,123.66805506312151,121.8080520118478,123.21035766601562,163022400,-0.0119543552873823,-1,79.61571209876402,6.882121086072431,6.0697149449331205,125.27386108987349,97.3151640260933,0.013507326930255914,0.027402384790772727,11.956908304806984
2020-08-27,123.8141318298438,124.14766458561552,120.5907768320979,121.73745727539062,155552400,-0.0016197917672011,0,75.12730657070016,6.838123128478401,6.223396581642177,124.7874599602076,100.62497671581778,-0.01202638319957483,0.02803243913595421,8.694898706836065
2020-08-28,122.71371757611423,123.13246125062976,121.31628565950032,121.54026794433594,187630000,0.0339121256887562,1,74.52158905645817,6.709994262034527,6.3207161177206475,125.47228815999489,101.76496922525902,-0.0016211050482386469,0.01943726617771029,8.615635457872754
2020-08-31,124.2401853001041,127.5706540266875,122.7015450943712,125.66195678710938,225702700,0.03983263921455,1,78.43532638209435,6.861936918095637,6.428960277795646,127.00370354759035,102.21027350319089,0.033349787647700246,0.01990766012568597,12.592993431286288
2020-09-01,129.28457897882038,131.27118380524524,127.11296048915096,130.6674041748047,151948100,-0.0207184186596498,-1,82.04284962004813,7.302076546585354,6.603583531553588,129.47255846725943,102.14796307815072,0.03905977637148883,0.021031628573152675,16.110322323595145
2020-09-02,133.9881416796695,134.36793159802133,123.67537209267218,127.9601821899414,200119000,-0.0800610088351434,-1,74.75847408908645,7.347740011178402,6.752414827478551,130.8666757752514,102.85102823475837,-0.020936056417198756,0.022123040351979883,13.562224587688558
2020-09-03,123.58771183000316,125.46718052250692,117.34551135279555,117.71556091308594,257599600,0.0006617965114747,0,54.895473715915486,6.48254655524228,6.698441173031298,130.93236033506204,103.48479054384421,-0.08344792508916132,0.029469893810618472,2.2024863561341275
2020-09-04,116.9267639955814,120.4617338734343,107.98708104487906,117.79346466064452,332607200,-0.0672949284056886,-1,54.99340190757388,5.737027804040679,6.506158499233174,130.77522006448032,104.60090069357632,0.0006615776207326007,0.028836761816327074,-2.7418313009356665
2020-09-08,110.96697771586362,115.87503988575808,109.73022744851274,109.86656188964844,231366600,0.0398865867199798,1,44.42430036152569,4.455207161919617,6.095968231770463,130.76888833689316,104.61623892140761,-0.06966623572329489,0.033091004639373346,-10.358941338339637
2020-09-09,114.19033711230628,116.02111927354656,112.24269366983658,114.24876403808594,176940500,-0.0326458144989313,-1,50.13037144312726,3.749737517832088,5.626722088982788,130.23513141876657,105.92369807952446,0.03911165597597499,0.03338583125858278,-6.012423836951277
2020-09-10,117.20917767854652,117.345512119,109.5549387003112,110.5190200805664,182274400,-0.0131289983141594,-1,45.8185127326339,2.856757651718283,5.072729201529888,130.19832188591477,106.00725062385087,-0.033190578096888856,0.033603993657506555,-10.300544390798237
2020-09-11,111.57073719482962,112.21346299852146,107.12037290845598,109.0680160522461,180860300,0.0300001475961793,1,44.224822255310556,2.008824299635279,4.459948221150966,130.40977143054022,105.50267897839532,-0.013215945470403057,0.03347267726561039,-10.407184039078558
2020-09-14,111.71682733418476,112.89515070723368,109.84709144123131,112.34007263183594,140150100,0.0015603779189681,0,48.569159038428694,1.5826152261513755,3.884481622151048,130.3903539506669,105.56616155226277,0.029558945538795456,0.034178565781459815,-7.569668446603709
2020-09-15,115.23232916774082,115.71924004150326,110.6358893306761,112.51536560058594,184642000,-0.0295137233724722,-1,48.79924349204093,1.2446387219129633,3.3565130421034315,130.3485404496486,105.6987854475682,0.0015591617942556368,0.03417324123712938,-10.461870499753381
2020-09-16,112.21347126407376,112.96331066061114,109.1069778434127,109.19461822509766,154679000,-0.0159636180120438,-1,44.71791784401604,0.7007554738591466,2.8253615284545748,130.55933278960399,105.15372644501517,-0.029958016990796033,0.034773583409712455,-16.43316180137863
2020-09-17,106.84771238414066,109.26278591004208,105.86415043956644,107.45147705078124,178011000,-0.0317201651817535,-1,42.699139272304095,0.1275963057933467,2.285808483922329,130.91353422979793,104.2768252672724,-0.01609240904839293,0.03491710877178956,-16.027411643348145
2020-09-18,107.50990847358544,107.9773386911778,103.31273223375833,104.04309844970705,287104900,0.0303259401148492,1,38.992439031038536,-0.5948075610765784,1.7096852749225477,131.58839660380534,102.4883963039095,-0.03223414792669832,0.03503240618197268,-11.61483015272196
2020-09-21,101.80332967507266,107.3054242127271,100.4010239357237,107.19830322265624,195713800,0.0157158051102948,1,43.85169111597246,-0.9023178160690151,1.1872846567242352,131.36954386960113,101.31565815676606,0.029875198896289312,0.03360593162175754,-8.994693779075323
2020-09-22,109.73023848769446,109.9055267053134,106.30238909052136,108.8830108642578,183055400,-0.0419461453073584,-1,46.31067341618308,-0.9985691975328308,0.750113885872822,130.7360353423251,100.58119106758701,0.015593590647895894,0.03372032461838348,-0.8952232676385488
2020-09-23,108.69798613288378,109.17515670886098,103.97494471367466,104.31578826904295,150718700,0.0102690881708236,1,41.06069696594859,-1.426936963283353,0.31470371604158703,130.38913126669405,99.20394353188993,-0.042851286836999236,0.03471914729272896,-8.69416474889105
2020-09-24,102.41685627334157,107.3638737351434,102.2513083191842,105.38701629638672,167743300,0.0375159800849718,1,42.70141733662252,-1.6608372566242053,-0.08040447849157147,129.50990850786084,98.30083215376025,0.010216719300123245,0.03462127617024366,-4.643548034029389
2020-09-25,105.59150095453244,109.49652855947328,104.85139428601482,109.34071350097656,149981400,0.0238687406613093,1,48.409680109276,-1.5097709031020372,-0.36627776341366464,128.57813659507565,97.99292968910403,0.03682937549563814,0.03600426615612168,0.2500251298234309
2020-09-28,111.99923269077128,112.30111503190352,109.82760709095112,111.9505386352539,137672400,-0.0075678868028192,-1,51.82164630994389,-1.1660175281995606,-0.5262257163708438,127.62739627859958,97.98469707467191,0.02358833545324046,0.036579104174160985,-0.3467453665074822
2020-09-29,111.55127413308996,112.29137324538236,110.59692563716496,111.10330963134766,99382200,0.0150758799997225,1,50.65054435558905,-0.9509923541209133,-0.6111790439208578,125.68244597052897,98.47378266716633,-0.007596668561494546,0.0355022046149582,-1.2549894511749493
2020-09-30,110.81117321087004,114.19033573143906,110.64562530338286,112.77828979492188,142675200,0.0084622078793263,1,52.915974239454755,-0.6380711664622538,-0.6165574684291371,121.80737476820421,100.55994243150282,0.014963368319881099,0.03427460128825051,3.281912266442208
2020-10-01,114.56039012939586,114.63829765255328,112.79777513856308,113.7326431274414,116120400,-0.0322803162103592,-1,54.20589214371233,-0.3095027773382384,-0.5551465302109574,117.94544912903137,102.99911416442566,0.008426604114861291,0.034291405146667495,5.845583745388359
2020-10-02,109.93472330652476,112.34980421996084,109.28226459701013,110.06131744384766,144712000,0.0307911634562614,1,48.680742129637274,-0.34141958936722006,-0.51240114204221,116.78308254166402,103.3960564048692,-0.032812816504715236,0.029845097657882978,5.784351950119722
2020-10-05,110.92803870245233,113.5963082073717,110.57746227936272,113.45023345947266,106243800,-0.0286695849517042,-1,53.402293273360826,-0.09219393840709245,-0.4283597013151865,115.78876599045066,103.95604983596536,0.03032662724891111,0.03077813803048554,5.8321167862432
2020-10-06,112.67116282600794,113.08017356879807,109.31148107875158,110.19766235351562,161498200,0.0169671779531022,1,48.765012932474576,-0.15534539481488707,-0.37375684001512666,115.80701564637044,103.9709102264323,-0.02908858531111047,0.027204353539448604,1.207398177936846
2020-10-07,111.6194485995252,112.52510309938262,111.14227060574488,112.0674057006836,96849000,-0.0009558238503784,0,51.3787931046326,-0.05389939826838486,-0.3097853516657783,115.44763831666562,104.11215172239689,0.016824843146513224,0.02595206631895057,7.430914879009768
2020-10-08,113.206779666247,113.35285441626657,111.59023197745924,111.96028900146484,83477200,0.0173959422710636,1,51.217587027220745,0.01765039963825643,-0.24429820140497138,115.59165392207109,104.11226300908126,-0.0009562809412839712,0.02482165114256522,6.237269956093724
2020-10-09,112.26218241086576,113.93715719252894,111.91160594820737,113.90794372558594,100506900,0.0635204273341807,1,54.04120302976467,0.2288752574763322,-0.14966350962871067,116.08370818964677,104.10420150883955,0.017246365066614366,0.024860751548593525,4.177062759489477
2020-10-12,116.91703480605202,121.90300475026318,116.1574550435818,121.14342498779295,240226800,-0.0265273614131701,-1,62.682760197989474,0.9689459418562905,0.07405838066828957,118.18339066744615,102.88485426663588,0.06158456312219052,0.027598317784442074,8.211560627225204
2020-10-13,121.99064438590798,122.10750566774657,116.5177710390298,117.9298095703125,262330500,0.0007432089027732,0,57.51048583082124,1.2813744966927771,0.3155216038731871,119.07359999155865,102.53608933949603,-0.02688556079308757,0.02843850515176924,6.144281355448259
2020-10-14,117.8324275512861,119.80928444459768,116.48855625885348,118.0174560546875,150712000,-0.0039608155366317,0,57.61321392045696,1.518543887449951,0.55612606058854,120.04824062857367,102.44373248544,0.0007429328597998719,0.027412896288903813,4.6455450506410605
2020-10-15,115.61210767464269,118.02718121016164,115.05702963037932,117.55001068115234,112559200,-0.014000375790645,-1,56.82413341080362,1.6497659286164321,0.7748540341941185,120.78021866466817,102.7216078123826,-0.003968680340717512,0.02707990518126443,3.3564396717954086
2020-10-16,118.10510568656042,118.36804173088584,115.69976467276356,115.90426635742188,115393800,-0.0255419303724561,-1,54.01894832093495,1.6024900213282933,0.9403812316209534,120.81093508603048,103.8770081817918,-0.014099305505989257,0.02607026458664341,5.308812441351378
2020-10-19,116.81965398590056,117.26761109070254,112.63222499944558,112.94384765625,120639300,0.0131919721022528,1,49.30390710364634,1.3110297414925043,1.0145109335952636,120.76363761043147,104.49886010075018,-0.025873788535868414,0.02629479190325686,-0.4463506048258158
2020-10-20,113.15808815638162,115.86531895269678,112.60301003753486,114.43379974365234,124423700,-0.0054463387622711,-1,51.59394619200436,1.1865937372943733,1.0489274943350855,120.88798717043085,104.92958942869024,0.013105715803938267,0.026235958717648365,3.844126363177407
2020-10-21,113.61578568990576,115.60238301966776,113.4015437088034,113.81055450439452,89946000,-0.0095835212852767,-1,50.565006727005574,1.025861136716344,1.0443142228113371,120.32332598270757,106.44372723994867,-0.005461224137024878,0.024078778340592785,1.5554467356607062
2020-10-22,114.37534235792783,114.94990095736752,111.59021202627706,112.7198486328125,101988000,-0.0061336434550103,-1,48.73332307350082,0.8012324355479166,0.9956978653586531,119.65968337430967,107.84065308198917,-0.009629738746438576,0.02423297852645134,0.6784187841259667
2020-10-23,113.34312326795688,113.498938328468,111.2883585929103,112.0284652709961,82572600,8.683041407220315e-05,0,47.557306066917725,0.5609573452505714,0.9087497613370368,119.50187930593437,108.26723232736641,-0.0061525315207413556,0.022982497562691516,-1.6499977026340407
2020-10-26,111.02541726060738,113.49892534064216,109.92499395326573,112.03819274902344,111850700,0.0134723906661662,1,47.5764742001817,0.36709093548415694,0.8004179961664608,119.50035306545871,108.27752397921901,8.682664452930311e-05,0.022370989305037624,-7.5160762870019635
2020-10-27,112.46667230975784,114.20981414129768,111.54154461515652,113.54761505126952,92276800,-0.0463123045871461,-1,50.594122562402305,0.3314276820231754,0.7066199333378038,119.47920477733224,108.54310280933767,0.013382444966255846,0.02248566142464169,-3.715934533439755
2020-10-28,112.0381825728971,112.40823212114864,108.19158263987536,108.2889633178711,143937800,0.0370505094143853,1,41.60808102639202,-0.11978415263500608,0.5413391161432418,119.78191416087614,107.79146077808869,-0.047419024427807877,0.024679346733342617,-8.243265921872075
2020-10-29,109.42835336524011,113.86897819384106,109.26279802021776,112.3011245727539,146129200,-0.0560180815519079,-1,49.04426427066555,-0.15187418905591699,0.40269645510341007,119.74528947389247,107.68493360960362,0.03638063530750468,0.0260559676107108,-4.465236606941483
2020-10-30,108.15263578946612,109.05829026903427,104.90007487274671,106.0102310180664,190272600,-0.0008267018582908,0,40.364374620926306,-0.6771228579755046,0.18673259248762714,120.25065245545692,106.77446198546106,-0.057648267206423576,0.02817585686369259,-8.536385803818954
2020-11-02,106.25369543303232,107.78259533653008,104.51055354833466,105.92259216308594,122866900,0.0153533485754226,1,40.25748349666397,-1.0879171043015532,-0.06819734687020894,120.643239203936,105.62911110734329,-0.0008270437647217577,0.027144175307632138,-6.216589605246662
2020-11-03,106.78927899207524,108.57136685299776,105.8836246173212,107.54885864257812,107624400,0.0408368828779388,1,43.260177578611334,-1.2676358732379498,-0.3080850521437571,120.80133066876874,105.20613927141682,0.015236678587013053,0.02674579274209656,-6.016527561347649
2020-11-04,111.15202546490424,112.56406417680968,109.40888346027108,111.9408187866211,138235500,0.03549360029067,1,50.49645545192508,-1.0436393887118953,-0.45519591945738475,120.79823597121865,105.19657527756064,0.04002508463472498,0.02804120826741381,-1.6428491416419801
2020-11-05,114.86227219398133,116.48856015953854,113.8105503527892,115.91400146484376,126387100,-0.0011361751534251,0,55.96744601715063,-0.5393011955787017,-0.47201697468164816,121.08069964253858,105.30948285257861,0.03487822152602149,0.029105342390489054,2.833709298560443
2020-11-06,115.42136453660976,116.27980338076075,113.28501336370934,115.78230285644533,114457900,-0.0199680175394829,-1,55.747516999673785,-0.148524423901236,-0.40731846452556575,121.25026564047111,105.32735276773202,-0.0011368210897257924,0.028879107274473424,3.3507890841570713
2020-11-09,117.54795729060731,119.0014527698893,113.20697761247202,113.4703598022461,154515300,-0.0030089182343564,0,51.89245065855325,-0.0250962062678326,-0.33087401287401913,120.00893125073364,105.8013806389148,-0.020170072686242158,0.025401480475519735,1.2782846796099712
2020-11-10,112.719227827361,114.70924480626918,111.33400971509884,113.12893676757812,138023400,0.0303527722754382,1,51.3279549335714,0.04465678434058873,-0.2557678534310976,119.3877402551447,105.94248435423029,-0.003013454129870752,0.024786908941427915,-0.36872485917238207
2020-11-11,114.31906384026838,116.69928328623824,113.58743745496244,116.56271362304688,112295000,-0.0023432220795925,0,56.458080350829924,0.37271717531803006,-0.13007084768127208,119.1101436883983,106.07460667781265,0.029901240957507902,0.025798443652020903,7.640437263111513
2020-11-12,116.68954065260598,117.57724351680127,115.66526067450714,116.28958129882812,103162300,0.0004193590629451,0,55.95288817987806,0.6037087244331047,0.016685066741603284,118.87629440478173,106.18241302319677,-0.0023459717206355535,0.025789908639754246,3.551573273418389
2020-11-13,116.5139390128418,116.73830026220504,114.98240146299398,116.33834838867188,81581900,0.0087205466695521,1,56.028543553080965,0.7816953900300803,0.1696871313992987,118.94679490180934,106.15532072929417,0.00041927115650874924,0.025591698781169965,9.742566610240985
2020-11-16,116.00668499044508,118.0259736401694,115.25555179677478,117.3528823852539,91183000,-0.0075645197854562,-1,57.65791112435253,0.9931669096407632,0.3343830870475916,119.50142070089261,106.04159840311131,0.00868274232648858,0.0248967102187555,10.791173052646863
2020-11-17,116.62124805150194,117.71380535006968,116.04569809530209,116.46516418457033,74271000,-0.0113913090074352,-1,55.712574996747485,1.0767164556100823,0.4828497607600898,119.75976165162868,105.98639389646704,-0.00759327587437042,0.02483717422593466,8.290469703285419
2020-11-18,115.70426632741368,116.88462258409794,115.10920964823984,115.1384735107422,76322100,0.0051680987156286,1,52.843094825455516,1.0240723543335548,0.5910942794747829,119.88637318999992,105.99257425873054,-0.011456686935534144,0.024953643467504522,2.85655827675908
2020-11-19,114.70924075099312,116.14322943354532,113.9483506196358,115.7335205078125,74113000,-0.0109574364853931,-1,53.98778874629234,1.0186247721386508,0.6766003780075565,120.1414183722377,106.03889626399277,0.00515478992785301,0.02485406094693357,-0.15570246454308054
2020-11-20,115.73353312647382,115.86034568136424,114.41660718303844,114.4653778076172,73604300,-0.0297425763533475,-1,51.138766309659026,0.9015860832565465,0.7215975190573545,120.26988543933784,106.15412045055474,-0.011017911364751498,0.02495465033882746,-1.1374148003092814
2020-11-23,114.30930546926308,114.73852865880856,110.96333387323224,111.06088256835938,127959300,0.0115941694467778,1,44.369330240542595,0.5280309536986181,0.6828842059856073,120.26623898752062,106.06003588430555,-0.03019385749039749,0.025917820157833366,-2.1234419614830764
2020-11-24,111.11941434226163,113.01188278583412,109.83174481299208,112.34854125976562,113874200,0.0074671928380141,1,47.21537919540942,0.3320613209811114,0.6127196289847081,120.21253130090093,105.99383619177485,0.01152747210269478,0.025869032668999103,-0.689828376461994
2020-11-25,112.71923279937354,113.88983194948229,112.3485373625984,113.18746948242188,76499200,0.0048263958821512,0,49.04444096668087,0.24166273395300664,0.5385082499783679,120.10598935651055,106.5902287526203,0.007439451368580485,0.02342903983507638,-2.895646502826135
2020-11-27,113.71425025675508,114.61171017176824,113.37282609805314,113.73375701904295,46691300,0.0210995799309481,1,50.253274874797164,0.21166213183576588,0.4731390263498475,120.16206456316912,106.67741679059064,0.0048147861739256115,0.02202742786091581,-2.197810200397485
2020-11-30,114.10444599903528,118.00645317380616,113.9483621396502,116.13349151611328,169410200,0.0308273981695652,1,55.27291148010413,0.3771770942528292,0.4539466399304439,119.83579789738256,108.0160095061819,0.020880066190521518,0.01765714110510521,-0.1760871418547155
2020-12-01,118.04547767580269,120.44521126709456,117.06997585287974,119.71358489990234,127728200,0.0029334465355166,0,61.512343943883984,0.7881472396481968,0.5207867598739945,119.80330320245383,109.42760347479225,0.03036177896318204,0.0185128372850055,2.0116272107391153
2020-12-02,119.03072137520432,120.34765470402952,117.92840706667508,120.06475830078124,89004200,-0.0011373104419051,0,62.07127043892123,1.1291644939209675,0.6424623066833891,119.85632595485558,110.62617068821083,0.00292915237696878,0.018398031506206648,3.0907045393473926
2020-12-03,120.49399284991507,120.74762543083594,119.21608772727546,119.92820739746094,78967600,-0.0056127431178245,-1,61.696082842168444,1.372582333397773,0.788486312026266,120.42349427633195,110.85774122781845,-0.001137957670205303,0.016541779548089504,4.159976887544772
2020-12-04,119.59650527854149,119.85013780093244,118.5429616709057,119.2550811767578,78260400,0.0122700387345611,1,59.777920949199505,1.4939556734058783,0.9295801843021885,120.84376160468724,110.77158187065456,-0.005628553748906029,0.014887850896309705,3.042818237528321
2020-12-07,119.3136206930221,121.51825680642276,119.25509296764028,120.71834564208984,86712000,0.0050909463214305,1,62.50684035770362,1.6887512598386394,1.0814143994094787,121.5263447533471,110.58260300055915,0.012195371964924817,0.015064731096092696,5.462759092956519
2020-12-08,121.32316659995088,121.9182233181416,120.07451799223874,121.33291625976562,82225500,-0.0209038373555052,-1,63.62315064440554,1.8711494322733273,1.2393614059822484,122.24070403234194,110.65449936731628,0.005078031268887173,0.01413031608410914,9.24901140154697
2020-12-09,121.4792223168842,122.86443290827428,118.0357025972018,118.79659271240234,115089200,0.0119888969858983,1,56.18793602497503,1.7904025387242655,1.3495696325306519,122.40016925017156,111.06179974396906,-0.021125415898002764,0.015106280903956389,5.739328148220382
2020-12-10,117.54796013053176,120.83540368650692,117.20653600869164,120.22083282470705,81312200,-0.0067346614344775,-1,59.0798091210566,1.820350451156287,1.443725796255779,122.7821084708635,111.04567244344312,0.01191759944727977,0.013870607518210794,6.213906340027735
2020-12-11,119.43069298076075,119.75261038065898,117.5967521638208,119.41118621826172,86939800,-0.0051468671011777,-1,56.78515463934593,1.7584819871497785,1.506677034434579,123.02881986402498,111.111121542225,-0.006757441602214698,0.013970456642506946,4.991859363502927
2020-12-14,119.59650378767564,120.3281300434434,118.56247439445303,118.79659271240234,79184500,0.0500905310140251,1,55.03766204153748,1.6409424608977758,1.5335301197272184,123.1876009394681,111.19816489915496,-0.005160157845065072,0.014044991683165082,2.293137975550802
2020-12-15,121.29389959264086,124.76669132932152,121.089045091943,124.74717712402344,157243700,-0.0005474940709548,0,65.96020582096143,2.0048433838678505,1.627792772555345,124.40352160077678,110.72167371172323,0.04887638046605769,0.017616773302544957,4.204695923465909
2020-12-16,124.28868403035126,125.22515739352976,123.4595015722462,124.67887878417967,98208600,0.0069632619442894,1,65.76274086881142,2.2616554259353023,1.7545653032313364,125.45733367420648,110.48923309825445,-0.0005476440005596217,0.017462398696903778,3.843026503946591
2020-12-17,125.74214781524604,126.40549663039762,124.90321586033166,125.54705047607422,94359800,-0.0158505534525021,-1,67.11059888136218,2.5063434522539723,1.9049209330358636,126.5431087428527,110.44431572614144,0.006939130393943671,0.01711936641851386,4.685172238080364
2020-12-18,125.80071733474844,125.93728698989182,123.03028838222276,123.55706024169922,192541500,0.0123954059282103,1,61.166465475457876,2.5107426171147154,2.026085269851634,127.11802187795372,110.65175656442908,-0.01597751688930149,0.017707642702447107,3.607375905908028
2020-12-21,121.95724006069578,125.16664209419945,120.42570242817166,125.0886001586914,121251600,0.0284643825150057,1,63.82229676970832,2.607750929205949,2.142418401722497,127.80930563480939,111.02279504268085,0.012319211875503555,0.017484029647876643,3.620207428586416
2020-12-22,128.38578029311114,131.11718805054522,126.47379039741485,128.649169921875,168904800,-0.0069759150350984,-1,69.11125034089036,2.938070688400842,2.3015488590581663,128.6884135146544,111.90251589818739,0.028066798995916464,0.016217977131087486,6.029900119144724
2020-12-23,128.92232344418136,129.18569821705117,127.57612617627444,127.75172424316406,88223700,0.0077124224693774,1,66.47340082926658,3.091794825213057,2.4595980522891447,129.2238989208164,112.90734879036522,-0.007000360482967594,0.01649365099810084,7.538205706321411
2020-12-24,128.1029291687596,130.19050284332158,127.8883175389933,128.73699951171875,54930100,0.035765709428146,1,67.92102505411212,3.255597291999493,2.6187979002312143,129.8115701489637,113.87463056514763,0.007682833775500164,0.016494529292352216,7.083769498942877
2020-12-28,130.7075172282758,133.97543996952834,130.2392655550684,133.34136962890625,124486200,-0.0133149704874659,-1,73.64747969246481,3.7141319144482736,2.8378647030746262,131.36407086628716,114.2828911088105,0.035140969061073335,0.01768833246286062,11.665727350855317
2020-12-29,134.66803693280866,135.38989879452387,131.04891842415702,131.56593322753906,121047300,-0.0085266062845144,-1,68.56487200813822,3.88942614315863,3.0481769910914274,132.36408108159748,114.82612506464277,-0.013404409512889792,0.018027606255823635,10.748911415372271
2020-12-30,132.25855654199404,132.6585159150223,130.13195454477884,130.44412231445312,96452100,-0.0077028481003034,-1,65.48948687166562,3.8929517920370103,3.2171319512805443,133.1932030539061,115.07005683378922,-0.008563165759051472,0.017375554143951855,4.566792870002817
2020-12-31,130.79527790714135,131.43911264182535,128.49309315567558,129.4393310546875,99116600,-0.0247193896075604,-1,62.77357558629019,3.7711956410397676,3.327944689232389,133.7414597356664,115.4592574274195,-0.007732668266910103,0.017581902136391617,3.8181705810398046
2021-01-04,130.24898210368568,130.33677367819303,123.65458898588705,126.23966979980467,143301900,0.0123637731902714,1,54.957578038490716,3.3775824238741876,3.337872236160749,133.82284214524466,116.00902125807565,-0.02503004386164953,0.018707769437286276,0.5516810798055735
2021-01-05,125.73240966734548,128.5125953811988,125.28367234969814,127.80046844482422,97664900,-0.0336612070529493,-1,57.722867694204965,3.155213186394178,3.3013404262074353,133.9372619169482,116.74914021317878,0.012287965949304258,0.018723758574303355,3.4343712895274066
2021-01-06,124.5911153228658,127.839538734962,123.28393878649366,123.49855041503906,155088000,0.0341229447806976,1,48.825430857581836,2.6018624801646553,3.1614448369988795,133.85975725748207,117.10466534993981,-0.034240788920077314,0.020388665419370632,-1.2711388101195118
2021-01-07,125.21540258559176,128.40529740863508,124.72765172087456,127.71268463134766,109578200,0.008631231997358,1,55.98303995033771,2.4748449984634107,3.0241248692917857,134.006559808448,117.59583963613207,0.03355367112693397,0.021634448837251026,-0.7279372972993489
2021-01-08,129.18568296556424,129.38079521351278,127.03958220290218,128.81500244140625,105158200,-0.0232487011402484,-1,57.651570765682195,2.435060699944728,2.906312035422374,133.9393936948666,118.66484672261389,0.00859419587346455,0.020931032610706436,0.8323004675994289
2021-01-11,126.0250828794601,126.98107049808904,125.35198424007667,125.82022094726562,100384500,-0.0013955667365288,0,51.89596811079924,2.1372407377556897,2.7524977758890374,133.6999860006425,119.46419322909384,-0.023523215270772724,0.021715273918676822,-2.2656878562620335
2021-01-12,125.35197692534696,126.51282640843073,123.75215462457815,125.6446304321289,91951100,0.016226682064959,1,51.57087723968793,1.8655427691607116,2.5751067745433724,133.23152842982466,120.55599522129839,-0.001396541446741395,0.021630819666148934,-5.772206493901811
2021-01-13,125.6056023729016,128.22970451216872,125.34222761254838,127.68342590332033,88636800,-0.0151271035692395,-1,55.08877600917141,1.7940531986567123,2.4188960593660407,132.4751660533658,122.20104091684907,0.01609643653910986,0.021754209880194525,-2.950997442099289
2021-01-14,127.59564337383038,127.7907407644143,125.60561128893497,125.75194549560548,90221800,-0.0137304528987278,-1,51.28782437977305,1.5635195915363624,2.247820765800105,132.442045079301,122.33463872807204,-0.015242685292904845,0.01932016447214491,-3.5970779944661038
2021-01-15,125.6251368950026,127.02986205065994,123.88874465675345,124.02531433105467,111598500,0.0054269601973298,1,48.0932893617154,1.2273472470017026,2.0437260620404247,132.4868815807043,122.22444578135627,-0.013825587397398031,0.019580857879104595,-4.182667416092741
2021-01-19,124.64961670921872,125.55684110809314,123.8301987834441,124.69839477539062,90757300,0.032856132117607,1,49.41598153732127,1.003670519669427,1.8357149535662254,132.51709429075385,122.10936750123835,0.005412287311012953,0.019554259460123544,-1.2209117996413146
2021-01-20,125.50806539990327,129.24423908723023,125.40075960629947,128.79550170898438,104319500,0.0366583885634699,1,56.65627998398276,1.1438221209388644,1.6973363870407532,132.5171609921184,122.63314494660231,0.03232790852888545,0.020482235967038766,0.7785834248250395
2021-01-21,130.5221542310992,136.24834549078827,130.31729228736415,133.51693725585938,120150900,0.0160737522008154,1,63.19421597105243,1.6172312297076417,1.681315355574131,133.43140613823755,122.56173351019994,0.036002452182600564,0.02175091906938703,8.112149338718329
2021-01-22,132.941396802551,136.4239457057513,131.7122697758214,135.66305541992188,114459400,0.0276836294179587,1,65.72500601478572,2.140906125965003,1.7732335096523055,134.7281200575888,121.96640814065343,0.015945937270543276,0.021184856094781813,6.225200583265137
2021-01-25,139.5650353578536,141.53553807458803,133.19499556294772,139.418701171875,157611700,0.0016792266648455,0,69.65701114307528,2.8263906075080314,1.9838649292234507,136.91801236485102,120.94321352626226,0.027307366182675707,0.021743574246432095,8.23172652990635
2021-01-26,140.08203987079344,140.7648880340617,137.90666052106042,139.65281677246094,98390600,-0.0076835440147364,-1,69.88890733685078,3.349917407538527,2.257075424886466,138.72803245264492,120.22477516454256,0.001677818340126258,0.021736875181456825,10.993937000788527
2021-01-27,139.9162209578925,140.7649176755725,136.97021613529958,138.5797882080078,140843800,-0.0349851601498133,-1,67.34835657074312,3.6363145601697227,2.5329232519431173,139.68342160090774,119.79322787418991,-0.007713214519852407,0.020594974146337243,10.29503428152169
2021-01-28,136.10202948520754,138.5115203730672,133.35110697778126,133.73155212402344,142621100,-0.0374206248100945,-1,57.22622684997629,3.4325064359000237,2.7128398887344987,139.91532928584058,119.7778820789055,-0.035611799678298084,0.022014759699704258,4.736813864379428
2021-01-29,132.50242137720485,133.39013165524483,127.0201056066314,128.72723388671875,177523800,0.0165198639967341,1,49.03422478025277,2.834505949967536,2.737173100981106,139.8369168454615,119.68460567651114,-0.038138748490701424,0.023613254408092702,2.3659979011754064
2021-02-01,130.47334523641737,132.0634176836117,127.7224234481406,130.85379028320312,106239800,0.0063370241780373,1,52.16774475510612,2.5033248151249836,2.6904034438098816,139.91747368436558,119.74549476045866,0.016384895456307724,0.02384784185320545,5.505711466226593
2021-02-02,132.40487583442152,132.9706687530236,131.3123184109022,131.68301391601562,83305400,-0.0077785829813239,-1,53.371625743683104,2.2814733916963235,2.6086174333871703,140.08043897466916,120.12686388177615,0.006317029666333518,0.023096903992007096,5.601210146454446
2021-02-03,132.434112108336,132.4438766522119,130.33678930161688,130.65870666503906,89880900,0.0257577822521453,1,51.64255147121977,1.999947357402874,2.4868834181903114,140.16902681267968,120.32409986578713,-0.007808993963473121,0.023067982462344712,1.4466382220899536
2021-02-04,132.96089184283247,134.0339348395979,131.29277729666717,134.02418518066406,84183100,-0.0030979998768132,0,56.61575794316861,2.0250583248592307,2.3945183995240953,140.3171806321792,121.22850952285013,0.025431639201112688,0.02209407540476534,0.3799127925115935
2021-02-05,134.1853957164029,134.2537751308866,132.72972066845895,133.60897827148438,75693800,0.0010969372780287,0,55.85259218080446,1.9885326533322711,2.3133212502857305,140.57988832598562,121.55543119305734,-0.003102808612641894,0.021015314417436214,-1.5141020833413004
2021-02-08,132.8958097444442,133.80438990060523,131.81138402031524,133.7555389404297,71297200,-0.0065738415522228,-1,56.077655447126055,1.9489457828115349,2.2404461567908918,140.83668475667028,121.79268841227506,0.0010963360819422618,0.02096312217536182,-4.061981774212472
2021-02-09,133.4721970895325,134.7031755537608,132.71994903608007,132.87625122070312,76774200,-0.0045583588208693,0,54.2894671802906,1.825577609943167,2.157472447421347,140.86642498531106,122.468551210978,-0.0065955444150098685,0.020211669029223726,-4.852437429027302
2021-02-10,133.3354359263558,133.83369484015344,131.3033582625716,132.2705535888672,73046600,-0.0019204052196907,0,53.03489780881358,1.659799570997393,2.057937872136556,140.77370226024144,123.22386625172145,-0.004568779818930224,0.02025813554532928,-4.552781253836587
2021-02-11,132.76878860072446,133.2475041169639,130.68787502592983,132.01654052734375,64280000,0.001775923630545,0,52.48710468726287,1.4907382470180721,1.9444979471128594,140.76453506635295,123.66634490801225,-0.001922251561990329,0.020024217873504106,-1.2824285439304373
2021-02-12,131.2545039467926,132.40730890611044,130.60970715231767,132.25099182128906,60145100,-0.0161038148301856,-1,52.9699538818884,1.3599969910297034,1.8275977558962284,140.55971591704625,124.52106868988737,0.0017743485427219596,0.01962537995581763,2.7373834022342582
2021-02-16,132.3682563100343,132.87626454864636,129.7304535690892,130.12124633789062,80576300,-0.017644007839931,-1,48.18004780887721,1.072171615257389,1.6765125277684607,139.95905495640574,125.73132285121147,-0.016234890371908506,0.01973806146681779,-0.5598186676343696
2021-02-17,128.22594304718632,129.1735950188555,126.48695621215256,127.82538604736328,97918500,-0.0086365738669689,-1,43.60270662177439,0.6513033732825306,1.4714706968712747,139.50345685350635,126.49962008130808,-0.017801518846642495,0.020228002545065512,-2.929480237377198
2021-02-18,126.22315381492852,127.00472433071492,124.47440301601212,126.7214126586914,96856700,0.0012335615684131,0,41.55814571848874,0.22607478376963286,1.2223915142509465,139.72291798782854,126.0727500419566,-0.008674085206850535,0.01894855631612634,-3.013418781529372
2021-02-19,127.23921649175708,127.69838867042822,125.8323923619749,126.8777313232422,87668800,-0.0297990068380754,-1,41.9730550702979,-0.09718800438906783,0.9584756105229437,139.86742493717944,125.26432249934399,0.0012328013564557594,0.016874703695702903,-5.332212128571026
2021-02-22,125.06058423119389,126.73119158884104,122.70611563671171,123.0969009399414,103916400,-0.001111155391499,0,35.4226096608767,-0.6509537179460949,0.636589744829136,140.16844383414264,123.70668815438273,-0.030252019504336758,0.01736440078859279,-7.867792619582152
2021-02-23,120.9085077307379,123.79053522480318,115.6622326225289,122.96012115478516,158273000,-0.0040520880638252,0,35.2085338501694,-1.0883086761818959,0.2916100606269296,139.4790812614555,122.7501927253609,-0.0011117731823349075,0.0156740590002614,-8.071006158819676
2021-02-24,122.06132638305527,122.66703652293154,119.41376694425402,122.46187591552734,111039900,-0.0347826157382789,-1,34.39314483508479,-1.4583093756387058,-0.05837382662619745,138.464998324234,122.04518157688904,-0.004060320017925001,0.01557289786282221,-7.8376498505198215
2021-02-25,121.80731459672973,123.54630136895392,117.76270273555824,118.20233154296876,148199500,0.0022316506999022,0,28.348719297266072,-2.0713697667489726,-0.4609730146507525,138.09307123903906,120.37936299558005,-0.03540193434733041,0.016857825980444965,-10.635944028499555
2021-02-26,119.76546840374732,121.973399087529,118.4074952170664,118.46611785888672,164560400,0.0538511092931286,1,29.178799822070125,-2.5070396004886533,-0.8701863318183327,138.2336282870945,118.71226252101096,0.0022291642660263733,0.01567190941973651,-10.26418554397009
2021-03-01,120.89873262438095,124.98242344672664,119.96085244148551,124.84564971923828,116307900,-0.020893536201837,-1,45.594525939789094,-2.310897588484707,-1.1583285831516077,138.16515901236912,118.39257337898833,0.05245117761044149,0.018709438570817097,-5.599460540952033
2021-03-02,125.4513804584117,125.75423553632804,122.12971646948624,122.2371826171875,102260900,-0.0244565678717193,-1,41.371891999571176,-2.338972902451644,-1.3944574470116151,137.99548217399342,117.70058945076244,-0.021114894868637712,0.018698530658239315,-6.059013376055657
2021-03-03,121.93431943503865,122.81358452353464,119.03274836980684,119.2476806640625,112966300,-0.0158118678195924,-1,37.12794630586629,-2.5727930574904008,-1.6301245691073722,137.86939382514458,116.58314447441597,-0.02476059696976929,0.019134241590719955,-6.710486585287898
2021-03-04,118.944829308409,120.7522030474246,115.88694849490928,117.36215209960938,178155000,0.0107382278962888,1,34.709524459973814,-2.8770784427051694,-1.8795153438269316,137.90216250964505,115.22072033337253,-0.01593820896434739,0.019283711468549212,-7.385697778078005
2021-03-05,118.19255654931328,119.13043671901424,114.86112127502147,118.6224136352539,153766600,-0.0416734493918443,-1,37.63363515742391,-2.982157770811142,-2.100043829223774,137.0921020533285,114.49060363514806,0.010680982571376063,0.0183008410391281,-6.50651426526259
2021-03-08,118.1437131191071,118.212099986244,113.53246306756203,113.67900848388672,154376600,0.0406497659249396,1,31.646490624322524,-3.424845885865764,-2.3650042405521723,136.66303110809275,112.92667760162405,-0.042566692070114875,0.020008111759563952,-7.650795742331196
2021-03-09,116.28749919238894,119.24768556736949,116.05303097701892,118.30003356933594,129525800,-0.0091666859067516,-1,41.08243112923048,-3.3640229391534575,-2.5648079802724295,135.46072667865684,112.58343149395056,0.0398452929905071,0.022645416797295138,-3.789917854409877
2021-03-10,118.88621431520568,119.35515074210788,116.6978194776284,117.21561431884766,111943300,0.0165025513084913,1,39.69749096153297,-3.36453956853002,-2.7247542979239476,134.28334092389338,112.1947535585285,-0.009208958503394093,0.022655724623488607,-4.283995780285525
2021-03-11,119.7166092657106,120.37117029395525,118.46610238977786,119.14997100830078,103026500,-0.0076253623803205,-1,43.365100029679645,-3.1722943477315937,-2.814262307885477,132.94088534356595,112.22515088079926,0.016367863978334896,0.023215266640155493,0.8017096219354458
2021-03-12,117.62592748855695,118.37818303802467,116.41449977293216,118.2414093017578,88105100,0.0244566798927716,1,42.07081151621472,-3.0580012271410197,-2.8630100917365855,131.45247872573395,112.33604437607269,-0.007654584101628004,0.023207751023658685,-0.18968170915888924
2021-03-15,118.6126518520549,121.14297328075108,117.64545661813416,121.1332015991211,92403800,0.0127430132231995,1,47.44712490995506,-2.702922032277357,-2.8309924798447397,129.63216086266252,113.04458321692732,0.024162403657157938,0.024100360790123832,-2.9736303415185095
2021-03-16,122.80380564002115,124.28878824765124,121.8463895081631,122.6768035888672,115227900,-0.0064505761188754,-1,50.10885212147113,-2.270787210540874,-2.718951425983967,128.25746249850704,113.67483730618045,0.012662504259981056,0.02421883249246436,0.3596458641037818
2021-03-17,121.19182718884684,122.96012147290102,119.5212199090365,121.88546752929688,111932600,-0.0339050281889352,-1,48.7457935489993,-1.9694686488550275,-2.5690548705581793,127.26988256775323,114.06842538512763,-0.006471470989446004,0.023984426550807215,2.2120236222165124
2021-03-18,120.048790845647,120.34188170191756,117.54777669894918,117.75293731689452,121229700,-0.0044803352158947,0,42.27802435462818,-2.040609295260282,-2.4633657554985997,126.31500451613373,114.12645590256746,-0.034493135097965144,0.02501383973408225,0.3329737997250331
2021-03-19,117.13744191051596,118.63218870661474,116.9225096345994,117.2253646850586,185549500,0.0283357011663483,1,41.52061262646501,-2.1151770282283877,-2.3937280100445575,125.13624189327942,114.3399818616034,-0.004490401997341742,0.024987520948294067,-1.1777276379580575
2021-03-22,117.55753401515928,121.0159714098922,117.48914715086832,120.54702758789062,111912300,-0.0068886492315988,-1,47.85478379282342,-1.884518501658647,-2.2918861083673754,124.80189601581543,114.4193404038623,0.027941671279474,0.025151996849194665,6.04158955606778
2021-03-23,120.48842032011387,121.37744961429632,119.3258360971887,119.71662139892578,95467100,-0.0199935034879081,-1,46.49881841037444,-1.7485703662674865,-2.183222959947398,124.40854157709302,114.48834486699877,-0.006912485505274013,0.02518620964410447,1.197453446840806
2021-03-24,119.99016951544908,120.06832806693622,117.30353080035886,117.32306671142578,88530500,0.0041634778100776,0,42.739650928220804,-1.8130704020291972,-2.109192448363758,124.03152257937572,114.35148294430593,-0.02019607824552061,0.02553408464840878,0.09167071571696504
2021-03-25,116.78573572681164,118.85689248276148,116.2581767195336,117.81153869628906,98844700,0.0051413067678534,1,43.7392735670833,-1.803976420975573,-2.048149242886121,124.03091700568793,114.31300923332576,0.004154834518802275,0.024325752390674273,-1.1233173627196893
2021-03-26,117.57705830576778,118.681027160581,116.18000611307438,118.41724395751952,94071200,0.0014851958790518,0,45.02097103286552,-1.7279750027758496,-1.984114394864067,124.02993974348067,114.30909910539629,0.005128135376367027,0.024349398330746914,0.14870818675120845
2021-03-29,118.8471283250857,119.7557009862055,117.94832734627744,118.5931167602539,80819200,-0.012274581248343,-1,45.40985181839644,-1.6347079700334461,-1.9142331098979428,122.9624379260734,114.75134762690512,0.0014840940664555546,0.02100634239230386,-2.0969352789612206
2021-03-30,117.34259649679043,117.62591562293731,116.12139722216196,117.13743591308594,85671900,0.0187656341205142,1,42.71665073391012,-1.6591290464904347,-1.8632122972164413,122.4621465361395,114.74166434642885,-0.012350536103407528,0.020688096354679362,-4.515415721415125
2021-03-31,118.84711446915551,120.6740238071046,118.35863476106496,119.3355941772461,118323800,0.006958707110642,1,47.755556924726946,-1.4840032585794063,-1.7873704894890343,122.46967253671862,114.7429296971681,0.018591731831145708,0.020462148533607873,-2.092024097489624
2021-04-01,120.81081245730564,121.31882810556309,119.66776420491011,120.166015625,75089100,0.0235773059731818,1,49.560658165054384,-1.2636402806678433,-1.6826244477247962,122.62257256052223,114.87041602590355,0.0069346070472438015,0.020159246633939122,2.049272284063243
2021-04-05,121.01597988601443,123.25321810824464,120.23440927913929,122.99920654296876,88651200,0.0024622013786093,0,55.24250125130972,-0.8505812329428295,-1.516215804768403,123.26026731021757,114.6704005669797,0.023303654261688678,0.020663618861339203,4.9254202564627185
2021-04-06,123.585374503169,124.20085629367988,122.75496043398816,123.30205535888672,80171300,0.0133905707824306,1,55.81546199262342,-0.4931073585785839,-1.3115941155304391,123.4079008690677,115.48507169562956,0.002459175127270896,0.01783305007714294,2.285438161457285
2021-04-07,122.93083408899058,124.9726761721274,122.25672954785422,124.95314025878906,83466700,0.0192338949330248,1,58.90422403387902,-0.07570530136563036,-1.0644163526974775,124.36738137518965,115.19090185845293,0.013301709479608625,0.015914383647813835,4.374095091118457
2021-04-08,125.97895898079165,127.38578343051203,125.5588734364234,127.35647583007812,88844600,0.0202511635508051,1,62.96286984488412,0.4439009178227451,-0.762752898593433,125.78094926174873,114.7914201230169,0.019051261692733412,0.016052009449478082,8.551949245693573
2021-04-09,126.80932573443174,129.97466446592165,126.48692736229545,129.9355926513672,106686700,-0.0132328744698319,-1,66.75710378499693,1.051682620391432,-0.39986579479646,127.70973478548328,113.94119676358898,0.0200488357596873,0.01621971130215355,10.291058150367762
2021-04-12,129.4666782429754,129.789076669653,127.62022536816302,128.21617126464844,91420000,0.0243064939856179,1,62.18350593876684,1.3787180588435604,-0.04414902406845593,128.80666583451762,113.84174191084374,-0.013321209099369291,0.016487415848335532,8.274915864993568
2021-04-13,129.38851701920058,131.5573682758643,128.89025813953373,131.33265686035156,91266500,-0.0178529913441556,-1,66.64417186130059,1.8678390560476856,0.3382485919547724,130.49289928990197,113.1754539815824,0.02401579236568452,0.016478032582623217,10.742225559221723
2021-04-14,131.83093211613695,131.88954730756276,128.62650578894565,128.98797607421875,87222800,0.0187077179761505,1,60.83059054162377,2.042727534666554,0.6791443804971288,131.35128590460351,112.94818461541601,-0.01801427851657067,0.01705117209808843,10.1167829641804
2021-04-15,130.7367214787142,131.88952648063574,130.56086102498654,131.4010467529297,89347100,-0.0025277829098047,0,64.28376303699513,2.3489651428871525,1.0131085329751337,132.6687436403831,112.5822848019997,0.018534880884536697,0.017273429986555306,10.110522898778287
2021-04-16,131.20566716980846,131.56713742369558,130.2091642804324,131.0688934326172,84922400,0.005068493995912,1,63.454510165449335,2.5356294982158403,1.317612726023275,133.71259024309325,112.87003381086183,-0.0025309831471655997,0.014857817574706667,9.073179093864283
2021-04-19,130.43385740885776,132.34870458701317,130.2677760828126,131.73321533203125,94264200,-0.0128297882099802,-1,64.44247585080254,2.7059747771506437,1.5952851362487488,134.6652849907793,113.36812412787305,0.005055692418476809,0.0146770650265056,7.1008659604737625
2021-04-20,131.90910268119194,132.40734676088633,128.773055489456,130.04310607910156,94812300,0.0029296550720709,0,59.99852220202243,2.673775328479536,1.8109831746949063,135.32415735368312,113.65885961409032,-0.012912800729120377,0.014275760828161536,5.467103285986706
2021-04-21,129.31035433959545,130.668327388692,128.27477970021195,130.42408752441406,68847100,-0.0116854420013962,-1,60.65714521587263,2.648469148337867,1.9784803694234985,135.92086970587,114.13289387445225,0.0029253719959019264,0.014055321523497376,4.378399177719089
2021-04-22,129.97467079966847,131.059096319802,128.38223712948874,128.9000244140625,84566500,0.0180387499775083,1,56.639564758594666,2.476882700411494,2.0781608356210977,136.02058476860412,115.19087458198179,-0.011754253364865797,0.013392635285898439,1.2119906537330793
2021-04-23,129.11498342731704,132.0067754754205,129.11498342731704,131.2252197265625,78657500,0.0029777990078112,0,60.89510685149924,2.4997079561624957,2.1624702597293775,136.31811623737104,116.23471121624223,0.017877982214796972,0.013710717308954058,0.9925125586301338
2021-04-26,131.72344819452212,131.9481447004186,130.48270548356416,131.61598205566406,66905100,-0.0024494570513188,0,61.57757743362165,2.52027621462895,2.234031450709292,136.5510586632691,117.32164260015865,0.0029733741464008645,0.013721357134122399,2.651624017065791
2021-04-27,131.89930451580292,132.2900972832069,131.02004687677868,131.29359436035156,66015800,-0.0060273414115498,-1,60.63732744780354,2.4819523136346646,2.2836156232943665,136.55495918125465,118.58778984218284,-0.002452461879042467,0.013806698607744238,-0.029743173505989356
2021-04-28,131.21541925511582,131.90906701274747,130.01376332476983,130.5022430419922,107760100,-0.0007487785870837,0,58.28471198431285,2.3605143679308753,2.2989953722216683,135.91185026282787,120.56737947350027,-0.006045579154123182,0.013455099167638037,1.173959785912246
2021-04-29,133.32563948793228,133.9118210423569,129.39825885060606,130.40452575683594,151101000,-0.0151331745335436,-1,57.98554244989957,2.2306751185729325,2.2853313214919213,135.32904143688597,122.25708145740111,-0.0007490590617882376,0.013148788642308826,-0.7583813224619779
2021-04-30,128.74371056977083,130.4826971366181,128.0500777328737,128.43109130859375,109839500,0.0082155340590195,1,52.162413781447,1.9461034416541025,2.2174857455243577,134.4194659310944,123.99316453155205,-0.015248849522865093,0.013844106898659258,-2.0125310094111213
2021-05-03,128.99774150408825,130.9809832448479,128.7925883321888,129.48622131347656,75135100,-0.0353855976348834,-1,54.777347275946816,1.785140522045623,2.131016700828611,133.89714698335968,125.16418495633758,0.008181970263446026,0.013087890132416556,-1.7057156108208387
2021-05-04,128.1673226815826,128.4604135210105,123.78076904048892,124.9042739868164,137564700,0.0019554770123335,0,43.625217848812625,1.2731750231083083,1.9594483652845505,133.55565559691763,125.66589820557259,-0.03602684053905758,0.015678004115899383,-3.9516374587049232
2021-05-05,126.22316795915263,127.44436736840764,125.02151191446714,125.14852142333984,84000900,0.0128023545266375,1,44.276486096433565,0.877037461633833,1.742966184554407,133.51994529231425,125.72114662663104,0.001953567556021163,0.015398717419899535,-4.044932344331476
2021-05-06,124.94333632102912,126.76048139042916,124.2008450944678,126.75071716308594,78128300,0.0053275444563958,1,48.480972266164976,0.6844890327474502,1.5312707541930157,133.56815024126539,125.61236581098072,0.012721097174659413,0.015049306141423378,-1.6674219114748914
2021-05-07,128.05230280970935,128.4535252531299,126.71158461839184,127.42598724365234,78973300,-0.0258045468743554,-1,50.18691516077806,0.5796992554856502,1.3409564544515427,133.54811066961523,125.3814448418594,0.005313403294306518,0.01434819811907498,-2.895199940092856
2021-05-10,126.6430870741667,126.77029738873344,124.09867172726176,124.1378173828125,88071200,-0.0074103041781349,-1,42.76163924576341,0.2286885948803672,1.1185028825373076,133.93748017779012,124.58423994550087,-0.026143324911036103,0.015190607004492141,-5.681805929684769
2021-05-11,120.859443088754,123.57021435708376,120.14504795375876,123.2179183959961,126142800,-0.0249384241981586,-1,40.93687259437932,-0.12230815063766443,0.8703406759023132,134.11413885499894,123.5961074218565,-0.0074378968801953604,0.013976970892766727,-6.15085298235554
2021-05-12,120.76159245913604,121.97507799254856,119.6361790565564,120.14505767822266,112172300,0.0179195591876453,1,35.48892139497068,-0.6410402660580843,0.5680644875102338,134.89717279967448,121.9287816375814,-0.025254655309907115,0.014466371953904994,-7.936404097235985
2021-05-13,121.91634337974185,123.45277474181432,121.60318563289488,122.29800415039062,105861300,0.0198448593760487,1,41.37562060753888,-0.8684039967010335,0.28077079066798033,134.80684003254345,121.10881014445852,0.017760896526486825,0.014405085593872468,-6.2164419213191
2021-05-14,123.55065100975592,125.15558560180872,123.1592019093422,124.72499084472656,81918000,-0.0092586509602363,-1,47.2222705421869,-0.8430358556714168,0.056009461400100914,134.47151927928013,120.80974063893277,0.019650517077073992,0.015315983644470298,-2.885672329110856
2021-05-17,124.10844907203442,124.21609774874598,122.49372638763056,123.57020568847656,74244600,-0.0112456359651912,-1,44.92639226603198,-0.905672898888426,-0.13632701065760447,134.01175092611166,120.45320802774577,-0.009301778678441508,0.015280592935137892,-4.568837954331653
2021-05-18,123.85401772611864,124.2748241929868,122.11207710810116,122.18058013916016,63342900,-0.0012815298780419,0,42.263528043700276,-1.055279766894074,-0.32011756190489843,133.82968516379094,119.84902119607233,-0.011309346221205274,0.015231068341972104,-2.1806250184391085
2021-05-19,120.52671624181264,122.24908025776814,120.2331275635426,122.02400207519533,92612000,0.021012033940376,1,41.96172844451835,-1.1729577025778042,-0.4906855900394796,133.50642052255265,119.33227729238877,-0.0012823517396913786,0.015172140255080097,-2.496649031573619
2021-05-20,122.55245283263278,124.98921189653866,122.42522759234048,124.58797454833984,76857100,-0.0147669365483578,-1,48.452915710328895,-1.0472550594287071,-0.6019994839173252,133.2379970886851,119.16949573968402,0.02079432553851035,0.015946690026056327,-1.7062961560709473
2021-05-21,125.08709084369087,125.26324257721592,122.53289444071314,122.7481918334961,79295400,0.0133140023485829,1,44.59842462399971,-1.0835988455025216,-0.6983193562343645,132.57012441030685,118.98966562875566,-0.014877053157142939,0.015505945103425144,-3.6709901263796345
2021-05-24,123.31577052336202,125.20450531193676,123.24726749854406,124.38246154785156,63092900,-0.0015735698173925,0,48.516368279553376,-0.9693555229564765,-0.7525265895787869,131.6762185685154,119.16021941976588,0.013226149938371456,0.015890338903063347,0.19707464670869485
2021-05-25,125.08706463603312,125.57638154110204,123.61913631963486,124.18673706054688,72009500,-0.0003939203081768,0,48.07785047707658,-0.8844152091460558,-0.7789043134922408,130.7247474521191,119.40100480618169,-0.0015748091786962348,0.015892637505405594,0.7862644306627586
2021-05-26,124.24546606900942,124.66627253334184,123.71701091848011,124.1378173828125,56575900,-0.0123769343626989,-1,47.961166348358965,-0.8116901488671715,-0.785461480567227,129.83440257986894,119.65490711251388,-0.0003939979151628137,0.015881804604376923,3.3232825234338095
2021-05-27,123.73657324672143,124.91091291308472,122.40565097616602,122.60137176513672,94625600,-0.0053478594716099,-1,44.32275512424265,-0.8680272574790138,-0.8019746359495844,128.80517626314244,119.90381803007045,-0.012454166541536082,0.016028878694459923,0.2480560634276915
2021-05-28,122.88519022253216,123.11027588262051,121.88700210583085,121.94571685791016,71311100,-0.0026482029876869,0,42.82958690189378,-0.9545769248314002,-0.8324950937259477,128.1804891730189,119.87996767512563,-0.005362210459652239,0.015784596705734493,-2.2283216603129663
2021-06-01,122.40567810814753,122.6699019784518,121.29005293793632,121.6227798461914,67637100,0.0062758835658807,1,42.07768528149681,-1.0372694808163203,-0.8734499711440222,127.07390333833139,120.20020936308462,-0.0026517156801384445,0.015580011684867744,-1.5759671446972123
2021-06-02,121.62274874768536,122.56222194205004,121.3976705946577,122.38607025146484,59278900,-0.0121539989029626,-1,44.55530035588736,-1.0293470979813577,-0.9046293965114893,126.9375624918924,120.08472983598845,0.006256272218201353,0.013627985225426657,0.16818557586699964
2021-06-03,122.01421513150538,122.1805785667547,120.49735272094428,120.89859008789062,76229200,0.0190222144812519,1,40.88502803458938,-1.1300690378917295,-0.9497173247875375,126.81839390478157,119.77890528955436,-0.012228462718138822,0.013832637547988483,-0.9222873927796473
2021-06-04,121.4172626643808,123.46258031804118,121.20196528333544,123.19834899902344,75169300,7.951520988491723e-05,0,48.01507146192406,-1.012647407726675,-0.962303341375365,126.26444728317087,119.97761509475883,0.01884355427897244,0.014231223849016969,-1.1153769489825318
2021-06-07,123.47236901120836,123.61916336822156,122.16102301210522,123.20814514160156,71057600,0.0066718112137007,1,48.04381825380915,-0.9083288039703206,-0.9515084338943561,125.35925142569684,120.46102674202777,7.95120487184775e-05,0.014148745712617407,0.3747128990131116
2021-06-08,123.89316056697146,125.71339992147556,123.51149976456148,124.03016662597656,74403800,0.0030772813630559,0,50.51659150838256,-0.7506720153339046,-0.9113411501822659,125.34350395277424,120.46600913926677,0.0066496531827962,0.01302004834632377,-0.2832352065483666
2021-06-09,124.49013366537348,125.0185888704457,123.81488410340266,124.4118423461914,56877900,-0.0080234089734604,-1,51.6668312917072,-0.5881500064952547,-0.8467029214448637,125.48791897530725,120.4409865117533,0.0030725562240023763,0.012917589352925921,0.18126354792201507
2021-06-10,124.30417460780706,125.44916444320808,123.24727182583148,123.41363525390624,71186400,0.0098326095482266,1,48.492075315131885,-0.5337444399065845,-0.7841112251372079,125.29850390818204,120.95725933644685,-0.008055769731200257,0.011621534484709964,-0.5833694712651931
2021-06-11,123.82464615632549,124.71519292427574,123.40383973769605,124.62711334228516,53522400,0.0245780794453669,1,52.327082843050995,-0.3882347674105091,-0.7049359335918681,125.47349688730202,121.01517727651634,0.009784583997348939,0.01115597222859527,1.6522992752716354
2021-06-14,125.087085665473,127.74892318837932,124.353121383881,127.6902084350586,96906500,-0.0064377429815392,-1,60.35178669828764,-0.02545766882441569,-0.5690402806383776,126.29016859716194,120.49502732568962,0.024280898038167464,0.011603698026376875,4.710695648164386
2021-06-15,127.1617603902723,127.80765254019512,126.6235169320033,126.86817169189452,62746300,0.0039340027115502,0,57.55194962067447,0.1934839379501625,-0.41653543692066963,126.82808694857148,120.28690557462188,-0.006458554616943779,0.011485404009852339,4.312836667881317
2021-06-16,127.5825688225318,128.0914549417621,125.71341766779094,127.36727142333984,91815000,0.0126006609568078,1,58.80164256969515,0.4026286632825844,-0.2527026168800188,127.4156422312441,120.21801942036723,0.0039262847578944715,0.011102760553642002,4.070071995644765
2021-06-17,127.02474109836618,129.71594317700723,126.87793929818906,128.97218322753906,96721700,-0.0100917251013065,-1,62.61327898261874,0.6899272824588252,-0.06417663701225002,128.30445195650123,120.02402781034449,0.012521933285838394,0.011309963284697173,6.677987835738293
2021-06-18,127.91528613971695,128.69816933296693,127.45533405078574,127.6706314086914,108953300,0.0141040017521167,1,57.932194077484844,0.803328878515515,0.10932446609330301,128.73078412717373,119.90596132570711,-0.010142991763408382,0.010819909198502937,3.6301480060446423
2021-06-21,127.51406019462506,129.57894690634825,126.44736905581904,129.47129821777344,79663300,0.0126983625634367,1,62.148391946146575,1.02666447411616,0.2927924676978744,129.53661851914103,119.77243757216756,0.01400546573996575,0.010480209275381723,5.083392067118381
2021-06-22,129.30493548234813,131.21323957880873,128.80583022689916,131.11537170410156,74783600,-0.0020900111803203,0,65.54393577415662,1.3210937861130247,0.4984527313809045,130.6227970067458,119.35955010018779,0.012618414452886029,0.010448813875278313,5.712485333903512
2021-06-23,130.90984959941682,131.44809296104657,130.38138705071168,130.84133911132812,60214200,-0.002168909007748,0,64.50524632137899,1.514856672315375,0.7017335195677986,131.4873287777728,119.1604785342389,-0.002092198301624215,0.010460421380201165,5.167913796538633
2021-06-24,131.57531327793558,131.76125326543314,130.08780831049526,130.55755615234375,68711000,-0.0022488902809885,0,63.38501280033388,1.6267639206482016,0.8867395997838793,132.18496263796408,119.10481855100076,-0.0021712644974014594,0.010494776343485522,5.788599358360929
2021-06-25,130.60646907956024,131.02726798776249,129.9703579124024,130.26394653320312,70783700,0.0125460086695783,1,62.18179178525381,1.672480069574135,1.0438876937419306,132.7063369348913,119.3497017308802,-0.0022514228324022056,0.00996303710034831,4.522958961134365
2021-06-28,130.5575361737434,132.35819116099708,130.49882143563215,131.8982391357422,62111300,0.0115004680080004,1,66.04546855389938,1.8196088830995905,1.1990319316134626,133.39356044360716,119.65773044994754,0.01246795962747349,0.009970183029673545,3.2954999073587836
2021-06-29,131.91784473362776,133.57171323969362,131.4774691683095,133.41513061523438,64556100,0.0046210359382645,0,69.19160985329522,2.035150050087836,1.3662555553083373,134.2189974956735,120.01152847478548,0.011434840312655403,0.009978854495730905,5.160442399406104
2021-06-30,133.25852946059163,134.47202223259774,132.9649408136906,134.03164672851562,63261400,0.0022635736435008,0,70.39237654937672,2.230009514171286,1.5390063470809272,135.05967937328876,120.3354042448753,0.004610391730606622,0.009971495463062354,5.232408004584563
2021-07-01,133.67936427909643,134.3937519835152,132.85731295249462,134.3350372314453,52485800,0.0195964665636276,1,70.9915551695945,2.381466063026835,1.7074982902701088,135.57781813301625,121.16091019950329,0.00226101562013703,0.009183969692869493,4.158147803425829
2021-07-02,134.95156150334915,137.00666748869628,134.80477461834224,136.967529296875,78852600,0.0147183072231065,1,75.60480367442646,2.6829887539533104,1.9025963830067492,136.7716882616944,121.34395810061028,0.019406928001487245,0.00922855131468886,7.281939303975817
2021-07-06,137.07515561633554,140.08928866847637,137.07515561633554,138.98345947265625,108181800,0.0179553643771368,1,78.43332061088867,3.0494640528445984,2.1319699169743194,138.2057164588404,121.48746133656977,0.014611044145769192,0.009367120625506653,7.3469266052180595
2021-07-07,140.47096680675352,141.7921084496811,139.60979222790235,141.4789581298828,104911600,-0.0091996680315337,-1,81.32057187545333,3.50090796562543,2.4057575267045417,140.05319471933043,121.38486222647035,0.017796070779168893,0.009730836400467582,7.904173470346082
2021-07-08,138.55288746806352,140.9798585410617,137.66234054504386,140.17739868164062,105575500,0.0130550082042821,1,75.6332791729724,3.7108788476808456,2.6667817908998024,141.23238551218085,121.78222706716483,-0.009242246316054192,0.010335389404826851,7.135405089647384
2021-07-09,139.6978741376513,142.5358635061349,139.60000625630684,142.00741577148438,99890800,-0.0042037917615007,0,77.96654188275994,3.9790810006442143,2.9292416328486848,142.44043656362538,122.43355406747816,0.012970526066942156,0.009894047736614373,8.769970851614382
2021-07-12,143.08389123520334,143.19153992301273,140.92113666468427,141.4104461669922,76299700,0.0078892039093712,1,75.42915012941937,4.096243733227027,3.1626420529243533,143.33388271976233,123.21844119381191,-0.0042126525353722855,0.010178919457673718,8.556857004902671
2021-07-13,140.95048491894528,144.30715565248005,140.55904331544653,142.52606201171875,100827100,0.0241005170124193,1,76.93955727320508,4.230352052827328,3.3761840529049487,144.49785331301024,123.53805595823002,0.007858246851311534,0.009275851460712069,8.057592690861483
2021-07-14,144.93347581872183,146.37204690308326,144.52244270958388,145.9610137939453,127050800,-0.0044919865256085,0,80.84407676591398,4.5612267809786715,3.6131925985196935,146.12994245000297,123.81525103144233,0.023814682944767185,0.009683499253519981,9.403643440482718
2021-07-15,146.0491189549383,146.79286409061552,143.9450789434474,145.30535888671875,106820300,-0.0140763175945726,-1,78.12495238220427,4.716176369911324,3.83378935279802,147.31736613469164,124.42163609309156,-0.004502105812251855,0.010002875450618082,8.411231551186045
2021-07-16,145.28574243451615,146.5579348305551,142.76090433296852,143.25999450683594,93251400,-0.0269142000367037,-1,70.19341629847867,4.620667050367473,3.991164892311911,148.00411399338424,125.16366936232868,-0.01417632858666451,0.010909690979420242,6.643804519898893
2021-07-19,140.67647397816722,140.98963920959875,138.64094477148268,139.40426635742188,121434600,0.0259741738122096,1,58.19844253708246,4.185601183530963,4.030052150555721,147.8825460161106,126.4586008344753,-0.027283019837692102,0.012707810040082231,1.779061849955171
2021-07-20,140.39270413849675,143.95487710280224,139.90339458333094,143.02517700195312,96350000,-0.0051318116633014,-1,64.35813982016137,4.08588602664409,4.0412189257733955,148.23618290849868,127.46035182050524,0.025642574708772514,0.013417543925332153,2.908056501566682
2021-07-21,142.4184239807626,143.00560136245917,141.53767284075886,142.29119873046875,74993500,0.0096284303300435,1,62.35241985248573,3.902647839031488,4.013504708425014,148.48383147706414,128.33028595457648,-0.0051450246324735716,0.013472983704928027,0.5741069988939778
2021-07-22,142.81962687748307,145.03129994046702,142.69240165790706,143.66123962402344,77338200,0.0119894002995013,1,64.57189241386932,3.823901548632449,3.975584076466501,148.74192353461078,129.35418394829938,0.009582372402427097,0.01344391590356224,2.485308598353309
2021-07-23,144.3952518138537,145.5402343738835,143.77871699978286,145.38365173339844,71447400,0.0028945630305556,0,67.19066823272082,3.856028907630275,3.951673042699256,149.02966322250938,130.54905381850625,0.011918096798070543,0.01343550451866322,2.377506796790836
2021-07-26,145.09986688786083,146.62651038671302,144.54204679960304,145.80447387695312,72434100,-0.0149006189352621,-1,67.81660211260795,3.870826423622873,3.9355037188839797,149.0550702352214,132.07769954016922,0.0028903818495047418,0.013330613941176036,3.1072865046843936
2021-07-27,145.93164237751336,146.0197294253044,142.43798074633216,143.63189697265625,104818600,-0.0121961402561971,-1,61.31312273563981,3.664996958902549,3.8814023668876936,148.73812640687893,133.56800915220308,-0.01501274841758704,0.013989264909059327,0.7758826318000537
2021-07-28,141.71377881629738,143.82759890037482,139.49231007240476,141.88014221191406,118931200,0.0045525736705276,0,56.59999745110532,3.3222270901433433,3.769567311538824,148.28058142858137,134.87205529016862,-0.012271123468989842,0.014349118490902812,-2.7958640981983445
2021-07-29,141.5963770040042,143.4166088320994,141.48872832316107,142.52606201171875,56699500,0.001510718597159,0,57.8855121494947,3.0673414266823045,3.6291221345675204,147.74747984702856,136.25459840004174,0.0045422420521168405,0.014348742991933828,-1.9127284060918652
2021-07-30,141.29302673523125,143.2013309437346,141.02879540404095,142.7413787841797,70440600,-0.0023309141213415,0,58.328619674153835,2.8498654907004948,3.4732708057941153,146.96789540878137,137.87481699356238,0.001509578609808493,0.014351962981105781,-0.3620101511531911
2021-08-02,143.23069737931422,143.80807908589327,142.14442954077148,142.40866088867188,62880000,0.0126438808798214,1,57.32491941371735,2.6204596632588846,3.3027085772870692,146.4915894867778,138.89523607474564,-0.002333634930466566,0.01386161331996139,2.1551668465776808
2021-08-03,142.69239699012917,144.8747126129823,142.07586240162897,144.20925903320312,64786600,-0.0027821694827306,0,61.21461623469926,2.554500423507875,3.1530669465312307,146.3985180474183,139.51088747015984,0.012564614475322422,0.013770471740693117,0.8278836328472646
2021-08-04,144.12120964935443,144.63008072615645,143.1523715622017,143.80804443359375,56368300,0.0007487847765275,0,59.90439479993406,2.4417061174833066,3.010794780721646,146.4646348288652,139.677679319084,-0.0027860469096889773,0.01327590282927102,1.0660151271887475
2021-08-05,143.83743438633402,144.6790474286487,143.04475528663332,143.9157257080078,46397700,-0.004767346918003,0,60.15091700459257,2.3340987586710753,2.8754555763115324,146.39556160730328,140.12058524328265,0.0007485045770714294,0.013063769558881893,0.17714317699777046
2021-08-06,143.43545395856697,144.18031321751994,142.72979152170154,143.22962951660156,54126800,-0.0003420798604664,0,57.71599549675309,2.168460262752461,2.734056513599718,146.404022345852,140.23434587924567,-0.004778746962731617,0.012831179175272435,-1.4816124035368687
2021-08-09,143.28844350778914,143.7784860744744,142.62199279545507,143.18063354492188,48908700,-0.003353977402428,0,57.53687345878392,2.010066203961429,2.5892584516720603,146.3674357734558,140.4479511894348,-0.0003421383831279101,0.012786606103262875,-1.7995609203634955
2021-08-10,143.52367690186915,144.76838927434818,142.40638038902802,142.70040893554688,69023100,0.0017859254701715,0,55.71184723216071,1.824753041437532,2.4363573696251546,146.36672707216172,140.46609458311173,-0.0033596145928385113,0.012698211655986774,-0.6485244968161257
2021-08-11,143.14147985471118,143.79813529735975,142.631831244403,142.95526123046875,48493500,0.0207730707174813,1,56.5004110111447,1.679099857386234,2.2849058671773705,145.9793411038974,140.55290529502838,0.0017843326014936878,0.01142047596373371,0.7577656758680686
2021-08-12,143.27865400221475,146.08169819848888,142.93561820929602,145.9248809814453,72282600,0.0014105960756569,0,64.44463345459177,1.78274181745374,2.1844730572326445,146.11486712140848,140.47933148698993,0.020560252693684333,0.012357219150662044,2.384699978202657
2021-08-13,146.00330617321433,146.46394745377953,145.3172494643666,146.13072204589844,59375000,0.0135476034171249,1,64.92283023383938,1.8600470070646509,2.1195878471990457,146.5168367345496,140.3644346277551,0.0014096021196161601,0.011884439162762923,2.374464426915286
2021-08-16,145.58182197453553,148.17905624484246,143.55305376409413,148.11044311523438,103296000,-0.0061536695881941,-1,69.21170872670433,2.0573431012417416,2.107138898007585,147.00771759739817,140.74417144068778,0.013456655138047502,0.010147493759650877,4.003817036816233
2021-08-17,147.23821721938666,148.65933797891813,146.12092052407525,147.1990203857422,92229700,-0.0255012136104743,-1,65.25586366652146,2.1157682210934468,2.1088647626247576,147.50481190273925,140.6644614737256,-0.0061726814481586345,0.008823258824271363,2.0732103975728022
2021-08-18,146.81676211636082,147.71843868222086,143.23944225684676,143.4452667236328,86326000,0.0023231993689067,0,52.05862690896734,1.8379868323065125,2.0546891765611086,147.47741948983224,140.80726068594902,-0.025832005402638636,0.010657533865886065,-0.25226524106477044
2021-08-19,142.1417779274818,145.05263263003178,141.62233388540264,143.7785186767578,86960300,0.0101567825421862,1,52.968013212827366,1.6259903235938964,1.9689494059676662,147.48029028581965,140.81611779523502,0.0023205049136167943,0.010450056003079982,-0.09533845629099688
2021-08-20,144.50378183589572,145.5426698813194,143.85692193613244,145.2388458251953,60549600,0.0102568999975101,1,56.83221538828705,1.5578597223571364,1.8867314692455603,147.46289432215886,140.8190331680755,0.01010554904598937,0.010349000641130328,1.4027937622786801
2021-08-23,145.3564180367249,147.19898280077066,144.94478409144247,146.72854614257812,60131800,-0.000601081405765,0,60.406007202935726,1.6055641515798698,1.8304980057124223,147.62407687192206,140.7502578448748,0.010204654943233749,0.01058491752345668,2.477927712579312
2021-08-24,146.47373764386114,147.85566143575133,146.17970907783348,146.64035034179688,48606400,-0.0084214495773354,-1,60.08883366689986,1.6176068268165125,1.7879197699332403,147.92420338727737,140.7509766664336,-0.0006012621276161312,0.009958489203579123,2.7609881678962416
2021-08-25,146.8265464293222,147.32639940143548,144.85658076220977,145.40542602539062,58991300,-0.0055270644507617,-1,55.68028742852178,1.5100952243191728,1.7323548608104269,147.94310543737632,141.08460299768225,-0.008457110335148954,0.009724000119516761,1.713938174665557
2021-08-26,145.39564242211458,146.15029724311051,144.57235950525344,144.6017608642578,48597200,0.0071845228378342,1,52.95729220326386,1.3445433835904907,1.6547925653664397,147.92338576517145,141.31189255514104,-0.005542395186890481,0.00980418694572637,-0.9067131720708669
2021-08-27,144.54295000853472,145.7876623043235,143.90590065942186,145.64065551757812,55802400,0.0304172805322657,1,55.95586469093056,1.2823898809073455,1.580312028474621,147.97961161581054,141.54559437784178,0.007158837106735483,0.009908863450117435,-0.33536173739454095
2021-08-30,146.0327017624141,150.43328990399013,145.6504691143869,150.07064819335938,90956700,-0.0084247836559725,-1,65.9288505972433,1.5724697161221002,1.578743566004117,148.92577432328392,141.36563040083718,0.029963846930223248,0.011789407524417199,1.3234752640635215
2021-08-31,149.61980794744622,149.7570192751645,148.27708107451022,148.80633544921875,86453100,0.0044785920510836,0,61.63912259350315,1.6809635024002603,1.5991875532833457,149.44769009696668,141.30342226875595,-0.008460472735677627,0.01179340253851233,1.0919332610125496
2021-09-01,149.7864127413778,151.89358979635324,149.30616564221367,149.4727783203125,80313700,0.0074749016113766,1,63.005541980679695,1.7999730112535701,1.6393446448773907,150.0322823017002,141.28530345269434,0.004468593001031529,0.011763932497444174,4.201959210193058
2021-09-02,150.80569255452266,151.63877088807703,149.36496623243957,150.59007263183594,71115500,0.0042303880476692,0,65.24093027458633,1.9618304574424883,1.7038418073904102,150.78185131064518,141.20316913613217,0.007447102976419373,0.011823677402431053,4.73753243375099
2021-09-03,150.69787277040314,151.55055693814364,150.04121757771816,151.2271270751953,57808700,0.0154893323166667,1,66.48445999466094,2.117103962531502,1.7864942384186286,151.51602922783047,141.26874097480624,0.0042214651122876035,0.011712163353658806,4.123057585576863
2021-09-07,151.88378675982,154.1281750234367,151.31533561615151,153.5695343017578,82278300,-0.0100834302680564,-1,70.6432461486224,2.4014891488366175,1.9094932205022266,152.69211223113962,141.13154804718067,0.015370597125092367,0.012019154014001792,4.66234304027807
2021-09-08,153.85378127804458,153.9125840013745,150.91352547223326,152.02102661132812,74420200,-0.006704908735954,-1,64.90918675810427,2.4734029787697693,2.022275172155735,153.2273469774303,141.52837506846814,-0.010134612402707077,0.012314574132890601,3.669301291895234
2021-09-09,152.39345874260397,153.00110680340413,150.8841191042815,151.00173950195312,57305700,-0.0331020962909444,-1,61.37760452979549,2.420248141886674,2.101869766101923,153.46205514510478,142.09831472794207,-0.006727487619362371,0.012510278305397434,3.848765228049519
2021-09-10,151.91317680467418,152.38361342288792,145.73863824034083,146.00326538085938,140893200,0.003893621446271,0,47.67803055383438,1.9522827626815058,2.0719523654178396,153.4609558979384,142.1072524150499,-0.03366236954850166,0.01420522844990738,0.9692167704079334
2021-09-13,147.63024065247,148.4045013917985,145.78767566355324,146.57174682617188,102404300,-0.0095621091003428,-1,49.070326469828224,1.6087439311618539,1.9793106785666426,153.46052788450424,142.15178290651136,0.0038860609211486263,0.014228689792833224,0.6393072767249196
2021-09-14,147.35581250665328,148.06147503126564,143.98431710126377,145.1702117919922,109296300,0.0061439739328086,1,45.832222902104306,1.209452947259905,1.8253391323052952,153.42599740602736,141.89229025266405,-0.009608119605463372,0.014026745798007709,-3.265419627596459
2021-09-15,145.60149242999609,146.46397241376593,143.45510289624343,146.0621337890625,83281300,-0.0016106844646359,0,48.17596908327131,0.9539856639433708,1.6510684386329104,153.4084531799297,141.79614581909377,0.0061251766788990025,0.014057691457025017,-1.844143027830108
2021-09-16,145.48385292412618,146.00329689602742,144.28814775543293,145.82687377929688,68034100,-0.0183479806757623,-1,47.591043375438794,0.7241944222303687,1.4656936353524022,153.2737615967906,142.16899810779924,-0.001611983011412299,0.012731042601851164,-2.4391762714162164
2021-09-17,145.85628990076225,145.85628990076225,142.85721655963627,143.1512451171875,129868800,-0.0213610529592093,-1,41.430082384790275,0.32246515813048404,1.2370479399080185,153.33740528477438,142.04262706385845,-0.01851839256799437,0.01343533662830456,-4.939786125766042
2021-09-20,140.93625767675672,141.9555397257547,138.4566432656741,140.0933837890625,123478900,0.003427889286321,0,35.73620292736036,-0.23988676622133198,0.9416609986821485,153.91104250002329,140.95444364499625,-0.021592502185371565,0.01401066029485111,-7.3622659515291415
2021-09-21,141.0636509821954,141.72032120475433,139.93655902151735,140.5736083984375,75834000,0.0168724855177109,1,37.195995391252225,-0.6394336125727875,0.6254420764311613,154.2594126238327,139.99057974677277,0.0034220274658034455,0.013784971476905675,-8.462567762811505
2021-09-22,141.5733062965506,143.5138708346114,140.83824238540038,142.9454345703125,76404300,0.0067192054032034,1,43.96614637839208,-0.7559763917290923,0.34915838279911066,154.30300427233493,139.5774965211221,0.01673172623355157,0.0144173285924919,-5.969958395439056
2021-09-23,143.72949119090302,144.1509356110608,142.73961050481446,143.90591430664062,64838200,0.000612871272221,0,46.48208607502728,-0.762050255215911,0.12691665519610634,154.31899611026031,139.41155351132173,0.006696732154661156,0.014418267094280238,-4.699167849798657
2021-09-24,142.75920818791974,144.5331599371337,142.66119368982206,143.99411010742188,53477900,-0.0105499768035726,-1,46.718661292868255,-0.7510890843217339,-0.04868449270746171,154.33010988748742,139.339674658411,0.000612683543320891,0.014370996998295676,-1.3761029715304536
2021-09-27,142.57299008435822,143.0532371987593,140.9558555448059,142.4749755859375,74150700,-0.0238013588597915,-1,43.178141506815464,-0.8551263728356275,-0.2099728687330949,154.39636256086024,138.9568539918741,-0.010606022343464971,0.014440374405561552,-2.795062028627508
2021-09-28,140.39718798406145,141.8673156069312,138.86825764906274,139.08387756347656,108972300,0.0064831589157259,1,36.52410715882326,-1.1974069810375738,-0.40745969119399067,154.3500141449064,137.9045253448397,-0.0240891875191922,0.013336825698876058,-4.192550354088108
2021-09-29,139.63274915010976,141.57331379089658,139.20150923995394,139.98558044433594,74602000,-0.0093118721792176,-1,39.206876577680084,-1.3799991709729795,-0.6019675871497885,154.2269614226663,137.14550256659152,0.006462233633555137,0.013479125775849789,-4.160252344048386
2021-09-30,140.79904018482358,141.50470270899655,138.46643267686778,138.6820526123047,89056700,0.0081270443729537,1,36.78638709523348,-1.611314369962173,-0.8038369437122654,154.01933797061466,136.27405344784236,-0.009355498701904885,0.01342734382149678,-4.8995229629660635
2021-10-01,139.07406401271928,140.07375496115557,136.33963327586,139.8091278076172,94639600,-0.0246055374874039,-1,40.22271356760889,-1.6842725374078498,-0.9799240624513824,153.4015866496319,135.81371028640325,0.008094197791576718,0.013456483750938898,-2.3346756829354605
2021-10-04,138.93686741546034,139.3779177030337,135.51637976546095,136.36904907226562,98322000,0.014158312523036,1,34.125123654632716,-1.9966617410767356,-1.183271598176453,152.8055011643345,134.9239879714077,-0.02491331286747478,0.014113170589661841,-2.6584658147772178
2021-10-05,136.71207166126047,139.40730560106334,136.58465581671635,138.2998046875,80861100,0.0063071957152642,1,39.654490596241345,-2.06463674625644,-1.3595446277924503,151.16119633201572,135.0413198423007,0.014059019731035072,0.014015406537460327,-1.617518207608857
2021-10-06,136.69247443763487,139.3190954107542,135.61437481140692,139.17208862304688,83221100,0.0090845280591072,1,42.022221908239175,-2.024780989117062,-1.4925919000573726,149.56422270765182,135.35339966783647,0.00628738859765221,0.014193261147460601,-2.6397107110193003
2021-10-07,140.2109859591421,141.3478883774017,139.87776058117706,140.4364013671875,61732700,-0.0027218578736238,0,45.368136123286746,-1.8696236842574194,-1.567998256897382,147.89647359908628,135.96461496292545,0.0090435119548955,0.01449298257363295,-2.410959241091471
2021-10-08,141.16165438015548,141.3086611617573,139.7209281008109,140.0541534423828,58773200,-0.0006299443193283,0,44.531387955829544,-1.7572481524086925,-1.6058482359996442,147.34493167773843,135.92124569042562,-0.0027255688641547593,0.012652665163930616,-2.7361929332385837
2021-10-11,139.43668783947464,141.92609699331564,138.98584218937734,139.96592712402344,64452200,-0.0091027751919341,-1,44.32817034445179,-1.656217021485702,-1.6159219930968558,146.58168001717326,136.02391538077597,-0.0006301428176174184,0.012580681210384833,-1.761045019727457
2021-10-12,140.37759646472705,140.3972023557475,138.2312075228374,138.6918487548828,73035900,-0.0042399262694227,0,41.39065540888597,-1.6598231902782175,-1.6247022325331282,146.06011356823458,135.89764552600369,-0.009144458599310568,0.012566936332436121,-0.2818650266741605
2021-10-13,138.42723544419957,138.58403770640166,136.4278533132654,138.1038055419922,78762700,0.0202256802210551,1,40.07080083393931,-1.6906426022946448,-1.6378903064854315,145.23616502746634,135.9257612420649,-0.004248940244891308,0.012414813247566216,-1.3442633851077408
2021-10-14,139.27991428350313,141.0146693485301,138.69185715657107,140.8970489501953,69907100,0.0075124847991012,1,48.47549360753024,-1.4726994469261285,-1.6048521345735711,144.3274581547207,136.34148563190038,0.020023857941557033,0.01342541405438314,1.5971759114950521
2021-10-15,140.90685250780268,142.014338607517,140.65202078625612,141.95553588867188,67940300,0.0118060477698098,1,51.264747167940314,-1.2007256583466699,-1.524026839328191,144.1306389075618,136.41873395620772,0.007484406622072726,0.012964113665521975,1.5352417361534711
2021-10-18,140.5932000333711,143.91568781616144,140.30898194377212,143.6314697265625,85589200,0.0150801569568657,1,55.38315249545073,-0.8402645701595475,-1.3872743854944625,144.57350941566943,136.32967204185007,0.011736900096232183,0.012219977253716922,5.325563757835051
2021-10-19,144.08230590025846,146.1992933162076,143.63147512671546,145.79745483398438,76378900,0.003361073835618,0,60.07857985087723,-0.375491235288024,-1.184917755453175,145.4488154500923,135.9767506509819,0.014967581746893721,0.012595082313936294,5.42130204986619
2021-10-20,145.73864560326368,146.76773790846218,145.17019447320249,146.28749084472656,58418800,0.0014741688751036,0,61.07661101823371,0.032017711525639925,-0.941530662057412,146.12744113548564,135.63233059302996,0.003355438051613646,0.012107531640658878,5.112664681602959
2021-10-21,145.84648796823797,146.65996054435885,144.92520541323566,146.50314331054688,61421000,-0.0052850520193766,-1,61.53237978200732,0.3681292744049358,-0.6795986747649425,146.6632608745528,135.35623375435347,0.0014730833548632916,0.012037847846006504,4.319921248549487
2021-10-22,146.7089517488773,147.18918391188018,145.6798593275794,145.72886657714844,58883400,-0.0003362132213781,0,58.867157468244784,0.5655036737184105,-0.43057820506827194,146.97907426529108,135.21389601058783,-0.00529906730963603,0.012117446269377845,4.051799247139185
2021-10-25,145.71906743521066,146.3953286488428,144.68017946553806,145.67987060546875,50720600,0.004574812752873,0,58.693908121477165,0.7097887389870721,-0.20250481625720315,147.44733394717406,135.066125830658,-0.000336269753715257,0.011831872863942279,4.082381761657037
2021-10-26,146.35612420354883,147.83604746665293,146.042489762277,146.34632873535156,60893400,-0.0031477581007851,0,60.40108682871926,0.8679085840857681,0.011577863811391089,148.10311493438905,135.1365899606305,0.004564380103190047,0.010248553173837688,5.519055408942528
2021-10-27,146.38550388603736,146.7481305695104,145.53283467682837,145.8856658935547,56094900,0.0249919384049159,1,58.598297927107886,0.9451529245287702,0.19829287595486692,148.60737838716875,135.22233505277268,-0.0031527227123167023,0.010280589132812913,5.634790671424567
2021-10-28,146.8363967132131,150.11967371638,146.73838219464628,149.53163146972656,100077900,-0.0181556485628904,-1,66.9947715899458,1.285747277966152,0.415783756357124,149.74606392571977,135.1686073999638,0.024684747588628042,0.011077390954187836,6.128291957756636
2021-10-29,144.2881657342144,146.95399906987456,143.49429899729273,146.81678771972656,124953200,-0.0056076912963655,-1,57.62355935434705,1.321373583047091,0.5969017216951175,150.22613157456345,135.3893057423311,-0.018322484781913673,0.012065064118799177,3.42448908429123
2021-11-01,146.02288585396352,146.71873790698544,144.85658218082636,145.9934844970703,74588300,0.0071159298520071,1,55.10614583810996,1.268550931567603,0.7312315636696146,150.20595425136233,136.37192660801267,-0.005623473425730552,0.01042202521723732,1.6444966935202174
2021-11-02,145.69944762084313,148.5514987152831,145.6896371991665,147.03236389160156,69122000,0.0097987601174895,1,57.62199712071924,1.295582812375983,0.8441018134108883,150.42682596283785,137.0243108169473,0.007090731094286262,0.010160475358728275,0.8470031654690715
2021-11-03,147.3949991515026,148.94353542048876,146.83635841514152,148.4730987548828,54511500,-0.0034984414202473,0,60.89491372116335,1.4169275763209441,0.9586669659928995,150.85415688167794,137.52708091129082,0.009751063592339904,0.010247501271436163,1.4940497629261495
2021-11-04,148.5613223792471,149.39438585976856,147.64003986144715,147.95367431640625,60394600,0.0035821941005902,0,59.12208336682409,1.4544153697746083,1.0578166467492414,151.18848616229312,137.9444789255975,-0.0035045752765689997,0.010257257723985308,0.9901023098082224
2021-11-05,149.08239818789303,149.38666561598745,147.28622291132336,148.48367309570312,65463900,-0.0055524463710198,-1,60.389257549642416,1.5094907188941704,1.1481514611782273,151.47926174593093,138.49665530729172,0.0035757933246296503,0.010181328288911624,1.8903643343004393
2021-11-08,148.6112968984832,148.76834300613436,147.38440226384824,147.6592254638672,55020900,0.0024595445176938,0,57.4080432505773,1.469670845506414,1.2124553380438647,151.53120466170805,139.21404222549899,-0.005567918500060998,0.010330777401879482,1.3587016862191896
2021-11-09,147.4236746470698,148.63093492428865,147.2862630299615,148.02239990234375,56787900,-0.0191635820400717,-1,58.38268375996271,1.4506957335796073,1.2601034171510133,151.27378472743916,140.40451727451395,0.0024565247885020014,0.009950889662695096,1.145277221147888
2021-11-10,147.24694889017508,147.3549161864625,145.11706220590227,145.18576049804688,65187100,-0.0003377862118064,0,48.95895921199566,1.1930124229399723,1.246685218308805,150.3347427831474,142.0517547144112,-0.01934958361684025,0.011061203374808475,-0.47976296452490247
2021-11-11,146.2065822230877,146.6678808138986,144.95022837459734,145.13671875,41000000,0.01433700460907,1,48.812264661905616,0.973616043843208,1.1920713834156857,149.80898450692197,143.0014799706171,-0.0003378432744192139,0.010272367444816409,-2.9391190857275804
2021-11-12,145.68636749026334,147.619954608485,144.75393057491192,147.21754455566406,63804000,6.633465480954115e-05,0,54.97645394961004,0.9566207564688796,1.1449812580263246,149.40341089572794,143.93325444851033,0.014235201637877282,0.010586091171806804,0.2729639043067373
2021-11-15,147.59046608655402,149.07256392748403,146.66783921314402,147.22731018066406,59222800,0.0066669160960624,1,55.00384032150878,0.9331827235520223,1.102621551131464,149.20806877563172,144.4881806140167,6.633245476361793e-05,0.010329209030590597,0.8451237997669063
2021-11-16,147.16845811789992,148.6898103620709,146.5795427405627,148.2088623046875,59256200,0.0164901406525017,1,57.78340037372204,0.9824854857352534,1.078594338052222,149.34792333439958,144.58946680231918,0.006644790496182829,0.009905871822365672,0.8001628906363102
2021-11-17,148.20886785237,152.13493057693609,148.19905808718525,150.65284729003906,88807000,0.0285357764490383,1,63.78253384848731,1.2048783553856595,1.1038511415189096,150.03159844770798,144.34232733354204,0.016355654730324964,0.010490276406189835,1.4681100842078068
2021-11-18,150.86875026761706,155.73705863714747,150.22094645963304,154.95184326171875,137827700,0.0169760994764707,1,71.46410365758733,1.708326825298343,1.2247462782747964,152.00749949408484,143.21129628228235,0.028136214580305463,0.01206648535477628,4.72997306599265
2021-11-19,154.7359171470172,158.04363466373405,153.63662454715842,157.5823211669922,117305600,0.0029275760446931,0,74.96325048796459,2.2931370910318094,1.438424440826199,154.29492003493039,142.1092212004212,0.016833615783849787,0.012296997106650552,6.127709452220146
2021-11-22,158.6914443472637,162.6371414846842,158.0240208888666,158.0436553955078,117467900,0.0024220981237936,0,75.52997342735598,2.76199074661875,1.7031377019847092,156.1478271127907,141.49269260156478,0.0029232990394163494,0.01225929957047637,7.032699717215933
2021-11-23,158.14180469691394,158.8092431604203,156.11988475240108,158.42645263671875,96041900,0.0032831739454219,0,76.01511478209308,3.1283870858034675,1.988187578748461,157.7588727529393,141.08965935155285,0.0024191695720059414,0.012264157540408282,7.028701562222317
2021-11-24,157.77858860443422,159.1428943080719,156.68910599385052,158.94659423828125,69463600,-0.0316781936432222,-1,76.69133587635164,3.421291387160551,2.274808340430879,159.20914683957878,140.94547809938607,0.0032777960975698406,0.012151488947585441,9.478087722259438
2021-11-26,156.62044578974744,157.48416930217962,153.4697742384674,153.9114532470703,76959800,0.0218737647769482,1,59.27064260042469,3.210122069698002,2.461871086284304,159.57418823777056,141.01841887892868,-0.03219080236956895,0.013685113492659976,6.045840482438433
2021-11-29,156.4241473557717,158.21051306195648,155.85486647061634,157.278076171875,88748200,0.0315775809478571,1,64.99601958108751,3.2766559480841693,2.6248280586442774,160.42730127771713,141.21143468419692,0.02163796632178272,0.013563974541900543,6.833785773683363
2021-11-30,157.0326917313919,162.460471991212,156.96397844815215,162.24453735351562,174048100,-0.0032064756248978,0,71.38615428112264,3.687627759622046,2.8373879988398314,162.1732907341531,141.0905505134055,0.031089262477791202,0.01470853786735891,10.2000282110865
2021-12-01,164.38420267038478,167.1520834163963,161.48873510059954,161.72430419921875,152052500,-0.0061297713582452,-1,69.94573318995646,3.9260898929956056,3.0551283776709863,163.55141860090816,141.18161667741214,-0.0032116273834708053,0.014821647853829828,9.119186048905922
2021-12-02,155.80577421667738,161.16484040312477,154.8831472601401,160.73297119140625,136739200,-0.011724453368947,-1,67.16459782126333,3.9890967388274987,3.241922049902289,164.57980141637478,141.37922110559788,-0.0061486355349318345,0.01496567191133038,6.690961427340823
2021-12-03,160.98817654426608,161.91080351077787,156.76765689784938,158.8484649658203,118023100,0.0215028529936669,1,62.10893957616534,3.8426703038760763,3.362071700697047,165.15253025240762,141.89597133450647,-0.011793726766522461,0.015294643843204473,2.5147307847897236
2021-12-06,161.2531853471854,164.77683760268036,161.24337558317583,162.26416015625,107497000,0.0354463885386544,1,66.96298957564635,3.9566347326649236,3.4809843070906226,166.1929906425945,142.23355965037422,0.021274928216981515,0.01579975815895326,2.971043296345662
2021-12-07,165.95466478279718,168.40845386171824,165.22833782381016,168.01583862304688,120405400,0.0227830388392207,1,73.19098772057669,4.4596566017719965,3.6767187660268976,168.22651671103193,142.23569489785478,0.03483262701118406,0.01699095338662245,6.309764983974491
2021-12-08,168.9482820266579,172.7074885052505,167.54470695562583,171.84375,116998900,-0.0029701778164211,0,76.38209279179648,5.108300209042795,3.9630350546300774,170.8446917684362,141.99965485021616,0.02252738123053888,0.017331514378165817,8.469101680921877
2021-12-09,171.67687992199998,173.48286484992437,170.70517418411447,171.33334350585938,108923700,0.0280132648148434,1,75.0984904574102,5.517566332482573,4.273941310200577,172.57506634387602,142.88403857555755,-0.002974597548313973,0.016357728588856292,7.793025907185407
2021-12-10,171.97133378046797,176.30963040334342,171.4609415375598,176.13294982910156,115402700,-0.0206742603275789,-1,78.7199646779425,6.158212758883678,4.650795599937197,174.9893205334288,143.56940749391495,0.02762807046610849,0.016772337453567935,14.43784469136265
2021-12-13,177.77207433330148,178.76341452749634,172.285406536853,172.4915313720703,153237000,-0.0080230671141028,-1,70.35947063157845,6.299481133322132,4.980532706614184,176.23477343626607,144.85135327271828,-0.020890964854837435,0.018059734472345376,9.672966233113064
2021-12-14,172.01061281459928,174.45459210584534,169.02681191245964,171.1076202392578,139380400,0.0285091221825,1,67.42849107231042,6.22797505559717,5.230021176410782,176.81644187853536,146.65771583630837,-0.008055425106839209,0.01833488477119126,5.462792788166643
2021-12-15,171.87319557243478,176.18204841367742,169.12494892495155,175.98574829101562,131063300,-0.0392636968693191,-1,71.87582460382986,6.490116120703902,5.482040165269407,178.08165860096102,148.17018771251554,0.02811029947601451,0.018900752551654573,8.818367877612898
2021-12-16,175.96614195545544,177.79176184427124,167.5938138301891,169.07589721679688,150185800,-0.0065021093703042,-1,59.48572598935877,6.070322668690807,5.599696665953687,178.05581752875258,150.03833377739977,-0.04005530607317631,0.021684788638088523,5.190550491010079
2021-12-17,166.78890700129642,170.26347995151886,166.55335288720448,167.97654724121094,195432700,-0.008121897684437,-1,57.779190428969855,5.5845497647171385,5.596667285706377,178.15535059872715,151.2412711053744,-0.00652334016343481,0.02118226662903474,5.746408866686077
2021-12-20,165.16942990386642,167.42691858696432,164.3645949683115,166.6122589111328,107499100,0.019086919335209,1,55.645707741079214,5.031484747925617,5.483630778150225,178.22198041949724,152.0776350590184,-0.008155059977998924,0.021124538282356917,2.679642103774408
2021-12-21,168.38879868844631,169.9984835275847,165.9938984450784,169.79237365722656,91185900,0.0153189666010724,1,59.40821328385136,4.794517210265383,5.345808064573257,178.53226527046093,152.94222203422657,0.018907049263520825,0.02143014293675931,1.0573616444372518
2021-12-22,169.84147054164066,172.6093520110506,168.96792216563543,172.39341735839844,92135300,0.003643661806651,0,62.230325498310116,4.761711175892685,5.228988686837143,179.08206229715938,153.78912147969606,0.015202815935617231,0.021583627361140324,0.31986462027186763
2021-12-23,172.59951616954052,173.5810317235857,172.03023535098566,173.0215606689453,68356600,0.0229747562006681,1,62.90112483725022,4.731852225862042,5.129561394642123,179.60570081735125,154.67297960257065,0.0036370397517817565,0.0215829475646712,0.9853406981625866
2021-12-27,173.8165732862966,177.08502164182448,173.79695375988817,176.99668884277344,74919600,-0.0057670680722832,-1,66.9067136208861,4.971638461489732,5.097976808011645,179.8918316598967,156.6953723195955,0.022714810419344644,0.02014914067978571,0.49039036393244106
2021-12-28,176.8298657019043,177.97823723210308,175.22999037629228,175.97593688964844,79144300,0.0005019614127026,0,64.96693675070006,5.021420815518667,5.082665609513049,180.11693493323236,158.34005511803718,-0.005783761822963918,0.020032408900391492,2.0200443986215992
2021-12-29,176.0151912450478,177.29116449792193,174.84718530534158,176.06427001953125,62348900,-0.0065781240412572,-1,65.06133771568767,5.010246432990471,5.068181774208534,180.7008871569218,159.1380761609493,0.000501835472215717,0.01913274263803987,2.8968024763260756
2021-12-30,176.1526265636074,177.2322998407697,174.79813008439314,174.90609741210938,59773000,-0.0035353093866808,0,62.67661331394851,4.852004911808052,5.024946401728438,180.87625010674586,160.2808925324143,-0.0065998552520332154,0.01921559314750229,-0.6134876769230796
2021-12-31,174.79812762549122,175.91705492574604,173.983467796318,174.28775024414062,64062300,0.0250041104446265,1,61.38299238325712,4.623406169142726,4.944638355211295,180.61415731809552,161.8984632263381,-0.0035415733606596334,0.019152450193788077,3.082552340775618
2022-01-03,174.5429321185891,179.4995892112378,174.42515503160624,178.64566040039062,104487900,-0.0126917089421836,-1,66.61307462797446,4.7392557573634235,4.903561835641721,180.23238228111825,164.25995780677238,0.024696622772210297,0.019301386382076,6.351549269469777
2022-01-04,179.25419002967348,179.55845745447346,175.8090608575143,176.3783416748047,99310400,-0.0265997504483684,-1,61.91475010939281,4.595143761394297,4.841878220792236,179.68050073916103,166.22325750058505,-0.012772936691276549,0.01937278844619783,5.861563145171017
2022-01-05,176.290032760117,176.83967914737053,171.41189860813105,171.6867218017578,94537600,-0.016693446416489,-1,53.50517178938522,4.055608917000001,4.68462436003379,179.50620192141474,166.76464463620243,-0.026959925211713198,0.019151458234124202,1.115685059186181
2022-01-06,169.50773661732023,172.05968310015797,168.46733250526367,168.8206787109375,96904000,0.0009883555715597,0,49.11632387631668,3.358048448568667,4.419309177740765,179.60885657530432,166.3596828534066,-0.016834352331110303,0.01885164675965239,-2.0724333342922074
2022-01-07,169.69422597653536,170.9211204367095,167.86860642072668,168.98753356933594,86709100,0.0001163004151689,0,49.376667129489405,2.7865687147289577,4.092761085138404,179.68458813334976,166.04937030170882,0.0009878674697771928,0.01884937877427056,-2.331516999391753
2022-01-10,165.95467253383114,169.31145435336728,165.06148967296951,169.00718688964844,106765600,0.0167836833601855,1,49.40950073471169,2.308640199925293,3.7359369080957823,179.35308194729882,165.66830019381447,0.0001162936528000813,0.01763909070051749,-4.513927353873886
2022-01-11,169.13477238363146,171.9418925722171,167.66249900972133,171.84375,76138300,0.0025701583526549,0,54.042531049169334,2.1341640310339187,3.41558233268341,179.32687888788897,165.62972511601728,0.016644393714966732,0.017527098102093852,-2.3481545049194215
2022-01-12,172.8645062038037,173.90491024436494,171.58854802680634,172.28541564941406,74805200,-0.0190278947722222,-1,54.737586952146515,2.0083778077129466,3.1341414276893174,179.35780909586904,165.71657444905284,0.0025668611440341493,0.017436860665835847,-2.1462925837809057
2022-01-13,172.53082457713552,173.35529415174287,168.6145716326397,169.00718688964844,84505800,0.0051104838320141,1,48.83399655130654,1.625428725326742,2.8323988872168027,178.98145852973641,165.39506887504876,-0.01921125485900088,0.016664201349524566,-3.3726157119394595
2022-01-14,168.1728627813742,170.56776300627916,167.9274839054903,169.8708953857422,80440800,-0.0188941384084431,-1,50.353262836584044,1.3757738117458587,2.541073872122614,178.95689538244469,165.499131839235,0.005097469629929741,0.014102128750003488,-2.5342313801235883
2022-01-18,168.33971425733603,169.3506740016402,166.27854073936825,166.6613311767578,90956700,-0.0210246598775699,-1,45.005396359172046,0.9084632865798028,2.214551755014052,179.0791270560939,165.24537855914048,-0.01907491332084721,0.014685904206050144,-6.70843568031424
2022-01-19,166.85765136543813,167.91769000661554,162.87270044087128,163.15733337402344,94815000,-0.0103471730517674,-1,40.00944803089349,0.2524627565412061,1.8221339553194829,179.59088881396988,164.38812424755358,-0.021248825612149247,0.01532796320714862,-7.495822999151061
2022-01-20,163.8934607946357,166.54354975921092,161.14521428529383,161.4691162109375,91420500,-0.0127650245132318,-1,37.83051078972515,-0.39904743534822273,1.377897677185942,180.4197265573385,162.72696075955605,-0.010401077206329212,0.014708262991675864,-5.9513079891048974
2022-01-21,161.38080003283116,163.25549850314815,159.29999166470387,159.407958984375,122848900,-0.0048641901567537,0,35.30262931173101,-1.0693651429606064,0.8884451131566323,181.22150157374156,160.62663990575064,-0.012847197480923,0.014260592422888968,-5.5755727310392995
2022-01-24,157.06215216881375,159.30000684733824,151.84048126776224,158.632568359375,162294600,-0.0113849904349151,-1,34.37213208634848,-1.6442108595462628,0.38191391861605334,181.75031140838604,158.65893084014914,-0.004876058833001018,0.014149914436185703,-6.1276503604996835
2022-01-25,156.04132272716996,159.7514499461909,154.11756082376365,156.8265380859375,115798400,-0.0005630591185804,0,32.24056117082446,-2.2199219030765107,-0.13845324572245946,181.67821271673193,156.71401445611963,-0.011450295577269287,0.012699616486027535,-7.207178006970894
2022-01-26,160.47780767829823,161.3513560017588,154.90280601323298,156.7382354736328,108275300,-0.0029431472770095,0,32.13562787524115,-2.652723391689193,-0.6413072749158062,181.42318039783044,155.04527663341958,-0.0005632176958947355,0.012758879773822502,-8.790261226472994
2022-01-27,159.44722329665106,160.81152952765763,155.3543046036314,156.2769317626953,121954600,0.0697776213377283,1,31.557777747704858,-2.998381567495386,-1.1127221334317223,180.8964748164357,153.5932483891307,-0.0029474868517196384,0.01269251612184144,-9.291839257766677
2022-01-28,162.64696676990783,167.2011988377615,159.79075260205332,167.1815643310547,179935700,0.026125525959185,1,53.04971039702652,-2.3651415679588013,-1.3632060203371381,180.05074447320266,153.66652542425828,0.0674507963485711,0.020743552095028667,-1.0802040979392031
2022-01-31,167.0146740043963,171.76520522888097,166.37667997036093,171.5492706298828,115541600,-0.0009725462486478,0,58.65049371349405,-1.4936391676409073,-1.3892926497978921,179.6568886940426,153.78653324199257,0.025790084254498247,0.021664499364757443,0.9880299037274024
2022-02-01,170.79351570873365,171.60817541361024,169.12494226668923,171.38243103027344,86213900,0.0070443357779872,1,58.364084773243256,-0.8071257546240531,-1.2728592707631243,178.30424437597702,154.41285462304643,-0.0009730194786010671,0.020818872740233186,2.8327505967827156
2022-02-02,171.51985796847407,172.62897543344508,170.1261075578704,172.58970642089844,84914300,-0.0167199798352712,-1,59.890436851477794,-0.16375423742849193,-1.051038264096198,177.58149280861085,154.756742665022,0.007019640352132761,0.02075391726957834,5.781151758132831
2022-02-03,171.25480616949991,172.98228289261496,168.93842918083482,169.70401000976562,89418100,-0.0016793262769919,0,54.726148688492906,0.11197990692127746,-0.8184346298927029,177.32223947948543,154.81772481494815,-0.016861336567795426,0.020206920235717463,5.099980722053592
2022-02-04,168.72125118343197,171.09955797995624,167.73848523293438,169.4190216064453,82465400,-0.0042344239800883,0,54.22881902303909,0.3040006897575722,-0.5939475659626479,177.38438694860062,154.81541163538375,-0.0016807379259988764,0.019846281130625868,6.2801523122516025
2022-02-07,169.88094594072888,170.95215737367448,168.00385912062177,168.70162963867188,77251200,0.0184668456941596,1,52.924979379033466,0.3937520784278945,-0.3964076370845394,177.35613904624998,154.815069144668,-0.004243414542187018,0.01986948971436595,6.347411117044935
2022-02-08,168.77043538223953,172.32805922455944,168.4756025229789,171.8170166015625,74829200,0.0082936359922558,1,57.683224140096385,0.7081038121360734,-0.17550534724041686,177.70689238725524,154.74529877485415,0.01829840406275718,0.02029065534180165,9.558636375312032
2022-02-09,173.01597239364082,173.60562304759242,171.88578239754793,173.24200439453125,71285000,-0.0235987072985209,-1,59.69023778320224,1.0599954637723386,0.07159481496213421,177.92881240011218,154.6632042014503,0.008259432775826525,0.020031548807210156,10.529510473961393
2022-02-10,171.13890900487118,172.4558121410886,168.59354809326686,169.15371704101562,90865900,-0.0202186464709627,-1,52.06124420326465,0.9974831459559539,0.2567724811608982,177.5272570371701,154.75158970355255,-0.023881616517589244,0.020741765891953628,8.239722352543726
2022-02-11,169.3600667805501,170.0971412814251,165.1439922378864,165.73365783691406,98670700,0.0014232813249634,0,46.685674781407904,0.664313693824397,0.33828072369359796,177.28785155441486,154.66364228103438,-0.020425840853794952,0.020799844359133946,-0.8660682772853264
2022-02-14,164.48555705147456,166.65747672658372,163.68951891129095,165.96954345703125,86185500,0.0231525662454099,1,47.09145259322675,0.4145300563651517,0.3535305902279087,176.9510453502837,154.61031329229442,0.0014222694201349029,0.02075954045621855,-3.252550799175248
2022-02-15,168.02353762882288,169.96941049690344,167.3159447684623,169.81216430664062,62527400,-0.0013890074500328,0,53.32378694382436,0.5206404930098927,0.38695257078430556,177.24190464404475,154.63453731152165,0.022888611964575034,0.020973292573703343,-0.916235529040568
2022-02-16,168.8883606728898,170.35267256794222,167.11937868964532,169.5762939453125,61177400,-0.0212691904296741,-1,52.911776928250475,0.5790263562238067,0.4253673278722058,177.5932627808501,154.92507523184523,-0.0013899730151027967,0.020327849562056927,-1.7459977991022593
2022-02-17,168.0824845697611,168.94732353481027,165.56660575778602,165.96954345703125,69589300,-0.0093556299634641,-1,46.93934480732743,0.33045368752596005,0.4063845998029567,177.6056560396168,155.3627246976879,-0.021498638949472237,0.020827464659301693,-2.200576493460275
2022-02-18,166.8933689298829,167.6009468216719,163.3259227044928,164.4167938232422,82772700,-0.0178123525842026,-1,44.60506418849085,0.008071099525665204,0.32672189974749843,177.42464286739283,156.04462135379856,-0.00939966875847098,0.0207175415370527,-2.9525774235806486
2022-02-22,162.1367581949425,163.81729494035432,159.35552814005308,161.48814392089844,91162800,-0.0258642707128702,-1,40.51283984852693,-0.4782243231632606,0.16573265516534663,177.20074499746252,156.55407677988123,-0.01797290190099954,0.02113404067981967,-4.275883838954851
2022-02-23,162.68708741626082,163.28657531432245,156.9968785115613,157.31137084960938,90009200,0.0166802495315512,1,35.509318994089696,-1.1869650352512906,-0.1048068829179808,177.13232660435756,156.67097844935336,-0.026204632597401023,0.02183348244476412,-8.442496580877782
2022-02-24,149.95045639119465,160.0434686425656,149.38045024208816,159.93536376953125,141147500,0.0129653855679765,1,40.48249897947678,-1.5193981803378733,-0.3877251424019593,176.73680234067484,157.38621554262596,0.016542662056932222,0.022136835094287287,-7.680955130660017
2022-02-25,161.0163841306603,162.27432346013268,158.09756779697935,162.0089874267578,91974200,0.0016378742069285,0,44.14795693074092,-1.5971191483581322,-0.6296039435931939,176.01568990343193,158.6805335462751,0.012882054463557502,0.02227048649897435,-4.22380881676126
2022-02-28,160.249841950296,162.569170605232,159.63069449285575,162.2743377685547,95056600,-0.0116278512142811,-1,44.61798812128854,-1.6186433080214613,-0.8274118164788474,176.04865401690347,158.15684677655355,0.001636534353776753,0.01605432644635557,-2.087276726712585
2022-03-01,161.86158516779412,163.72884988791748,159.1786377230553,160.38743591308594,83474400,0.0205881354002048,1,41.91659404102274,-1.767582973629601,-1.0154460479089982,175.70151987667015,157.3877974451072,-0.011695983344700345,0.014844483385008102,-3.363332469122863
2022-03-02,161.5569135885326,164.47573001503346,160.14172804891763,163.68951416015625,79724800,-0.0019812527662405,0,47.865362316960656,-1.6007165497827316,-1.132500148283745,175.1157852212458,157.2042404135198,0.0203790644578854,0.015764770618642038,-3.605542730983816
2022-03-03,165.56660530985462,165.9990247912093,162.69693011047048,163.36520385742188,76678400,-0.0184083168959739,-1,47.35241217656684,-1.4776098709210146,-1.201522092811199,174.22222269699054,157.17535268142743,-0.001983218043738688,0.015612563259712497,-3.662711304384132
2022-03-04,161.65518372489828,162.69691327903544,159.30637359945834,160.35792541503906,83737200,-0.0237176566056253,-1,42.77479644761673,-1.6042167661234998,-1.2820610274736592,173.84960693029112,156.6133599886542,-0.01857985841673937,0.01569882604520811,-3.3811131398605125
2022-03-07,160.54463836931006,162.1760333658169,156.29908247418155,156.5546112060547,96418800,-0.0116759680322433,-1,37.79810717443362,-1.9885268144646489,-1.4233541848718572,173.7625557668449,155.41397011206135,-0.024003448139519712,0.016390919587909236,-4.78186104616528
2022-03-08,156.08290647641851,160.0729341178279,153.1149488975309,154.7266845703125,131148300,0.0349974477740409,1,35.651224720439785,-2.412780665851386,-1.621239481067763,173.80318536238553,153.9758460096848,-0.011744667425178434,0.016483584090397456,-4.1869695114570735
2022-03-09,158.69705635061237,160.5938026105418,156.66273844037977,160.1417236328125,91454900,-0.0271861548417882,-1,45.52268543636657,-2.2857082804324307,-1.7541332409406967,172.6415882627441,153.96991381245118,0.03439896079549065,0.017972466738102533,1.799204194787012
2022-03-10,157.43912578291366,157.62585374072555,153.2918516527838,155.7880859375,105342000,-0.0239086682818582,-1,40.18513554222467,-2.50740091962561,-1.9047867766776794,171.1318306352544,153.73427959423776,-0.027562535595389903,0.018513741491651005,-2.5930961947899944
2022-03-11,156.19101504721644,156.5349891936971,151.83736825574178,152.0634002685547,96970100,-0.026562603637483,-1,36.267258285138965,-2.949643286662905,-2.1137580786747248,170.8100286068189,152.34704994542722,-0.02419911936708985,0.01853063315039212,-6.138910758083343
2022-03-14,148.8398979655987,151.4638812144724,147.51317294986788,148.02420043945312,108732100,0.0296773066950186,1,32.55994378731614,-3.58473067413712,-2.407952597767204,171.43434960047932,149.9517832120207,-0.026921764031742512,0.018863179387949434,-8.781510080433023
2022-03-15,148.29936850838678,152.88889846379408,147.78834103669757,152.4171600341797,92964300,0.0290156656282714,1,39.77097076647808,-3.6910191077739114,-2.6645658997685455,171.04578616628285,148.98510830393198,0.029245458683723413,0.020377436102393436,-4.969389175362432
2022-03-16,154.34342597712845,157.24258310394316,151.79806526213048,156.8396453857422,102300200,0.0064539647889316,1,46.02765661401663,-3.379439771521106,-2.807540674119058,169.50622585079228,149.22741672733272,0.028602680864570296,0.020813488282009976,-4.184671699686303
2022-03-17,155.8765285127207,158.22533884354678,154.9134219533723,157.8518829345703,75615400,0.0209189364388393,1,47.375160402147706,-3.0160644782937993,-2.8492454349540064,167.78311416482904,149.77808731222171,0.0064332271370757255,0.020937738583401224,-3.374844087155397
2022-03-18,157.74377696769278,161.6453594768953,157.00670241299437,161.1539764404297,123511700,0.0085376096908482,1,51.618696421073494,-2.433582764006786,-2.7661129007645626,167.00172253460974,150.0779222407809,0.020703139790361647,0.021162436993270087,0.49642137944244563
2022-03-21,160.69206357071295,163.48313041290612,160.20068056976743,162.52984619140625,95811400,0.0208007168154586,1,53.30816713869464,-1.8397333181027875,-2.580836984232208,166.68224911510316,150.20870089710388,0.008501370419647714,0.021188044125089147,3.8167096703954977
2022-03-22,162.6576150439786,166.50023417031582,162.06796436975657,165.91058349609375,81532000,0.0082336103100528,1,57.257733684994,-1.0838125903898117,-2.2814321054637285,167.43830549194314,149.8948884777834,0.020587335817642938,0.021276017693517335,7.2281642671009
2022-03-23,165.09488461775757,169.66474104201137,164.76073274272346,167.27662658691406,98062700,0.0226778383055687,1,58.77515170140977,-0.370243766955042,-1.8991944377619914,168.67322457794944,149.6564949655076,0.00819989905781604,0.020299248119235388,4.455367903033888
2022-03-24,168.11196337652208,171.1388847047802,167.27662120536306,171.07009887695312,90131400,0.0037341955624929,0,62.7319306262471,0.4956526023711092,-1.4202250297353713,170.55660397414107,148.88658908005817,0.02242451880484353,0.020545805250709058,9.809487578905138
2022-03-25,170.88338808927602,172.25925474224047,169.77285750778353,171.7089080810547,80546200,0.0050365609877798,1,63.36952460479729,1.2193721148213967,-0.8923056008240178,172.21280753386836,148.20037758576055,0.0037272407625881243,0.020424239802099235,12.919287466809665
2022-03-28,169.202835000459,172.701479862601,169.03576656556126,172.57373046875,90371900,0.0191343925688465,1,64.26096152655826,1.8414815288385284,-0.3455481748915085,173.86776046905317,147.5753639205953,0.005023919941654853,0.020427190874077242,16.584808400528033
2022-03-29,173.64494077798946,175.92495028186923,173.30096665224875,175.87582397460938,100589400,-0.0066495474049639,-1,67.51197316859648,2.571318511469343,0.23782516238066181,176.20419798743987,146.78776520836092,0.018953632265443332,0.020410266328436844,15.39109109182264
2022-03-30,175.4728856845117,176.51461532464543,173.6547624474948,174.70632934570312,92633200,-0.0177758015727075,-1,65.24817563858775,3.020532319356022,0.7943665937757338,177.82840236985174,146.26524234450375,-0.006671754143226849,0.020205509141545244,11.39168857211988
2022-03-31,174.77511451308345,174.96184246595325,171.39439682863326,171.6007843017578,103049300,-0.0017182064887081,0,59.53888967347159,3.0903226517233975,1.2535578053652667,178.77693559755357,146.1402671612355,-0.017935688715203568,0.020731272527878694,8.71000149734446
2022-04-01,171.0307654409147,171.86612253758457,168.97678810398756,171.30593872070312,78751300,0.0236935927599779,1,59.01094613984064,3.086263889685199,1.6200990222292533,179.73507701632118,146.27692707303427,-0.001719684298507218,0.02016580980987599,6.299541906759027
2022-04-04,171.56149171892602,175.4139331761271,171.4337273224645,175.3647918701172,76468400,-0.0189420125302072,-1,63.77317648216,3.371696006677638,1.9704184191189302,181.22504020741223,146.6679819483495,0.023417256020003663,0.019565174185264808,7.896977681007357
2022-04-05,174.4409814506257,175.22719732393347,171.41406008567415,172.04302978515625,73401800,-0.0184508894535988,-1,57.849491953921465,3.291917402026087,2.2347182157003616,181.89034618712017,147.73431049012592,-0.019123710593100363,0.019976178589213047,3.6962357432772723
2022-04-06,169.38954763944744,170.63766465296877,167.19798366759716,168.86868286132812,89058800,0.0018042865902507,0,52.80200892721193,2.9386738129820174,2.3755093351566927,182.27292336707092,148.22442923302674,-0.018623230300986116,0.01942239310039883,0.9517505863778628
2022-04-07,168.2102636995684,170.37234630580983,166.92284239749918,169.17337036132812,77594700,-0.0119090505176087,-1,53.2238845222408,2.652732410591568,2.430953950243668,182.44710929953274,149.38877174294774,0.0018026608204761985,0.018081656931208383,-1.1087434496599398
2022-04-08,168.8195531941642,168.8195531941642,166.28401495074868,167.15867614746094,76575500,-0.0255159535298826,-1,50.038896538944975,2.237757329998942,2.392314626194723,181.93222510775482,151.41318352261627,-0.011980531339015776,0.017262274744548136,-2.6499684753954793
2022-04-11,165.80245706854532,166.1169343880837,162.6477716368248,162.89346313476562,72246700,0.011523424071036,1,44.031564750492734,1.5468879828808895,2.2232292975319563,180.22027688821925,154.61205801168308,-0.025847131158658776,0.01715992969976313,-5.609351613186166
2022-04-12,165.12434995391737,166.94245808323757,163.7681280552551,164.7705535888672,79265200,0.0163425091654756,1,47.04465969738769,1.137719636230912,2.0061273652717477,178.93452357546002,157.1331506799111,0.011457535114359096,0.016263011622964643,-6.3142677229733515
2022-04-13,164.5051976542895,168.0922875017565,163.89588754215904,167.46331787109375,70618900,-0.0299879470164401,-1,51.11078308447129,1.018988086455039,1.808699509508406,178.1930762957939,158.93696520811233,0.016210407666037874,0.0154898731777026,-4.145820876516238
2022-04-14,167.67958299892038,168.318390097859,162.19574519009953,162.44143676757812,75329400,-0.0013312339689728,0,44.28189821405162,0.513746492629906,1.549708906132706,177.57141164217813,160.0175852450289,-0.03044678180565974,0.01719564465989601,-5.337590717576845
2022-04-18,161.09499932270256,163.7288199744053,160.75104022360551,162.22518920898438,69023900,0.014115198197071,1,44.009220027074235,0.09479676068386311,1.2587264770429376,177.44912760839307,160.24699055566944,-0.0013321208480965296,0.01659128587195917,-5.300895917288651
2022-04-19,162.17605691767423,164.92780484237912,161.0851860080734,164.51502990722656,67723800,-0.0010154283335112,0,47.68294150018063,-0.051855158909035026,0.9966101498525431,177.2965718746428,160.5980646610017,0.014016506405545748,0.016778995375872695,-6.186967091391089
2022-04-20,165.85160767261976,165.96954980606952,163.23746114831818,164.3479766845703,67929800,-0.0048436922768965,0,47.43839919252699,-0.17948862753235062,0.7613903943755644,177.35871414345232,160.37966171103986,-0.00101594423012763,0.016106952858855057,-4.472749119912245
2022-04-21,165.9990185433864,168.57386081804293,163.05072036783037,163.5519256591797,87227800,-0.0278211424150249,-1,46.22190636590209,-0.3409435508150409,0.5409236053374434,177.46251589313846,159.9033898685803,-0.004855460972338577,0.016001160196462427,-3.148456606672571
2022-04-22,163.5912552281569,164.97694406303006,158.7167286660117,159.00172424316406,84882400,0.006737210130536,1,39.92034447925211,-0.8265332070769205,0.2674322428545707,177.73509288024798,158.42397541809186,-0.028215481588350855,0.016084818474317163,-6.012557470740815
2022-04-25,158.3432742820327,160.35794785043367,155.72912776950562,160.0729522705078,96046400,-0.0373281034791246,-1,41.92761543544979,-1.112107673966051,-0.008475740509553641,177.6003330239313,157.39513969335385,0.006714616552051744,0.016170650809349426,-4.238920790867219
2022-04-26,159.453804965821,159.54225031873102,154.0191094538627,154.0977325439453,95623200,-0.0014669843366869,0,34.919473480112,-1.7998304661096256,-0.366746685629568,177.94968749668314,155.19818542812155,-0.03804263497824678,0.017763612485865263,-5.399682971650861
2022-04-27,153.2230444512666,157.0361661796235,152.7021796920346,153.87167358398438,88063200,0.0451557863074807,1,34.68327594210938,-2.3361669243829795,-0.7606307333802503,177.28602590147935,153.66143198426286,-0.0014680614117059676,0.016836966154254188,-6.614579952239234
2022-04-28,156.50552671868616,161.684709101551,156.1910343178655,160.8198699951172,130216800,-0.036604993542857,-1,46.632047665804485,-2.1754784879611293,-1.0436002842964263,175.95462501063744,153.60418694004616,0.044165952111983486,0.020316668612512752,-3.9671063253926513
2022-04-29,159.05085178561868,163.3357123056005,154.5399592760181,154.9330596923828,131747600,0.0019665751170534,0,39.96187120564618,-2.4943943127722434,-1.3337590899915897,175.44346540122052,152.44857408852556,-0.03729176804924883,0.021438427850243698,-4.622205531177571
2022-05-02,154.00928950852122,155.50308325510557,150.6285715632027,155.2377471923828,123055300,0.0096226913792389,1,40.43675838173118,-2.691525436908904,-1.6053123593750527,174.7159635949402,151.56925674197385,0.0019646439396634463,0.02148486244011396,-4.3072484924644385
2022-05-03,155.42447125561708,157.94036536820087,153.62602227442122,156.73155212402344,88966500,0.0410080884508379,1,42.82455209393457,-2.6961363181169133,-1.823477151123425,172.64236808642298,151.7795282758817,0.009576688165589431,0.02073369199039665,-4.73116516320265
2022-05-04,156.9182434563484,163.6108774332453,156.5153058023954,163.1588134765625,108256500,-0.0557161208651523,-1,51.78130660777665,-2.15630762634666,-1.890043246168072,171.19387649888435,152.33959823256097,0.04018955948817826,0.022835456790505547,-0.7235642518983663
2022-05-05,161.0262227132276,161.2522547050873,152.2795959021098,154.0682373046875,130525300,0.0047271391864684,0,41.80593338568289,-2.4339657803930947,-1.9988277530130767,170.43130306518555,151.62212711059573,-0.057328438621151,0.025718421530691614,-5.798579451919706
2022-05-06,153.54658846859752,156.92243639704813,151.74548246293438,154.79653930664062,116124600,-0.0331892981844986,-1,42.75737138822449,-2.5656685530042296,-2.1121959130113073,169.30057957589503,151.3151674944175,0.004716001350299592,0.025764721355758437,-2.6447417199654866
2022-05-09,152.4836283339545,153.36942622989235,149.09795898763585,149.65895080566406,131577900,0.0161121748066308,1,38.03347570630477,-3.049452217629266,-2.299647173934899,168.97749673299182,149.88827780314097,-0.03375256089725376,0.02654810422473012,-6.505784592043442
2022-05-10,153.06434369573583,154.2650810994448,150.5152283773258,152.07028198242188,115366700,-0.0518413562486667,-1,41.31087362608955,-3.201376508091215,-2.4799930407661623,168.81012685075322,148.97332957014524,0.015983751335988394,0.026510905913294792,-1.3156913655074405
2022-05-11,151.0762217134339,152.99542804107662,143.50764507620434,144.18675231933594,142689800,-0.0268942347061825,-1,34.82571496340218,-3.9128081445900023,-2.7665560615309306,169.28500935361652,146.44006694032882,-0.053233444998595836,0.028471813581783304,-6.294154758356047
2022-05-12,140.5156506463481,143.89148337119573,136.60833616921673,140.3089599609375,182602000,0.0319165642228933,1,32.15201340912686,-4.734946758532914,-3.1602342009313276,169.40016375584312,143.60947674708657,-0.027262502504374453,0.028291796140067292,-12.753965063398223
2022-05-13,142.3069263815123,145.7615132406745,140.85029972421802,144.78713989257812,113990900,-0.0106721946047801,-1,38.065544487323116,-4.967879219257242,-3.5217632045965104,169.17146943637448,142.07274137905523,0.031417815169717755,0.02917397261709516,-6.54858286536731
2022-05-16,143.251795072628,145.1906903336651,141.90341691040302,143.241943359375,86643800,0.025422519127555,1,36.87137459613459,-5.217025694333728,-3.8608157025439542,168.88262885006264,140.4632573804061,-0.010729550917110586,0.029174705947756265,-7.727375622207187
2022-05-17,146.50950977669152,147.40514453340242,144.36392404181558,146.88351440429688,78336300,-0.056419082254831,-1,41.52701154929914,-5.062276943937377,-4.101107950822639,167.6321827328896,139.95055194728621,0.025104741436591027,0.029680524761685194,-6.283379183237909
2022-05-18,144.53126736021366,145.03320913315295,137.69099476435753,138.5964813232422,109742900,-0.0246414781628083,-1,35.17040771673373,-5.544419143751611,-4.389770189408433,166.9545810503972,138.0530040936458,-0.05807315447509254,0.03187112859243406,-15.054247839850007
2022-05-19,137.67130943156462,139.4232021551722,134.4431016025898,135.18125915527344,136095600,0.0017472155339752,0,32.933071390849825,-6.1314209929738865,-4.738100350121524,166.45985271529088,135.7106657783615,-0.02495016086996049,0.03206564044571288,-12.258839641335618
2022-05-20,136.89376494741566,138.47834364409812,130.51608836864122,135.41744995117188,137426100,0.0401193592855571,1,33.24932698190869,-6.502607552173572,-5.091001790531934,166.2577399520446,133.5543511124085,0.001745690928531829,0.0318456419729509,-12.519071448412804
2022-05-23,135.61430621725685,140.9979367905799,135.47651740077447,140.85031127929688,117726300,-0.0192161733923273,-1,40.230951239624645,-6.285928795432,-5.329987191511947,165.0511506962207,132.83867626911132,0.03933547511168012,0.033436096096369404,-5.885808686314679
2022-05-24,138.58659874320531,139.72828587372672,135.16155236949282,138.14370727539062,104132700,0.0011400154594092,0,38.093330981578376,-6.260443151055114,-5.516078383420581,164.7269730802205,131.56745135825605,-0.01940320393648509,0.03276054000002841,-9.157985719156523
2022-05-25,136.24418292623076,139.5511291229351,136.15560763062282,138.3011932373047,92482700,0.0231995584146751,1,38.29876196460172,-6.156568701649263,-5.644176447066317,164.25948445312704,130.47789195068154,0.0011393661352316897,0.03278246233041921,-4.081900027123349
2022-05-26,135.22061822713323,142.06087507401406,134.97456571452705,141.5097198486328,90601500,0.0407567149425904,1,42.4862059183101,-5.749074418143863,-5.6651560412818265,162.28552380633906,130.5208375828211,0.022934539709567936,0.03141020827929962,0.8557970125568661
2022-05-27,143.09429845299417,147.31655295622195,142.96634634088457,147.27719116210938,90978500,-0.0053460655340605,-1,49.164787741659715,-4.904212815825048,-5.512967396190471,161.42375414697145,130.61702038916135,0.03994805909480004,0.03215122110032239,1.7198014073478438
2022-05-31,146.71621679774168,148.28110735892756,144.5214173125584,146.48983764648438,103718400,-0.0008735090920567,0,48.339541096559564,-4.249204572339352,-5.260214831420248,160.40023120736313,130.7657523741798,-0.005360406878422097,0.03213899888286369,2.2674184746019814
2022-06-01,147.5330747402819,149.3440325752995,145.34812731297455,146.36187744140625,74286600,0.0168111416505385,1,48.19794607947518,-3.697805143548095,-4.947732893845817,158.98350713950884,131.1455089737724,-0.000873890823436696,0.03201016660951947,-0.35513649370808165
2022-06-02,145.49575338046964,148.88143788729292,144.54106856251593,148.8223876953125,72348100,-0.0385556611844453,-1,51.16040563861405,-3.0273767942570373,-4.5636616739280615,155.70668137876356,132.9886921563927,0.016671398396545634,0.030730112902574706,7.3781861375116025
2022-06-03,144.58043039547144,145.63354221228246,142.17897081970852,143.08444213867188,88570300,0.0052276899392589,1,44.735410478675526,-2.925340248256674,-4.235997388793784,154.2503704233617,133.34662359519302,-0.03931860557641098,0.029335876543335086,5.846359941299698
2022-06-06,144.70838950271786,146.22408125410382,142.61201747807138,143.8324432373047,71598400,0.0175859781504812,1,45.69288245969774,-2.7523902713197685,-3.939275965298981,152.40716871651156,134.09341569510954,0.005214073004333741,0.029343605645711528,6.21411294420848
2022-06-07,142.07072118986648,146.64729173693155,141.82466868695218,146.36187744140625,67808200,-0.0050432799428522,-1,48.91595610660456,-2.383743654630962,-3.6281695031653776,151.88668231505977,134.28419476013556,0.017433134175531606,0.0288093551721513,3.9130663695732295
2022-06-08,146.23393897895934,147.5035634046079,145.1316284687619,145.6237335205078,53950200,-0.0359558351007487,-1,48.020301218176336,-2.126636063682838,-3.32786281526887,150.64913787695025,134.87708435205366,-0.005056040199587386,0.02853500110564216,5.41467026811847
2022-06-09,144.75760527366657,145.61386314826538,140.2794468730643,140.38771057128906,69473000,-0.0386284408510932,-1,42.12774726551493,-2.3186517640038176,-3.1260206050158597,150.49580035484732,134.65051769935192,-0.036618171210188954,0.027179654478612345,1.5086763065046123
2022-06-10,138.06500838135332,138.5374250816839,134.89585027333402,134.96475219726562,91437900,-0.0382849164221796,-1,37.05600991726926,-2.8752687013397633,-3.0758702242806404,150.85199400840324,133.7599032694288,-0.03939430670490651,0.027914204504812433,-4.625101129709021
2022-06-13,130.77199636565416,133.0652077917095,129.36458307542827,129.79763793945312,122207100,0.0066724912883424,1,32.98166683663509,-3.690789448293515,-3.1988540690832155,151.59880121330457,131.51414586921499,-0.0390370431007252,0.02792835945184377,-11.868472697456827
2022-06-14,131.02787945261767,131.77587363104502,129.40392397478837,130.66371154785156,84784300,0.020111577747371,1,34.28588142057549,-4.218581432863175,-3.4027995418392076,151.9923040165939,129.86281988477327,0.006650328749952195,0.02802612869030236,-10.803565867022876
2022-06-15,132.16956604237166,135.17140981281415,130.0732087681398,133.29156494140625,91533000,-0.0396516654768713,-1,38.21478187689168,-4.374389338862244,-3.5971175012438152,151.43492663097044,129.06100232410768,0.019912011261938645,0.027759285207209848,-8.930134491635297
2022-06-16,129.99444052600705,130.2995431807251,127.00243413205736,128.00633239746094,108123900,0.0115331666154687,1,33.83344889641193,-4.868224461439922,-3.851338893283037,152.10605734586375,127.33085671663628,-0.040459211872246215,0.02621867291158277,-13.987180034007217
2022-06-17,128.01618763180625,130.9786539949958,127.7602834489197,129.48265075683594,134520300,0.0327605905176604,1,36.039361341164486,-5.081884993635356,-4.097448113353501,152.470589673312,126.39646354934425,0.011467166623904568,0.025948432620395676,-9.506128813539078
2022-06-21,131.31326788458287,134.89579090596212,131.21485591666365,133.72457885742188,81000500,-0.003827004210743,0,42.020604042936874,-4.8529822003669665,-4.248554930756194,152.51053180214586,126.18723431113538,0.032235401919147755,0.02706134610638557,-7.027527414803182
2022-06-22,132.66164417884966,135.5847487472672,131.79554968965817,133.2128143310547,73409200,0.0215738751591452,1,41.51618940930681,-4.659162285233123,-4.33067640165158,152.37316704176442,125.56084937669259,-0.0038343459285341552,0.025375025254619606,-8.983939903077282
2022-06-23,134.65962935518908,136.40167037101077,133.48841696582116,136.08673095703125,72433800,0.0245172437764755,1,45.474532665494266,-4.224954902526321,-4.3095321018265285,152.32545270605772,125.4028660805634,0.021344452933824698,0.025605505323526415,-6.549071592188983
2022-06-24,137.6909831751248,139.66925503284406,137.56304607780373,139.42320251464844,89116800,0.0,0,49.728530967708515,-3.570459023700778,-4.161717486201379,152.38105286009434,125.45946685426115,0.024221519962175364,0.02620824377436297,-0.6870316872578719
2022-06-27,140.4467743824865,141.2243087499828,138.74409516157192,139.42320251464844,70207900,-0.0297896333892546,-1,49.72853096770852,-3.0169883605331904,-3.9327716610677417,152.22708391788555,125.4047840630715,0.0,0.025666696914508083,3.303418296109123
2022-06-28,139.88578412525837,141.15540852649434,135.1517360213465,135.26983642578125,67083400,0.0130238496278189,1,44.69430967838661,-2.8802985163026165,-3.7222770321147167,151.1234539081362,125.30767859918801,-0.030242358203630637,0.0245860049639322,4.21594612444392
2022-06-29,135.2895293397043,138.44883540642064,134.51199493699397,137.0315704345703,66242400,-0.0180279474385671,-1,47.13880094953259,-2.599844232898846,-3.497790472271543,150.08391017575505,125.40139561037778,0.01293976855092005,0.02488135386805888,4.8734716098943185
2022-06-30,135.08280250671814,136.18511273785495,131.65775641864977,134.56117248535156,98964500,0.0161644687178839,1,44.189309432991784,-2.547556021247857,-3.3077435820668057,148.90337175284802,125.4018635376793,-0.01819243074606458,0.02509158570377502,0.9525040421750771
2022-07-01,133.89191616880768,136.84454604479996,133.51792659665475,136.7362823486328,71051600,0.0189303849316644,1,47.31505832979746,-2.3040444586812043,-3.107003757389686,147.00859168032122,126.08803307553812,0.016035214714688273,0.02506411795894446,6.81993600446679
2022-07-05,135.59460384717786,139.3739663068114,134.76785610712872,139.3247528076172,73353800,0.0096073865264845,1,50.843359003556216,-1.880514457564061,-2.861705897424561,146.47336980229431,126.24728602045958,0.0187534348623819,0.02413228629298583,7.601097130197301
2022-07-06,139.11809758016227,141.84434862551257,138.85235665974255,140.66329956054688,74064300,0.0239996485332227,1,52.61075508675863,-1.4204799355711941,-2.573460705053888,145.9337663848573,126.46997507022085,0.009561529068147223,0.024213790112471142,5.18881477317877
2022-07-07,141.02747347335122,144.23600834868253,141.01763677774284,144.03916931152344,66253700,0.0047143192654128,0,56.826778076936364,-0.7745660714182918,-2.213681778326769,145.37526415129796,126.79620649079187,0.023716183387982426,0.024506081900024984,8.127112271319158
2022-07-08,142.966323535681,145.22017259883353,142.71043437013336,144.7182159423828,64547800,-0.0147577252525844,-1,57.643071396834046,-0.20551227486049584,-1.8120478776335145,145.15069591943293,126.93022296484442,0.004703241664267388,0.02451403414790159,6.34263526256422
2022-07-11,143.36987531125314,144.3245602553875,141.50971892875648,142.58250427246094,63141600,0.0068336942133733,1,54.17372107959708,0.07229945276063177,-1.4351784115546853,145.516531873514,126.78386638088051,-0.014867703843711055,0.023269463442662383,2.265979909248297
2022-07-12,143.4584425008562,146.10596977247354,142.7596618190989,143.55686950683594,77588800,-0.0025367386528882,0,55.48992508861217,0.3668614295334862,-1.074770443337051,146.46315668397452,126.69645330137703,0.006810450359247433,0.021280013778733536,2.964834344379084
2022-07-13,140.73217850583993,144.1375363377061,139.87590568375293,143.1927032470703,71185600,0.0204825582194558,1,54.85577280291266,0.5644125481117328,-0.7469338450472943,147.0185341299163,127.48058238619701,-0.002539961626098375,0.01891066017921108,5.857083168453535
2022-07-14,141.80497494021958,146.59807271073137,140.98807885917248,146.1256561279297,78140700,0.0114501230147869,1,58.92700488977189,0.946724764865678,-0.4082021230646999,148.028879529328,128.01643144479308,0.02027561171499581,0.01921953384647097,6.636489434164085
2022-07-15,147.4149715696043,148.47792016432717,145.85991797831633,147.79881286621094,76259900,-0.020643201323788,-1,61.083147914248634,1.3689394350074053,-0.052773811450278825,149.36206160992452,128.13397415667703,0.011385066488768913,0.01897821546182717,9.837637511891058
2022-07-18,148.3598211223461,149.17671722622794,144.38360430388153,144.74777221679688,81420900,0.0267221086653335,1,55.37457385419819,1.4407460970169552,0.245930170243168,149.2793054255929,129.89087432294224,-0.02085925067636829,0.01688933022221498,5.859081240586447
2022-07-19,145.58436874350355,148.84210205255908,144.59032186321505,148.61573791503906,82982400,0.0135096827093208,1,60.424158854638236,1.7891417870891644,0.5545724936123673,149.8269868513288,131.25650161302667,0.02637130880607419,0.017455796966645426,6.668581799137358
2022-07-20,148.73380801228873,151.29275997844778,147.99565052411046,150.6234893798828,64823400,0.0150942214981448,1,62.77855001677,2.2018748031493374,0.8840329555197614,151.10232494203112,131.67105457457043,0.013419240598194548,0.016498745619902312,7.080873156290984
2022-07-21,152.06044916137068,153.11356109876007,149.54087389527504,152.89703369140625,65086600,-0.008110767584873,-1,65.2962448586354,2.6815138941083205,1.2435291432374733,152.55196342609204,132.18983802654466,0.01498143724761114,0.0164478337290613,6.149621955070637
2022-07-22,152.93639744167697,153.8123437761435,150.98766576840873,151.65692138671875,66675400,-0.0073982381304816,-1,62.800969774961665,2.9278146060913457,1.5803862358082479,153.66499902826519,132.63382146734028,-0.008143838803650993,0.016405631243868218,4.794631691077832
2022-07-25,151.5781876406526,152.59192281243702,149.8755084226827,150.53492736816406,53623900,-0.0088263523930011,-1,60.5465547606607,2.9979160444145236,1.863892197529503,154.54359192164452,132.86640105931252,-0.007425740825819815,0.016018019538940532,5.577418587421384
2022-07-26,149.85582028627226,150.67271644888328,148.4188819899041,149.2062530517578,55138700,0.0342347061338681,1,57.896046814687274,2.9126834247616387,2.0736504429759304,155.09846389552274,133.28983413914523,-0.00886553537353496,0.01625068722784881,3.9352930753709843
2022-07-27,150.17076942758217,154.84576710893515,149.75740301368916,154.3142852783203,78620700,0.0035717884285406,0,64.35620791422201,3.220191112055545,2.3029585767918537,156.09314875666138,134.19959416326049,0.033661738852290846,0.015557309544610605,7.76686365928883
2022-07-28,154.50129531236348,155.15087757432116,151.97188319707365,154.86546325683594,81378700,0.0327929229935217,1,64.98059251056647,3.468387217343434,2.5360443049021697,157.10032652950727,134.97580567264114,0.003565424740913592,0.015496904764352915,5.981021649788007
2022-07-29,158.6940186370959,161.0462798301135,156.981487908036,159.94395446777344,101786900,-0.006153259365239,-1,70.16624824324026,4.028438881135571,2.83452322014885,158.63247245597793,135.9819379444127,0.03226670827422584,0.015438251060606544,8.21734719382111
2022-08-01,158.46767275111222,161.00693677079695,158.34957233740533,158.95977783203125,67829400,-0.009287562533669,-1,68.06281927473447,4.342807844718237,3.1361801450627276,159.73785207783374,137.0989078708967,-0.006172268685282312,0.015675186447592256,9.818462417472135
2022-08-02,157.57201926429306,159.84554184971918,157.1094393855953,157.48342895507812,59907000,0.0382477811386172,1,64.9189000555882,4.421846206688798,3.393313357387942,160.4945403688872,138.1580871945894,-0.009330960861372972,0.015873512477078605,5.9668586681637725
2022-08-03,158.30034109572696,163.95954889245084,158.21176579536746,163.50682067871094,82507500,-0.0019263534237941,0,70.83754535623844,4.913877924571608,3.6974262708246752,162.4984030801784,138.43857659511454,0.037534466409772094,0.017355394557481706,8.553334776580217
2022-08-04,163.38868774052628,164.55006328617097,161.83363422359466,163.1918487548828,55474100,-0.0013888809671788,0,70.17085937080672,5.21824828597417,4.001590673854574,164.27758681081488,138.574660808814,-0.0019282112287939412,0.017040624582055425,6.733168600415558
2022-08-05,160.8560601129534,163.45798329811657,160.64908228561242,162.96519470214844,56697000,-0.0029029726068711,0,69.66277606151183,5.379167211231277,4.277105981329915,165.73479331531536,138.94215218029012,-0.0013898463563259966,0.01712384701861211,7.4564834971125835
2022-08-08,163.97047703384425,165.3897106347166,161.8317762742878,162.4921112060547,60276900,0.0003030307867823,0,68.54713008959288,5.406203387043689,4.50292546247267,166.64113051401307,140.02677567495175,-0.0029071944043375098,0.01655853771008137,7.943129243784652
2022-08-09,161.65433806504254,163.42837961038725,160.8954395908957,162.54135131835938,63135500,0.0261948816735524,1,68.6034903402037,5.3697044068293565,4.676281251344007,167.37186807043716,141.19448629968005,0.0003029848822269088,0.016616682581837093,8.937358853168025
2022-08-10,165.26158960768942,166.8976514870886,164.49284053929043,166.79910278320312,70170500,-0.0044318421537475,0,73.09322114009906,5.61956481659962,4.86493796439513,168.59632489941723,142.33066942431324,0.025857671863271925,0.01703759498364868,8.090513125447377
2022-08-11,167.6072235706779,168.5238180082282,165.7641993781453,166.05987548828125,57149200,0.0214258148103905,1,71.18978212931947,5.69231407347317,5.030413186210739,169.63271833338797,143.28769792637763,-0.004441691878575682,0.016968356421432927,7.228475604583308
2022-08-12,167.3707287952548,169.68682621240507,166.9567731335436,169.6178436279297,68039400,0.0063334405354407,1,74.61610907420909,5.968268196711023,5.217984188310796,171.27613853224472,143.8261808036928,0.02119950885993127,0.01725970661477933,6.048299351073885
2022-08-15,169.04619612673898,170.88922057556053,168.8786498167292,170.69210815429688,54091700,-0.0009237044939435,0,75.56116314004586,6.202153432727698,5.414818037194177,172.39073661850767,145.3060163111798,0.006313468584020043,0.015983096903884348,7.380691192625394
2022-08-16,170.28804476181145,171.20463947132552,169.18420299774098,170.53443908691406,56377100,0.0087845138014941,1,75.11911570402901,6.30213945063926,5.592282319883194,173.54440922544413,146.34421382143088,-0.0009241313718328925,0.01551213561918974,8.287227563198865
2022-08-17,170.27817502867526,173.60941569871042,170.08106259876365,172.03250122070312,79542000,-0.0022916677384235,0,76.52437179168255,6.428160353400557,5.759457926586666,174.87941214961867,147.15011208133834,0.008746154441994669,0.015443474429054652,5.214265990007263
2022-08-18,171.24403503116682,172.3774427727219,170.6231165953559,171.6382598876953,62290100,-0.015101767037961,-1,75.31875358035174,6.422189839216884,5.892004309112711,176.0269228212347,147.8767240293512,-0.0022942976275919236,0.015435791799543047,5.175755527777105
2022-08-19,170.5344351473727,171.23420163153378,168.83924102673046,169.0462188720703,70346300,-0.0230294171301046,-1,67.76003703631747,6.137552234673052,5.941113894224779,176.38423908799825,149.25833751112282,-0.015216959937403907,0.015847172342294442,3.7314864569923447
2022-08-22,167.2426018901802,167.41014821395845,164.72937695607638,165.15318298339844,69026800,-0.0020291072768746,0,58.29715329404797,5.534046379769762,5.859700391333776,175.90992391639742,151.19447824424714,-0.023298737044761708,0.016888052290658123,1.6376621348523623
2022-08-23,164.67023889482752,166.2767345287208,164.24643288251994,164.8180694580078,54147100,0.0017940072676829,0,57.55207978066853,4.97141539877714,5.682043392822449,174.79392306129324,153.87166073997628,-0.002031168704088593,0.016668237444545177,1.400700880841808
2022-08-24,164.90679147316692,165.68539087789364,163.8522166048561,165.11375427246094,53841500,0.0149226103755741,1,58.06139598596539,4.497540736203348,5.4451428614986295,174.2704706719571,155.47506002872652,0.0017923999587070583,0.015244032848781272,-1.0104062207892788
2022-08-25,166.34571105112042,167.68609658373745,165.92192009296824,167.5776824951172,51218200,-0.0376992363488721,-1,62.13816793166475,4.271570066920646,5.210428302583033,173.7627664439481,157.2539861805636,0.014812363651486748,0.015457107657097072,0.9140118902130866
2022-08-26,168.10990520235598,168.58297803338863,161.20099961189769,161.2601318359375,78961000,-0.0136901296929774,-1,48.98880630892298,3.54188450345211,4.876719542756849,173.66952898750617,157.47884137382198,-0.03842823305143028,0.016674808423691838,-4.927377694015199
2022-08-29,158.82576612384565,160.55052629290446,157.5149616294303,159.05245971679688,73314000,-0.0153054655839761,-1,45.3752426621611,2.7537195823592526,4.45211955067733,173.65910448906035,157.49853406074433,-0.013784703663743514,0.0169180654169439,-6.819089976308897
2022-08-30,159.79164778477147,160.21543879278465,155.44524840968555,156.6180877685547,77906200,-0.0106350050559604,-1,41.72074296460329,1.9106351203058125,3.9438226646030268,173.79602398952218,157.27508044163014,-0.01542380325051429,0.01714876655441143,-8.160434568449139
2022-08-31,157.99788365077418,158.26399371424608,154.87360563007792,154.95245361328125,87991100,0.0047067621313083,0,39.38351633826655,1.0954541405520217,3.374148959792826,174.54609995543336,155.669567769176,-0.010691960899278818,0.014779330461950109,-9.928384163588728
2022-09-01,154.3808088580502,156.13513503517575,152.43922061054926,155.68177795410156,74229900,-0.013611021565633,-1,40.94357776250365,0.5024754953909678,2.7998142669124544,175.00621767909976,154.4584429654315,0.004695719961450351,0.014871159205988312,-9.296576383397408
2022-09-02,157.44596671349123,158.04716944145756,152.734908630889,153.5627899169922,76957800,-0.0082152121878108,-1,37.89221766879999,-0.13687121241505906,2.212477171046952,175.61984549609033,152.90457466992527,-0.013704500720008284,0.015082506277808766,-9.1592873584446
2022-09-06,154.2132611313819,154.8243141649417,151.47335779942037,152.30123901367188,73714800,0.0092538843471345,1,36.164202607736996,-0.7368606286257773,1.6226096111124062,176.24040682917567,151.26492611760168,-0.008249143003806303,0.01512854050800153,-7.781832440382616
2022-09-07,152.587059729615,154.410368411757,151.3945047755551,153.7106170654297,87449600,-0.0096176344077909,-1,39.48446050081347,-1.0861115160737143,1.0808653856751822,176.54135783513718,150.08090168634718,0.00921132948973824,0.015367548499479109,-6.739220055849563
2022-09-08,152.40968125083623,154.1048755009208,150.47794302211767,152.23228454589844,84923800,0.0188397059346807,1,37.2933311447585,-1.4652934492097813,0.5716336186981895,176.5481740588428,148.61740363891113,-0.009664182549367517,0.013860828747305392,-7.801572790420756
2022-09-09,153.22770515232838,155.54381783971746,152.51808828805244,155.1002960205078,68028800,0.0385078565889067,1,43.80823378113868,-1.5168875703679419,0.15392938088496327,176.26893695541003,147.80068279556656,0.018664436601537382,0.014802945196590202,-7.445732802142634
2022-09-12,157.2882631049793,161.89090686431402,157.00245233153106,161.0728759765625,104956000,-0.0586795921816372,-1,54.42687168645133,-1.0635787221271755,-0.08957223971746449,175.41208220871368,147.80304077712617,0.03778492962934887,0.016608786220297347,-0.11612036852698966
2022-09-13,157.59378043168627,158.2245492067868,151.15796283866058,151.62118530273438,122656600,0.0095554375188569,1,41.168426264934794,-1.4502826842709737,-0.3617143286281663,174.45138957453787,146.85664112614575,-0.06047170020253123,0.020888070341966124,-4.672215964024927
2022-09-14,152.557487712131,154.83418366980385,151.3945138382118,153.0699920654297,87965400,-0.0189298910093559,-1,43.44275443461497,-1.621154107339322,-0.6136022843703975,173.17095332613522,146.39063267239996,0.009510073081517412,0.021148201972659503,-2.2654444027999276
2022-09-15,152.41950862141564,153.00101060134492,149.19668199140034,150.17239379882812,90481100,-0.0109603038012342,-1,40.10358643514931,-1.9677004787902774,-0.8844219232543735,171.45341126294474,145.9221639934029,-0.019111355109405537,0.021084605336660404,-3.0848558399616186
2022-09-16,149.02911266156946,149.16709284731172,146.2300624042499,148.52645874023438,162278800,0.0250830351464943,1,38.30260817582867,-2.3480868943870803,-1.1771549174809148,169.5624580778168,145.50193706378474,-0.01102081045130543,0.021076858168402088,-4.596118638866479
2022-09-19,147.15652109079085,152.33080110123336,146.94955831205283,152.251953125,81474200,0.0156655893615382,1,44.3900353277915,-2.3221611791110774,-1.4061561698069474,167.69104569951898,145.69392286737556,0.024773619208265707,0.02214904874693607,-0.8536161609858454
2022-09-20,151.1875492113153,155.800058716333,150.87217230085707,154.63706970214844,107689800,-0.0202680107496376,-1,47.93203072788181,-2.0851199239045286,-1.5419489206264636,166.4812667429887,145.8520904957808,0.015544150647211374,0.022184408983456066,1.5336911922738057
2022-09-21,155.07066751536726,156.45048421352996,151.3846194942398,151.5028839111328,101696800,-0.0063750309324513,-1,43.96888002647012,-2.1256623092920677,-1.6586915983595845,165.19621046844537,145.80562821563666,-0.020476225076864196,0.022510344369520464,-1.436291907771806
2022-09-22,150.18223999013938,152.24209247430875,148.73344048207258,150.53704833984375,86652500,-0.0151237695117456,-1,42.79461263831689,-2.210248926786363,-1.7690030640449403,163.62197390080752,145.92219419001282,-0.006395438219771954,0.022469817166600972,-1.1135852103326802
2022-09-23,149.00940896271652,149.28536935652284,146.41733629369975,148.26036071777344,96029900,0.0022602013443058,0,40.07750287023303,-2.432948577845508,-1.901792166805054,160.8965493348552,146.71588657823077,-0.015239300031860026,0.02210368176631236,-4.410007896973955
2022-09-26,147.50146783564452,151.55219019297488,147.48175208341434,148.595458984375,93339400,0.0065664087722439,1,40.67455534721694,-2.5529709660649758,-2.0320279266570385,159.72943877188845,146.6165298560412,0.002257650931488442,0.020808388917880224,-7.746442047761705
2022-09-27,150.53707403917747,152.48851277634017,147.78730509985635,149.57119750976562,84442700,-0.0126517271766273,-1,42.4719691184712,-2.540075223002731,-2.133637385926177,158.84457651143202,146.55326589579454,0.006544943824006388,0.020806406020206294,-1.3520457506486596
2022-09-28,145.5105969943164,148.46732818361193,142.75097820989805,147.67886352539062,146691400,-0.0491190481947105,-1,39.94435104447209,-2.6519804119724597,-2.237305991135434,158.49200841815897,146.01191156475116,-0.012732441785687776,0.020730888247317086,-3.5220022339418606
2022-09-29,143.99281757061257,144.6038705485337,138.65097655674526,140.42501831054688,128138200,-0.0300390290271733,-1,32.06638307424478,-3.2880877377115496,-2.4474623404506572,159.4845151230346,143.56666132960208,-0.05036640639120016,0.023256251087639658,-6.4907905119624685
2022-09-30,139.2423671597571,141.03612515991253,136.00967464661605,136.206787109375,124925300,0.0307524336667843,1,28.54122765276321,-4.085488413666553,-2.7750675550938366,160.7022138291039,140.4014635390602,-0.030499444404690657,0.023815038213739526,-8.294597296233857
2022-10-03,136.21663934873945,141.0065454207756,135.7041349641021,140.39547729492188,114311700,0.0256228753571094,1,36.0582424514003,-4.32953373286216,-3.0859607906475013,160.85310371444953,138.9338423915075,0.030289053666149535,0.02512781609547103,-7.787404750298257
2022-10-04,142.9382384476115,144.11107754403744,142.1793399077984,143.99281311035156,87830100,0.0020532573153384,0,41.7276754025375,-4.1844309551279935,-3.3056548235436,160.66855196974916,138.28755154587583,0.025300111300886385,0.025968869885086798,-6.8833796529506985
2022-10-05,141.99208622138215,145.25434369926734,140.94736196435568,144.28846740722656,79471000,-0.0066254664058259,-1,42.181418865185634,-3.9994756616524683,-3.444418991165374,160.23828263153902,137.77560591826565,0.0020511522635198176,0.02584354814775124,-4.761900445497801
2022-10-06,143.7070131726072,145.41205756578128,143.12552621752397,143.33248901367188,68402200,-0.0367187178964719,-1,41.06789620764605,-3.8852499826415112,-3.5325851894606015,159.95099406296472,137.1729149336173,-0.006647512238275866,0.02581239117236904,-4.785904470444563
2022-10-07,140.4841648717613,141.03610072606975,137.4387349893986,138.0695037841797,85925600,0.002355633068513,0,35.51014526553531,-4.171319853773127,-3.660332122323107,159.55431904807244,135.86651072487678,-0.03740982042205587,0.026373266347045805,-6.873622109279053
2022-10-10,138.39474487304688,139.84354452092543,136.5714361256321,138.39474487304688,74899000,-0.0102549791958798,-1,36.08578665365267,-4.321967103510502,-3.7926591185605862,157.3830044224758,135.77001224012187,0.0023528629143942936,0.024407042339374307,-6.864754940055566
2022-10-11,137.88223882715224,139.31133774176766,136.22647641502994,136.9755096435547,77033700,-0.0046049678800761,0,34.633056039322625,-4.503957735104592,-3.9349188418693877,157.15711461342354,134.53133448325613,-0.010307923769732774,0.021030299671464046,-8.42119878420346
2022-10-12,137.123356205743,138.33561191162715,136.16734514961954,136.34474182128906,70433700,0.0336129337745254,1,33.97834307708107,-4.645533495137045,-4.077041772522919,156.53140912636925,133.4845149458964,-0.004615603408068658,0.02074987533865228,-7.674843531114303
2022-10-13,133.04307103462438,141.51902589270472,132.43200294708785,140.9276885986328,113224000,-0.0322399583275452,-1,42.48572175879536,-4.337922926085071,-4.12921800323535,155.9444390839997,133.1470144682464,0.03306036729465678,0.022214162355233567,0.35796348409532913
2022-10-14,142.22865171308297,142.43562955432296,136.19692370577835,136.38418579101562,88598000,0.0291224932798721,1,37.34761744375284,-4.40992714380485,-4.18535983134925,155.71185394036314,132.16537231696105,-0.032771113269812524,0.023131830498779427,0.1302421747149594
2022-10-17,139.03536366842835,140.83895646188824,138.24689900930798,140.3560333251953,85250900,0.0094094901348313,1,43.75168474446477,-4.099242586370934,-4.1681363823535875,154.56605939956464,132.12157487777912,0.028706490855395117,0.02340675735081889,-0.02809490055274679
2022-10-18,143.39162165141138,144.58416155365336,138.5820004582486,141.6767120361328,99136600,0.0007652188897595,0,45.73780237439094,-3.7037604566100697,-4.075261197204885,152.66110656854235,132.73049194219985,0.009365496638132242,0.023173903796950664,-1.6084838015101233
2022-10-19,139.6464251768979,142.85940118883795,139.45916311704835,141.78512573242188,61758300,-0.003267100945649,0,45.906656211253384,-3.3430533027446074,-3.928819618312829,151.32121854310464,133.09860414976646,0.0007649262590598838,0.022882131503667573,-1.7349561747991162
2022-10-20,140.95724070036255,143.7858421579012,140.59256694794956,141.3218994140625,64522000,0.027059153034139,1,45.2586062512403,-3.059303036049698,-3.754916301860203,150.02298010522478,133.47532769506822,-0.0032724495727904923,0.022870653966494698,-1.402745192974074
2022-10-21,140.80940185727815,145.71758686598037,140.59257368233722,145.1459503173828,86548600,0.0148028575678713,1,51.362652705089744,-2.4970752275645793,-3.5033480870010787,149.47935037728502,133.7075163829689,0.026699527178806193,0.023615202369480795,5.125278457047631
2022-10-24,145.06712585230207,148.06327424087988,143.89428645377873,147.29452514648438,75981900,0.019337323349384,1,54.436820073475964,-1.8567303744064532,-3.1740245444821538,149.20077742064024,133.8559959558246,0.014694364631684387,0.023869574286124563,6.430721254337729
2022-10-25,147.92525860269856,150.2906525903393,147.20579155352908,150.14280700683594,74732300,-0.0196271067208048,-1,58.207925877474494,-1.1066630006003209,-2.7605522357057874,149.352260517379,133.7616738087929,0.01915273316993371,0.024227544777263632,9.612884374400888
2022-10-26,148.78271775892205,149.79786091510002,145.90481954516318,147.19593811035156,88194300,-0.0304653447477477,-1,53.29330647312606,-0.7414696937697443,-2.356735727318579,149.25475989523875,133.8108818894292,-0.019822276344442002,0.024477167875139993,7.95864669521724
2022-10-27,145.9344043483702,146.90026566861184,142.05122827640076,142.71156311035156,109180200,0.0755525784141446,1,46.81556217401763,-0.8046277047284889,-2.046314122800561,149.3678022771899,133.92649398745854,-0.030939059448597206,0.022701085030614316,1.265808393976637
2022-10-28,146.06252959255997,155.2284000306861,145.68802050452555,153.49378967285156,164762400,-0.0154104099372436,-1,59.54734850752397,0.015179707109865603,-1.6340153568184759,151.38669816778358,133.63629835321254,0.07283455594505739,0.026621422663242012,12.54515234490115
2022-10-31,150.9509907934603,152.01541585586838,149.72886978727786,151.12838745117188,97943200,-0.0175424939546764,-1,56.35980944799816,0.4686129185630534,-1.2134897017421702,152.61746279891975,133.47882473770136,-0.015530384471641234,0.026389367254100054,7.675020354143064
2022-11-01,152.8433340164017,153.20799281581503,146.9791519154273,148.4772186279297,80379300,-0.037305293412957,-1,52.93931809486829,0.6070372901431256,-0.8493843033651111,153.12565073007403,133.4190773583049,-0.017698187018519995,0.026286894940205703,4.80001723223397
2022-11-02,146.80169249277182,149.97525166506418,142.90866631469993,142.938232421875,93604600,-0.0424048849224988,-1,46.57889835768475,0.26671517975682946,-0.626164406740723,153.04786315280495,133.36184143703878,-0.03801894072061174,0.02773261012979642,0.8132776153327098
2022-11-03,140.01108109963562,140.74041357111363,136.74882328898968,136.876953125,97918500,-0.001947300266834,0,40.80185021279391,-0.4864792971313534,-0.5982273848188492,153.1032949319871,132.66085606898943,-0.04333022596535585,0.029329708961832023,-3.1452636197870105
2022-11-04,140.27296098274414,140.8455457973991,132.6615642734104,136.61041259765625,140814800,0.0039023109830333,0,40.56359803217633,-1.092307498616691,-0.6970434075784175,153.18633728295498,132.43190459936926,-0.0019491987209727668,0.028143668749325838,-5.880658537880225
2022-11-07,135.35665734492238,137.37056348588823,133.93506945075268,137.1435089111328,83374600,0.0041750868423626,0,41.30185661024141,-1.5119850730800977,-0.8600317406787535,153.24386602678,132.2492522593528,0.0038947167179070874,0.028154094572583676,-6.8916453108195155
2022-11-08,138.61446164278013,139.6214071902777,135.7318039714629,137.71609497070312,89908500,-0.0331901368609923,-1,42.1332467718073,-1.7778853095961722,-1.0436024544622373,153.20414878962012,132.36302802922754,0.004166395350715391,0.028073384930716122,-8.276594985710524
2022-11-09,136.72886334632145,136.77822695953947,132.86886077303504,133.14527893066406,74917800,0.0889746727208904,1,37.559820520995274,-2.3305744062475355,-1.300996844819297,153.5219346699199,131.72529585986527,-0.03375342836474804,0.02907832877822692,-9.545548172092792
2022-11-10,139.43384265889435,144.99183654785156,137.7160881791185,144.99183654785156,118854000,0.0192688313266895,1,52.07858083928165,-1.7920091375093534,-1.3991993033573085,153.74262102188771,131.91102430281933,0.08523658630744624,0.03420180111122075,1.5978196775385194
2022-11-11,143.95528678900914,148.09169315452817,142.523817082341,147.78565979003906,93979700,-0.0094857340742101,-1,54.75077480269673,-1.1267654445341577,-1.3447125315926785,154.09601861102698,132.6977741135824,0.019085538216594422,0.03343015174680876,-3.718801845324493
2022-11-14,147.0649830587826,148.35822845841318,145.544668037547,146.38380432128906,73374100,0.0118693990843088,1,53.1492830167349,-0.7045514154135901,-1.216680308356861,154.37736871598923,133.01920110822954,-0.009531010195317435,0.033034747415793715,-3.139438731466477
2022-11-15,150.2734222564666,151.6258979697989,146.66022247085542,148.1212921142578,89868300,-0.0083310695677067,-1,54.909720389478345,-0.22712485737105226,-1.0187692181596992,154.824344344615,133.21668348741625,0.011799510249078438,0.03306738012966894,-0.23971792909442508
2022-11-16,147.22294689122086,147.9534742124063,145.4064651591236,146.8872833251953,64218300,0.0129715090939972,1,53.375706990674914,0.0510761591458504,-0.8048001426985893,155.09720731311558,133.45403627819303,-0.008365966884254838,0.03315151354672355,2.762767411076476
2022-11-17,144.55748402489598,149.5429089514445,144.28106579714384,148.79263305664062,80389400,0.0037815571585826,0,55.44543493281332,0.4204515648040683,-0.5597498011980578,155.55256975430655,133.74574720125986,0.012888099593626912,0.03321907989270475,8.705395363936017
2022-11-18,150.36226138845927,150.74727347635653,148.05218886107582,149.3553009033203,74829600,-0.0216800949801643,-1,56.06568517122704,0.7499419636753828,-0.29781144822336975,155.95410148007892,133.76515053408122,0.003774425045983243,0.032734849051550316,9.329368137698399
2022-11-21,148.2397789385964,148.4470850528785,145.83097890062086,146.1172637939453,58724100,0.0146611178995359,1,51.612752217246666,0.7412384103204204,-0.09000147651461173,155.85535973783647,133.7461661410698,-0.021918561185993113,0.03297685001300634,6.543331838349983
2022-11-22,146.23573346771818,148.49644255294848,145.05106689456673,148.25950622558594,51804100,0.0059263086338625,1,54.20422083267763,0.896863359813409,0.10737149075099242,155.60860396426722,133.80459183651402,0.014554682754815751,0.032849132656919335,7.655903441878564
2022-11-23,147.53884398667913,149.88841358362208,147.4302500541231,149.1381378173828,58301400,-0.0195936797908147,-1,55.2625223247644,1.0786613434077879,0.3016294612823515,155.82660954958624,133.78080622189816,0.005908817139491873,0.032560560170885114,12.011585401422378
2022-11-25,146.41341229167975,146.97613037369675,145.23862757756845,146.21597290039062,35195900,-0.0262642696357179,-1,51.03815644702561,0.9756960512113153,0.4364427792681443,155.97461101676723,133.98324573372108,-0.01978818078716227,0.0320830534958423,0.8442794999255434
2022-11-28,143.28395040385445,144.76476841756258,141.54646269068775,142.37571716308594,69246000,-0.0211481732146503,-1,46.055588122278614,0.5775610078967759,0.4646664249938706,154.74405621610114,134.10199328341056,-0.02661533621594625,0.02782215280788779,-3.6606681829881857
2022-11-29,142.4448277773216,142.95818228893546,138.55522474324414,139.36473083496094,83763800,0.048593914625725,1,42.54828229940002,0.01885730951903497,0.3755046018989035,153.89788042794595,133.77180340994465,-0.021374999504648606,0.027982527721820902,-4.794979553149459
2022-11-30,139.59178750228543,146.8181874388057,138.75266623992653,146.1370086669922,111380900,0.0018913600846173,0,51.495430387989195,0.12115028104301473,0.32463373772772575,153.61528767250954,133.82037516928736,0.047450137807131476,0.03002754964020563,-1.3396341734144395
2022-12-01,146.31469421224674,147.22292742638413,144.735149018476,146.4134063720703,71250400,-0.0033711124003931,0,51.825181330771784,0.22196253684677458,0.30409949755153554,153.85003085259623,133.93314938422017,0.0018895737152231362,0.028721273597766297,-0.32261264719279936
2022-12-02,144.09349682237342,146.10740304717433,143.78744839224407,145.91983032226562,65447400,-0.0079830580397243,-1,51.15636419813715,0.259043422328574,0.29508828250694324,153.795428578254,134.89203937828896,-0.0033768074023976524,0.026785135059946747,-1.9307425880966937
2022-12-05,145.8803652630535,148.99007797137995,143.9059406701696,144.75494384765625,68826400,-0.0253703621717232,-1,49.531698583447834,0.19221791956255174,0.27451420991806497,153.51133517400928,135.99058590753367,-0.008015093254114092,0.026880666981682212,-3.0801431404446338
2022-12-06,145.1892636809204,145.41631820372012,140.10511327657744,141.08245849609375,64727200,-0.0137846934559667,-1,44.71070063513457,-0.15529055560173788,0.1885532568141044,153.17626920966418,136.71954683037487,-0.025697738786522706,0.027626857092484275,-3.445729250002689
2022-12-07,140.37169521657745,141.53659829976584,138.20969824104947,139.13768005371094,69721100,0.0121328806725033,1,42.359450744604636,-0.580924358548998,0.03465773374148391,153.01758994174946,137.02038460659037,-0.013880584582447675,0.027826295323459805,-6.1526079535133364
2022-12-08,140.53953599940877,141.68470582050676,139.2956539918693,140.82582092285156,62128300,-0.0034348734408252,0,45.06027917600677,-0.7731114070970477,-0.12689609442622243,151.62453157021224,139.18149717734633,0.012059867257880441,0.026720686223170965,-5.573568918172724
2022-12-09,140.5197930315224,143.70849955790823,139.09820493093716,140.34210205078125,76097000,0.0163898511110676,1,44.41803925031918,-0.953462179576519,-0.29220931145628176,151.77202968890774,138.5690256089438,-0.003440786162117959,0.018377066463350022,-4.017256619159481
2022-12-12,140.87517003337655,142.65215490653637,139.2561427186447,142.6422882080078,70462700,0.006782371588984,1,48.198951598081806,-0.9004063428563143,-0.4138487177362883,151.48799991040278,138.33871822924567,0.016256987281265012,0.018219462121309423,0.18723069511672982
2022-12-13,147.5882046530128,148.05219553159674,142.39547458111565,143.6097412109375,93886200,-0.0155358149213183,-1,49.74731740210724,-0.7714016005442943,-0.4853592942978895,151.3363927254026,138.21291910321068,0.006759474778280428,0.018218432359583776,3.0459717824903674
2022-12-14,143.49128007302596,144.78452547159364,139.35485909896488,141.37864685058594,82291200,-0.0468541478713634,-1,46.30953645423876,-0.8395176448516111,-0.5561909644086338,150.96962423728857,137.90542306495755,-0.01565776035728561,0.01824110979034481,-3.2560963576648168
2022-12-15,139.3055198563437,139.98669871245937,134.29047986707778,134.7544708251953,98931900,-0.0145788787545708,-1,37.92889384876587,-1.4117420617064056,-0.7273011838681882,151.49562859202285,136.16613746022324,-0.047987341782512516,0.020890354799289534,-7.963024586182327
2022-12-16,134.94203206743774,135.8897473019235,132.01987745650547,132.78990173339844,160156900,-0.0159096463908897,-1,35.85639798626175,-2.000695568710853,-0.9819800608367212,151.7281202819909,134.33337263793098,-0.01468619491746015,0.020603493034430737,-8.998042664845203
2022-12-19,133.38222793972224,133.47107341378072,129.64070069453433,130.67726135253906,79592600,-0.0005289544159228,0,33.72244196947672,-2.6078561465326118,-1.3071552779758993,151.82707268447248,132.3666162803713,-0.01603756337185036,0.020600810470455696,-9.725182519453632
2022-12-20,129.70977258242192,131.5459873422408,128.2289547136537,130.60813903808594,77432800,0.0238097046159633,1,33.65187435424151,-3.0593466283546604,-1.6575935480516515,152.06556469637712,130.5772117928807,-0.0005290943616627075,0.020321382739290832,-7.42425356749636
2022-12-21,131.27946507821224,135.06048935091275,131.05241050570748,133.71788024902344,85928000,-0.0237727988260176,-1,39.75941373505627,-3.130143614341563,-1.9521035613096338,151.33013058957349,129.85848330202808,0.023530674011817965,0.02088156639897178,-3.8952782614999113
2022-12-22,132.63193156053958,132.83923763447277,128.6337201487229,130.53903198242188,77852100,-0.0027980108956089,0,36.101043875777606,-3.4035235236118524,-2.2423875537700777,150.5004461376284,128.82825717047706,-0.024059931571891013,0.021119264275423252,-7.304618480488096
2022-12-23,129.24580060550824,130.72661868998517,127.9821703785141,130.1737823486328,63814900,-0.0138782138557312,-1,35.69464233396255,-3.6080601922755875,-2.51552208147118,150.01019520481478,127.71428904811494,-0.002801932645201788,0.02090398256539911,-7.245380789913737
2022-12-27,129.69994527084378,129.72956043211943,127.07395717087712,128.36720275878906,69007800,-0.0306854313724068,-1,33.67534779657719,-3.8713068350934066,-2.786679032195625,150.07293482469242,126.2506979878076,-0.013975416647596717,0.020427529354688456,-10.007611086834318
2022-12-28,128.0117765700734,129.35438547518544,124.26037553788484,124.4281997680664,85438400,0.0283245139984522,1,29.726629110272665,-4.347659208810683,-3.098875067518637,150.72201006568744,124.10796964012313,-0.03116608754639305,0.02094683189130994,-13.356713326776891
2022-12-29,126.3532816511138,128.81143780896,126.09661191364768,127.95256805419922,75703700,0.0024688451773207,0,36.860494920944674,-4.390177596062188,-3.3571355732273473,149.7896983761363,123.22183726839496,0.02793079231384432,0.01867295628327114,-9.496539325755384
2022-12-30,126.76791156272076,128.28821159493137,125.80044037402875,128.26846313476562,77034200,-0.0374047637684652,-1,37.473193200894286,-4.3482596013444095,-3.55536037885076,148.52557750584802,122.67146381495276,0.002465802585828847,0.018687255631407725,-4.8132040819954645
2023-01-03,128.6139854814398,129.22605213593528,122.58211921528644,123.47061157226562,112117500,0.0103142452145821,1,32.34013748957179,-4.648599649199781,-3.7740082329205644,147.5213835442308,121.43073590157002,-0.03812227098104071,0.019943190974057192,-7.018071434259437
2023-01-04,125.26733892869382,127.01470850998555,123.4804874926226,124.7441177368164,89113600,-0.0106046551225681,-1,34.889577044401626,-4.729343073575876,-3.965075201051627,146.28126670400903,120.66977013070775,0.010261416336884821,0.02037355952944789,-4.54030299863441
2023-01-05,125.50426745503847,126.13608257581905,123.16457967496471,123.42124938964844,80962700,0.0367941166107335,1,33.478409177936584,-4.844235903005568,-4.140907341442415,145.61215702822267,119.57275889584957,-0.010661285195117998,0.01993707203912436,-5.502635365122054
2023-01-06,124.39859654565812,128.6238555191488,123.29291630250204,127.9624252319336,87754700,0.0040889464653337,0,42.13133212293811,-4.516787643453313,-4.216083401844595,144.8392859820655,119.22810445982904,0.036133372034507616,0.02201557221256239,-4.304177576230967
2023-01-09,128.8015718603827,131.70397802412538,128.22898699932043,128.48565673828125,70790800,0.0044564200713597,0,43.05051153597744,-4.167027232831032,-4.206272168041883,143.64443327844725,119.18894074499023,0.004080609442436156,0.0217766683087772,-1.5729971434269012
2023-01-10,128.59425187274505,129.5814640429866,126.48161843097463,129.05824279785156,63896200,0.0211121805834764,1,44.09697407532185,-3.7998345504366853,-4.124984644520843,142.4034407230542,119.30154737509038,0.004446519634207391,0.02186970527522434,-0.8569617711449761
2023-01-11,129.57158328133335,131.8026771210122,128.7916923794983,131.78294372558594,69458900,-0.0005994307665569,0,48.90811965102017,-3.251489958309179,-3.950285707278511,140.53784112875437,120.081212521148,0.02089240639223,0.02212093381970767,2.6609140757045946
2023-01-12,132.16793979306604,132.54307008824253,129.75914024116136,131.70394897460938,71379600,0.0101192745051468,1,48.77705281485883,-2.791122808334933,-3.7184531274897954,137.97321273636342,121.45526168990611,-0.0005996104970069638,0.02199409936700266,5.8473474824074705
2023-01-13,130.34161256817276,133.19465493922883,129.97634891095512,133.0366973876953,57809700,0.0087563583211383,1,51.15533617890203,-2.2923125147661096,-3.4332250049450583,135.8171745074689,122.77710497251154,0.010068417450123768,0.022048779996798412,3.9734484511030024
2023-01-17,133.1058083537203,135.53434166770566,132.4147629011091,134.2016143798828,63646600,-0.0053699603537767,-1,53.20069689680219,-1.782455658436362,-3.103071135643319,135.70083259941626,122.83816123603295,0.00871824375057173,0.019458642629552367,4.625572880594589
2023-01-18,135.0703691429246,136.83747220518643,133.3032510170013,133.48095703125,69672800,0.000443768313159,0,51.75679177540922,-1.4201706089699542,-2.7664910303086465,135.81756887892516,122.79053048630918,-0.005384430416567554,0.019203813211185073,8.107472159984775
2023-01-19,132.36540678256628,134.50765533885576,132.0593734264766,133.54019165039062,58280400,0.0192207447932912,1,51.87241547602155,-1.1154194967902242,-2.436276723604962,136.19670035099492,122.69769204402458,0.00044366987712152195,0.018817404383872607,7.051293538451302
2023-01-20,133.55005775379874,136.2550244536786,132.50361529041555,136.10693359375,80223600,0.0235004771351798,1,56.713618111973005,-0.6591887040533493,-2.0808591196946398,137.06068494289985,122.38358690768608,0.019038359625179524,0.019233233382648145,10.278363139925833
2023-01-23,136.35374163026458,141.48725702280552,136.1365537453342,139.30551147460938,81760300,0.0100628444455932,1,61.862060180089486,-0.03907359441541303,-1.6725020146387946,138.29109578105806,121.71193919208645,0.02322859229904939,0.019215596931349742,8.864388293763804
2023-01-24,138.5157093840139,141.32926952973608,138.505842687211,140.7073211669922,66435100,-0.0047005903119864,0,63.889176846068956,0.5590421346866208,-1.2261931847737115,140.02561528295996,120.9942486086416,0.01001255114080557,0.018266139201025242,9.512084647398305
2023-01-25,139.0883167228264,140.60861677861874,137.03491367991992,140.04591369628906,65799300,0.0148033639829119,1,62.20905853574323,0.968518624101506,-0.7872508229986681,141.38323166271502,120.62384536365218,-0.004711672829849078,0.018307140642087934,8.51373043692209
2023-01-26,141.33915831562229,142.4053492196724,140.08539469738815,142.1190643310547,54105100,0.0136842562982375,1,65.2901966851567,1.4436758259992928,-0.3410654931990759,143.05633385620794,120.32592932738581,0.014694863659560298,0.01797340781612935,7.843291637946596
2023-01-27,141.3292912944412,145.34723680622537,141.25031251687773,144.06385803222656,70555800,-0.0200781263818837,-1,67.93156289676307,1.9546380791352078,0.11807522126778086,144.7302387494223,120.61559026058744,0.01359147235756275,0.015887046502264267,9.384615384615385
2023-01-30,143.10626796433064,143.68871946900538,141.02324989890042,141.17132568359375,64015300,0.009020835287907,1,60.55103532011851,2.1019462316540682,0.5148494233450384,145.72820500334478,120.93949976960442,-0.020282431293231262,0.016249771898332457,6.114574741879316
2023-01-31,140.87514553812727,142.4941725713441,140.46051831709534,142.44480895996094,65874500,0.0079009022027551,1,62.483611110247374,2.2949932081621682,0.8708781803084643,146.81296964540496,121.27236971006381,0.008980390601196042,0.016263365321192408,6.1423959899202245
2023-02-01,142.1289302044529,144.7351696002277,139.51282411039048,143.57025146484375,77663600,0.0370627334196334,1,64.15487773897377,2.5098659598539257,1.1986757362175566,147.49119965720686,122.60410368751971,0.007869853509513192,0.01266195205771796,7.558602109236966
2023-02-02,146.9958966630842,149.24673936752703,146.27523594496205,148.891357421875,118339000,0.0243997997897875,1,70.78216781183583,3.074086785132266,1.5737579460004987,149.1433056330826,123.36672168014978,0.03639242251853503,0.014210882769722082,11.495539718614348
2023-02-03,146.13701293629845,155.36745253753844,145.93957351960248,152.52427673339844,154357300,-0.0179287745060915,-1,74.27869877100123,3.7709133393592538,2.0131890246722497,151.03813903432868,124.38219101327873,0.024106879901773404,0.013819972688721514,12.062091699641611
2023-02-06,150.61897306818702,151.14219433077403,148.8518547888618,149.78970336914062,69858300,0.0192445096671787,1,67.71025691678786,4.0557440939340665,2.4217000385246132,152.3311244025816,125.27193345874653,-0.018091442205061092,0.013863156026024866,7.526042425422744
2023-02-07,148.7136179890826,153.2449175425215,148.7136179890826,152.67233276367188,83322600,-0.0176526310339858,-1,70.65603966593164,4.462636128632681,2.829887256546227,153.953473557708,126.06825190615919,0.019061676062715804,0.014050817551089384,8.503474799637148
2023-02-08,151.91220679965525,152.60325227526124,149.2368553096487,149.97726440429688,64120100,-0.006911651444565,-1,64.71193849660081,4.515578723974812,3.167025550031944,154.69111605931565,127.42251156519605,-0.017810296959638983,0.015230905471183198,7.09149624282895
2023-02-09,151.81346444457745,152.35643407265164,148.49643142830433,148.940673828125,56007100,0.0024564141946461,0,62.53288679975012,4.42290739260838,3.4182019185472314,155.26312483919597,128.56627579556968,-0.0069356475397617245,0.01521521480571957,4.799925702564389
2023-02-10,147.77403058031547,149.63281307537432,147.53673245711806,149.30653381347656,57450700,0.0188065287590037,1,63.006367672819934,4.329083557547534,3.600378246347292,155.6462061071693,129.94345301148303,0.0024534021408575413,0.015159467573735368,3.6391332655253703
2023-02-13,149.2471763928944,152.51983488560623,149.21751602061343,152.11447143554688,62199000,-0.0042247075777306,0,66.50493516559482,4.430235593291229,3.7663497157360797,156.3917076547635,131.105728868674,0.018631872385910242,0.015391492068250705,7.751677402590889
2023-02-14,150.40401334935044,152.03540966135478,149.1582321456351,151.47183227539062,61707600,0.0139031907175461,1,64.99006754469549,4.40773408608888,3.8946265898066397,156.88261774197022,132.34184057101808,-0.004233656869109481,0.01557352219730181,6.337207639463398
2023-02-15,151.38281594677636,153.745854522139,151.1554147270533,153.57777404785156,65573800,-0.0104293417313859,-1,67.59500124223509,4.507869467296587,4.017275165304629,157.35669396685273,133.87744604779573,0.013807427946044726,0.015422239753423115,6.97047088857288
2023-02-16,151.77830301928833,154.5664988468429,151.6201193880744,151.97605895996094,68167900,-0.007546559439384,-1,63.712145784887234,4.407179237957536,4.095255979835211,157.18485363237428,135.89287311323116,-0.010484108435777628,0.01585472399998221,2.0717801163875587
2023-02-17,150.6314217151784,151.27408335489702,149.14834246660095,150.82916259765625,59144100,-0.0266800138395142,-1,61.00968727883508,4.186576308713654,4.1135200456109,156.9230818934651,137.62686775253098,-0.007575178795098836,0.015860827275259004,-1.1113733315419199
2023-02-21,148.50563686680903,149.59323413897312,146.735835945734,146.80503845214844,58867200,0.0028960561853401,0,52.58204399362974,3.6450162322146866,4.019819282931658,156.5866865836792,138.71321576007077,-0.027042385330757313,0.016798235366195353,-1.992570149923324
2023-02-22,147.19063687139987,148.25845552223066,145.4999353225789,147.23019409179688,51011300,0.0032905380293957,0,53.3157781352115,3.213093930061092,3.8584742123575446,156.33282731550796,139.6193623207225,0.002891870693624732,0.016708567046934027,-3.564587357356439
2023-02-23,148.3968793904493,148.6440592209031,145.57903837527164,147.71466064453125,48394200,-0.0180052368503366,-1,54.18573390026707,2.876723715428824,3.6621241129718007,155.88834324536248,140.83072108569223,0.0032851360561565457,0.016628297163075147,-1.5086311706994977
2023-02-24,145.45050490064946,145.5296042594395,144.07618560082526,145.05502319335938,55469600,0.0082475606243674,1,48.808423008680094,2.3682378108179876,3.403346852541038,155.64720301622515,141.36545720106,-0.018169303483373866,0.01699673777507494,-2.60885796666235
2023-02-27,146.04375066348234,147.48727255329774,145.7866739614647,146.25137329101562,44998500,-0.0034477757850247,0,51.156475048282594,2.0382982886616503,3.1303371397651607,155.54492430312953,141.68648744003454,0.008213735352958551,0.01682914217601285,-2.0462336405703736
2023-02-28,145.39119175781394,147.3982909462784,145.17367228142913,145.74713134765625,50547000,-0.0142458649176417,-1,50.113134374650826,1.7163457639844637,2.8475388646090214,155.03857984654667,142.65041246302366,-0.0034537330607991024,0.016128122362311047,-4.18588713342015
2023-03-01,145.17369536359,145.56917715444587,143.3742185158702,143.67083740234375,55479000,0.0041289934207144,0,45.95680542871644,1.2789139753493544,2.533813886757088,154.86514242866053,142.94645272514805,-0.014348311374098977,0.01640706125556337,-5.150129074073589
2023-03-02,142.75131384795435,145.05503189340783,142.27671766674902,144.26405334472656,52238100,0.0350901037591773,1,47.30162562625525,0.9689443132714928,2.220839972059969,154.78210772806364,143.09886761373326,0.0041204925194566755,0.016338839395151048,-6.064497783528913
2023-03-03,146.3700174255545,149.4053933099208,145.66803508048022,149.3262939453125,70732300,0.0185393830199276,1,57.10994254995952,1.1188739500005624,2.000446767648088,154.80619888218442,143.1182701119562,0.03448847970026403,0.01612121715848445,-1.7435410766550639
2023-03-06,152.05515407809082,154.53684949594242,151.72888994336137,152.09471130371094,87558000,-0.0144965543131956,-1,61.346908474716805,1.4444318996747825,1.889243794053427,154.73514382739938,143.1463686237725,0.018369623605216212,0.01571842419338661,0.8390610172852295
2023-03-07,151.96616367909397,152.29244288057856,149.42516275115915,149.88986206054688,56182000,0.008377224406511,1,56.55507267629547,1.5071524972620125,1.8128255346951443,154.74325029546492,143.14827802484757,-0.014602656011096116,0.015526922259805924,2.1013063590483956
2023-03-08,151.08620232381537,151.73876071934626,150.11726157953802,151.14552307128906,47204800,-0.0149143811708941,-1,58.54118725728768,1.6392837298780023,1.778117173731716,154.5066090683381,143.23223828273615,0.008342330204399673,0.015011993915348413,2.6593247422135504
2023-03-09,151.82777955050608,152.79672053544238,148.53534146802153,148.8912811279297,53833600,-0.0138789324043202,-1,53.78721057541847,1.5442984866752454,1.731353436320422,154.42945429270137,143.20079473073613,-0.015026718918461412,0.014855169580027014,0.79654956269366
2023-03-10,148.51554589298388,149.23730682187812,145.94486944980744,146.8248291015625,68572400,0.0132660425062085,1,49.795193160847695,1.2874358297927984,1.6425699150148974,154.38956409621687,143.0291004545644,-0.013976145308965293,0.015100504768007814,1.220092809777405
2023-03-13,146.1426162263365,151.4124925875259,146.03385648579933,148.77261352539062,84457100,0.0140890805523139,1,53.312530217451155,1.2268973394945988,1.5594353999108377,154.3564051845052,143.00886733746745,0.013178819123577767,0.01540631405886802,1.7239087590365092
2023-03-14,149.57346291926223,151.66954312555754,148.40678132116508,150.86868286132812,73695900,0.0026214357162146,0,56.818557360391495,1.332692972589399,1.51408691444655,154.16799456086045,143.07269910369035,0.013990751953657288,0.015140726842013449,3.513998159905625
2023-03-15,149.48447760738804,151.52123700910988,148.22879983662045,151.26417541503906,77167900,0.0186940729522682,1,57.467569009163334,1.4319431683575488,1.49765816522875,154.1369646383718,143.0829633401438,0.0026180057465969853,0.01512719388518898,5.285232654021852
2023-03-16,150.443542077547,154.69503836094125,149.92940378389787,154.0919189453125,76161100,-0.0054539415885499,-1,61.87924152826505,1.7189598350540223,1.5419184991938044,154.25880482652755,143.01253764173416,0.018521486350435268,0.015389237321266576,6.812414716437874
2023-03-17,154.31932940774055,154.97188784795392,152.53963142836827,153.2515106201172,98944600,0.0154837595812054,1,59.89095348808367,1.8572000370364776,1.604974806762339,154.49883346125083,142.90005417302652,-0.005468868626844703,0.015246746081487869,2.628617218774754
2023-03-20,153.32071734921686,156.03969557063917,152.4110822679711,155.62442016601562,73641400,0.0119442078744567,1,63.4609447519258,2.133635144393139,1.7107068742884992,155.42664797563384,142.45176541547943,0.015365109375911068,0.015474971780459276,2.3207308341289883
2023-03-21,155.5453489444009,157.60187209543255,154.77413390443738,157.4832305908203,73938300,-0.0091034424490067,-1,66.01292443186236,2.4741815997778644,1.8634018193863724,156.86471900659163,142.08151359838885,0.011873438786691004,0.01407159981424871,5.065965386775894
2023-03-22,157.50300984854792,160.31096943804832,156.029812451383,156.04959106445312,75701800,0.0069694860576055,1,62.3934268781193,2.598431292351677,2.010407713979433,157.75639684096242,142.0717754612837,-0.009145131986297628,0.014354039623458005,3.2446002326188763
2023-03-23,157.03831361968307,159.7276317574304,155.90127718884906,157.13717651367188,67622100,0.0083053816892406,1,64.00578008606566,2.752925118182219,2.1589111948199906,158.75665813196173,142.01376575719843,0.006945311447728031,0.014382394886436365,5.538198961870163
2023-03-24,157.06794158008978,158.53124185441158,156.06934056292735,158.4422607421875,59196500,-0.0122930500886391,-1,65.89537841813562,2.9467042065842293,2.3164697971728385,159.74882218614226,142.36032545790073,0.008271081791701107,0.013514215165119376,7.91244349590826
2023-03-27,158.13580009435265,158.9564390941657,156.0891434767474,156.49452209472656,52390300,-0.0039802945098125,0,60.76807483120366,2.9095695922118807,2.435089756180647,160.2756458912867,142.85781663312738,-0.012369234632994441,0.013985135519914557,5.190409972879895
2023-03-28,156.188025298689,156.70216367834936,154.22046800357575,155.8716278076172,45992200,0.019790404556816,1,59.182112425441254,2.79762846013125,2.5075974969707677,160.54367140040537,143.60224077000478,-0.003988236964549863,0.013999394817215646,3.3160924132197467
2023-03-29,157.5721744456201,159.23323055057568,157.55241092396736,158.95639038085938,51305700,0.0098901200169025,1,64.16939152142834,2.9241214142283525,2.5909022804222848,160.885447854103,144.7890196141587,0.01959712045248363,0.01379599535738728,5.085285359018017
2023-03-30,159.70784921727477,160.6372479005565,159.45078759523014,160.5284881591797,49501700,0.0156440894091904,1,66.42114831679598,3.1153117689655403,2.695784178130936,161.34848292679837,145.95242802290866,0.009841532872409076,0.013834850071736007,4.177097188433053
2023-03-31,160.60756909681194,163.13868814753852,160.0835490630284,163.03981018066406,68749800,0.0077017479775576,1,69.69724661626651,3.4299360341462375,2.8426145493339963,162.77836695894845,145.8938956142937,0.015522982085300008,0.012296303898978048,6.387081941926368
2023-04-03,162.41694087425697,164.4141432098461,162.36750188667764,164.29550170898438,56976200,-0.0032497559734269,0,71.20976789406099,3.7375180614427563,3.0215952517557483,164.35976573209766,145.53257588167187,0.007672240923692009,0.011882027691234935,5.5718000643592385
2023-04-04,164.7206403425892,164.95792331758295,163.24744316398008,163.76158142089844,46278300,-0.0112901462960476,-1,69.61857556139044,3.8933164010278745,3.1959394816101736,165.49473341957,145.78478013023468,-0.0032550478984578746,0.011205794145480246,3.9866789667217364
2023-04-05,162.88164511746857,163.1881457283857,159.9748075653386,161.91268920898438,51511700,0.0054958435074181,1,64.26348028881502,3.823522372105373,3.3214560597092135,166.1676873923793,146.1885427711949,-0.011354363805305745,0.011698161820929415,3.7572018641879144
2023-04-06,160.5976809407093,163.09915484076092,160.17253885078875,162.8025360107422,45390100,-0.0159723666509925,-1,65.633617988339,3.796252466142704,3.4164153409959117,166.67231678952786,147.0750388623276,0.005480796465106685,0.010863219112472537,3.6053591026420104
2023-04-10,159.59907481013732,160.2021942138672,158.2741945090455,160.2021942138672,47716900,-0.0075910959613243,-1,58.56709871835149,3.5241903455820136,3.4379703419131324,166.27431100608283,148.81078115700313,-0.016101299652438783,0.01106168514770201,1.1107727593860823
2023-04-11,160.5186020856557,160.52848384854775,158.6993469072352,158.986083984375,47644200,-0.0043531665046597,0,55.55460299345329,3.173862906942958,3.385148854919098,165.81433974508718,150.29209946389722,-0.007620054977135915,0.011166137445714399,1.5921080535587617
2023-04-12,159.40135205289505,160.23187277591592,157.9775936210526,158.2939910888672,50133100,0.0341035795894621,1,53.85679199568092,2.808010774955136,3.2697212389263055,165.4509858770925,151.3979841546458,-0.004362669121645624,0.010995888153358554,1.5540758220859634
2023-04-13,159.8067227797579,163.92968090167284,159.59908506589906,163.6923828125,68445600,-0.0021139579766258,0,63.28272629519141,2.9200153016367665,3.1997800514683976,165.61272519051337,152.47906558097102,0.03353494475338881,0.013015556123981283,2.979428773069891
2023-04-14,162.73332768738865,164.44382316709542,161.9720245871667,163.34634399414062,49386500,0.0001208773490981,0,62.40276101333727,2.9468873720551017,3.1492015155857387,165.91620627760463,153.10102699876253,-0.0021161955397550614,0.012611156168845518,1.7553618471549786
2023-04-17,163.2276687659828,163.52428757903846,162.1796287016244,163.3660888671875,41516200,0.0075047915444652,1,62.43485913268547,2.935933315992827,3.1065478756671565,165.94561028171356,154.08308081936067,0.00012087004401983847,0.012476771000485932,0.20012209665963718
2023-04-18,164.22629596467013,165.52151594579726,163.78136017187086,164.5921173095703,49923000,0.0069683904516195,1,64.46360605187428,2.9916959875187956,3.0835774980374846,166.35447168427643,154.57098913115325,0.007476770702790958,0.012193284582650519,0.18053787078804562
2023-04-19,163.92970090005386,166.26307959159772,163.67262416708968,165.7390594482422,47720200,-0.0058465044018642,-1,66.29732539375962,3.0927852484942377,3.0854190481288355,167.02560103428075,154.7254426668911,0.006944223424111939,0.012049224214944323,1.2075347649832808
2023-04-20,164.2163849134918,165.97630406053003,163.6923648914332,164.7700653076172,52456400,-0.0097808271266101,-1,63.324328675228166,3.059442142616092,3.080223667026287,167.26457667409335,155.3585144513949,-0.00586366211651157,0.011902976388420678,1.7647635355773337
2023-04-21,163.18813815793777,164.5723392677561,162.63445771401044,163.15847778320312,58337300,0.001878561874705,0,58.616348639794055,2.8698935005347437,3.0381576337279785,167.29355940760664,155.9316618448348,-0.009828973615132242,0.012177313560025927,0.2186340466081262
2023-04-24,163.13870186497232,163.73193954278202,162.04122272168698,163.46498107910156,41949600,-0.0094355922952651,-1,59.237068108255265,2.713131796006678,2.9731524661837185,167.404227979774,156.32326530635882,0.0018767995840498486,0.012084274020130533,2.0366680252073266
2023-04-25,163.32657200300784,164.4339329839802,161.883034935673,161.92259216308594,48714100,-6.115856946997678e-05,0,54.78395835693278,2.436354344218387,2.865792841790652,167.09874482218876,157.17155547077996,-0.009480389511117515,0.011925229286402368,1.8470221450322248
2023-04-26,161.22058862196803,163.41554697412082,160.96352700012233,161.91268920898438,45498800,0.02839514433457,1,54.75549716237792,2.190951212214145,2.730824515875351,166.49132250833176,158.38308392477373,-6.116043973136698e-05,0.011858701184553113,2.2860615840342473
2023-04-27,163.32654598880194,166.65852525119462,163.32654598880194,166.51022338867188,64902300,0.0075410445388159,1,64.08435149832354,2.340470559454104,2.652753724591102,166.9087886572056,158.7210010766811,0.027999474825686654,0.012641600210526753,1.7214243740342796
2023-04-28,166.589321099478,167.9339799574928,165.9862017200745,167.76588439941406,55275900,-0.0005302552455932,0,66.13791578519083,2.5311100083257827,2.6284249813380383,167.6592969617202,158.69423239618993,0.007512753005234352,0.012579258980701573,2.705625542149857
2023-05-01,167.37042504765017,168.52722497825897,166.7376452115908,167.6769256591797,52472900,-0.0061913526179886,-1,65.85064891174406,2.644530417670069,2.6316460686044447,168.29989899014365,158.51734191561806,-0.0005303958806228692,0.012190899155803257,2.6387586443945468
2023-05-02,168.17129693616403,168.42837366285386,165.6500591818085,166.63877868652344,48425700,-0.0064674518139128,-1,62.442115524391205,2.620440319848484,2.6294049188532527,168.60507254220462,158.44649606131102,-0.006210598521514399,0.012210323429475714,1.243474724311187
2023-05-03,167.58792807875122,168.9919077307227,165.27432844465707,165.56105041503906,65136000,-0.0099133574293361,-1,59.02634636912273,2.4857311181906425,2.600670158720731,168.7717377472588,158.4597777556709,-0.006488456393444864,0.012286725925259197,-0.1074031877553369
2023-05-04,163.0299431104764,165.15568380990734,162.45648404157697,163.91978454589844,81235400,0.0469269817764652,1,54.16677228363449,2.2209351088897904,2.5247231487545427,168.81339055333888,158.61883448328223,-0.009962821934811572,0.01221954373958758,-0.5160407991168298
2023-05-05,169.05125040031595,172.3338062754006,168.8337309104411,171.61204528808594,113453200,-0.00040349373291,0,67.62136560972786,2.6017916837842563,2.5401368557604855,170.28099777278064,158.03217819157484,0.045859189032799286,0.015859227923166935,5.181200278244501
2023-05-08,170.53430297922057,171.88885869773142,170.168481660933,171.5428009033203,55962800,-0.0099710653465606,-1,67.42947436747778,2.8650097709278555,2.60511143879396,171.35732647504145,158.08991015825936,-0.0004035751584101632,0.01526029036155071,4.941620994841611
2023-05-09,171.09789605728315,171.58235891028352,169.66425593732595,169.83233642578125,45326900,0.0104209006685636,1,62.6965552877209,2.902137775228937,2.6645167060809554,171.7053107311682,158.82655114627323,-0.010021109357933433,0.015360825408074291,4.884892316156068
2023-05-10,171.06824047843108,172.06684167430913,169.96086445482297,171.60214233398438,53724500,0.0010947777713163,0,65.40250790993781,3.0393349704185937,2.7394803589484833,172.0959527736501,159.766724228303,0.010366977379159259,0.0153271844372036,5.984369213022954
2023-05-11,171.8888865269506,172.62052928198048,170.2278299661715,171.79000854492188,49514700,-0.0054175404563513,-1,65.68704383341654,3.127175832816704,2.8170194537221276,172.9095729750963,159.76286660009902,0.0010941789391516465,0.013667846650591772,3.170847440355544
2023-05-12,171.89890853860956,172.3345492571858,169.3048853057611,170.8593292236328,45533100,-0.0028973594582403,0,62.92608902327675,3.0861174648170504,2.8708390559411123,173.4162224853868,160.00751561275774,-0.005432268546082142,0.01374558942359306,1.8439057710052247
2023-05-15,171.44347960387887,171.49298697857782,169.77023004875,170.36428833007812,37266700,0.0,0,61.44662865561734,2.979289356330696,2.892529116019029,173.76161419612612,160.36194384830748,-0.0029015649292940537,0.013786763846999613,1.6027027334463264
2023-05-16,170.28507955206572,171.42367363249335,170.0969605927275,170.36428833007812,42110300,0.0036030471668859,0,61.44662865561734,2.861640104880337,2.886351313791291,174.0969481432936,160.6038270031908,0.0,0.013734487309820182,2.2356798777090297
2023-05-17,170.00783790944186,171.21573009717264,168.7306172756303,170.97811889648438,57951600,0.0136661281677417,1,62.70750033870064,2.7858200230883483,2.866245055650703,174.4937948492004,160.73088624210817,0.003596571741955934,0.013687832352419892,3.2719461901609455
2023-05-18,171.2850464654308,173.50284672542747,170.86921174934298,173.31472778320312,65496700,0.0006284361272768,0,67.11621978957706,2.8810657388803236,2.869209192296627,175.21676247141005,160.86238486745714,0.013573588788313273,0.013822668590225856,5.731427272998918
2023-05-19,174.64144781679403,174.64144781679403,173.20582466782196,173.42364501953125,55809500,-0.0054807130214864,-1,67.31021824061459,2.931544347155125,2.881676223268327,175.72854997204112,161.3771140904589,0.000628238743985321,0.01352523113132325,1.0556366998622804
2023-05-22,172.25533943207657,172.97811385055638,171.73059450812943,172.47315979003906,43570900,-0.0151550874836252,-1,63.77435049424103,2.8618630179846605,2.877713582211594,175.972889710738,162.03359222285576,-0.005495787232611349,0.013658722625138196,0.5423479632019593
2023-05-23,171.41375772100255,171.66127945739515,169.5820908286863,169.85931396484375,50747300,0.0016320664037585,0,55.188507510744266,2.566143642773028,2.815399594323881,175.56980499121326,163.23034912255625,-0.015271099428432855,0.01398752915025477,0.015884807116393587
2023-05-24,169.39397044171028,170.71078788094945,168.82962874348078,170.13653564453125,45143500,0.0066924255529203,1,55.86713419670482,2.32732542133985,2.717784759727075,174.9382085410635,164.68433021626072,0.0016307360306937468,0.013977020258465488,-0.8540724897248988
2023-05-25,170.70090944955888,172.17612946392208,169.9880455752579,171.27516174316406,56058300,0.014104800587348,1,58.637797832673954,2.2045254731411035,2.6151329024098806,174.97979763167652,165.1192349610969,0.006670130688895881,0.012680760367718855,-0.2996954282257828
2023-05-26,171.60189457506775,174.02760482348145,171.39396964747598,173.6909637451172,54835000,0.0106594819244223,1,63.82669173384387,2.275905440113945,2.5472874099506937,175.4020180195455,165.28952250779827,0.014006253464811103,0.012925975844826857,1.6572899673380614
2023-05-30,175.20579349606086,177.21566879798618,174.81966018947244,175.54241943359375,55964400,-0.0002818934197748,0,67.22066165868637,2.453588142206314,2.528547556401818,176.1170992157938,165.3609906889914,0.010603070172916063,0.013062279986792496,3.0394463266169245
2023-05-31,175.57214396008078,177.5721240946458,175.00778707206032,175.49293518066406,99625300,0.0160224604505392,1,67.0396153589519,2.5608896562363554,2.5350159763687254,176.59441982377322,165.76908573042599,-0.00028193315919278206,0.01292572410057964,3.010400184720207
2023-06-01,175.9384564736909,178.33446519527467,175.17608525533697,178.3047637939453,68901800,0.0047752828940708,0,71.70329996481064,2.8400792827468706,2.5960286376443547,177.43159739096177,166.20627950112805,0.01589545565459627,0.01306671901145847,4.285135983918926
2023-06-02,179.2354282464183,179.97799341291704,177.48297022337377,179.15621948242188,61996900,-0.0075709583583662,-1,72.95137304017507,3.0943744093472674,2.695697791984937,177.82177756261154,167.33974282313062,0.004763917398653561,0.012664563099224672,3.37045314840513
2023-06-05,180.8196037452728,183.1165978576715,176.27509267968756,177.79983520507812,121946500,-0.0020602817128649,0,67.8196287211069,3.1501433620883006,2.78658690600561,178.577455088698,167.2028442887434,-0.007599763544273053,0.008380361050073988,2.5234103371855787
2023-06-06,178.18597822020433,178.33448524354625,175.6711485030586,177.4335174560547,64848400,-0.007756347175245,-1,66.45990352670063,3.128715987680266,2.855012722340541,179.1649702655571,167.20440076715778,-0.002062407012879852,0.008411169128344805,2.876017156555917
2023-06-07,176.67113061333816,179.41367589423808,175.56223798316736,176.05728149414062,61944600,0.0154650379742227,1,61.47333135188622,2.966488070738592,2.8773077920201513,179.3933066697216,167.59855886982916,-0.007786584089479298,0.008260947093298386,3.648882940019224
2023-06-08,176.1364684949153,179.04732664647344,175.70084291207064,178.78001403808594,50214900,0.0021596843501492,0,66.78333893797917,3.022778332244428,2.9064019000650068,180.11028916926085,167.5993635407001,0.015346673059834615,0.008600802323745162,5.080318792674627
2023-06-09,179.70076268646082,180.42352185448632,178.83939196419036,179.16612243652344,48900000,0.0156389578422648,1,67.46808919814106,3.063233442618724,2.9377682085757506,180.80967966211554,167.63758443700553,0.0021573555842326897,0.008597876199771376,4.607183325970101
2023-06-12,179.47308536155512,182.06710862095264,179.17605622243772,181.9680938720703,54274900,-0.0026118067888527,0,71.98199577195552,3.283539487569641,3.006922464374529,181.98140377314004,167.5767367908248,0.015517929547759657,0.008902457462840895,4.76543508567285
2023-06-13,180.98788948565831,182.32449774459167,180.63145759510397,181.49282836914065,54929100,0.0034914161506076,0,70.20267628967778,3.380811767709787,3.081700325041581,182.80222436330874,167.86877020456237,-0.0026152235067042895,0.008892438411247643,3.3897270840555405
2023-06-14,181.5522431050323,182.56213604593384,180.21563475820471,182.12649536132812,57462900,0.0111987910027628,1,71.22401484650302,3.4690434080202124,3.1591689416373074,183.5819015329815,168.2653137380146,0.003485335306965709,0.008861269191775168,3.7799585344190842
2023-06-15,182.136425495302,184.67104599748652,181.95820196536692,184.1660919189453,65433200,-0.0058598904064778,-1,74.27987459831184,3.6613403626257934,3.2596032258350047,184.6827826264254,168.4832299468168,0.011136548803295732,0.009031599001621182,3.287252679223724
2023-06-16,184.87895397960628,185.1363862861082,182.4433482525156,183.08689880371097,101256200,0.000486632685998,0,70.04151014958487,3.6841862140202863,3.3445198234720612,185.4962939525982,168.64693572269476,-0.00587712693335618,0.008961118280417565,2.193995459741633
2023-06-20,182.5819517231594,184.25520121093788,182.5819517231594,183.17599487304688,49799100,-0.0056752307569534,-1,70.19272466339577,3.6672077360111928,3.4090574059798877,186.20881551552793,168.9096491451166,0.0004865143187116061,0.008962934102214402,3.0237146517980587
2023-06-21,183.06709801295077,183.5720521007454,180.7799992383261,182.1364288330078,49515700,0.0165251217422071,1,66.00635537590561,3.5291856234253487,3.43308304946898,186.58042953619054,169.50436202875085,-0.0056913960692908105,0.008972490534120563,2.6505202874749436
2023-06-22,181.91857754734076,185.1957628610581,181.84926421078353,185.1462554931641,51245300,-0.0017111782059046,0,71.33660085650676,3.620930133481096,3.470652466271403,187.00805455384156,170.60543116393185,0.016390067742716674,0.00840524146961955,5.162509566141379
2023-06-23,183.7106491987163,185.7007186660485,183.17599374881704,184.82943725585935,53117000,-0.007552970853915,-1,70.09075703313829,3.6262723246117616,3.501776437939475,187.11256822208372,171.97020765682254,-0.0017126439436623286,0.008494085561062327,3.3837245456780676
2023-06-26,184.9779592329188,186.18586660248252,183.39381396241689,183.4334259033203,48088700,0.0150590280258866,1,64.72664604164878,3.4777700322795795,3.496975156807496,186.87299282651688,173.42560946840499,-0.007581638982527394,0.00886069311165265,2.3817580069071
2023-06-27,184.04726807160984,186.52248552112175,183.8294477274505,186.1957550048828,50730800,0.006327870666112,1,69.67253407403236,3.5421461129726595,3.5060093480405286,187.30249813984372,174.24658328105474,0.014946766493302732,0.008922066535097082,2.3232980259631053
2023-06-28,186.06705547946467,188.01752821246563,185.74034004157735,187.3739776611328,51216800,0.0017966176973926,0,71.50764573024091,3.646206147484662,3.5340487079293554,188.03319185534738,174.69904538830494,0.00630793375379568,0.008792235981000941,3.2404306797348554
2023-06-29,187.20567806322865,188.1858697695927,187.0670664680638,187.7106170654297,46347300,0.0231023858860364,1,72.02843896951318,3.713036883157514,3.5698463429749876,188.61845009959697,175.33555533253192,0.0017950057102789074,0.008760391534574172,3.066067731124457
2023-06-30,189.7303801784341,192.5521191164762,189.3640377084909,192.04718017578125,85213200,-0.0077845994646116,-1,77.68652573778822,4.069019993890407,3.669681073158072,190.39748699111288,174.93076007919962,0.022839565916494386,0.009397587075507093,4.2793372953282525
2023-07-03,191.85907691511048,191.95809166806356,189.85909674419335,190.5521697998047,31458200,-0.0058715439997047,-1,72.25985811042953,4.182293455282547,3.772203549582967,191.50975394636419,174.9580881556866,-0.007815057631749056,0.009738263656057936,4.077446854401801
2023-07-05,189.67096065277283,191.06697174397888,188.73036598215447,189.4333343505859,46920300,0.002508799445303,0,68.40858073755646,4.134127174609006,3.8445882745881748,192.1172051501127,175.51398686648886,-0.005888849286592723,0.009646561261103108,3.416025927346968
2023-07-06,187.95811200082892,190.11650951153769,187.32445692665848,189.90858459472656,45094300,-0.0058912815027726,-1,69.1604740146481,4.087189200114068,3.8931084596933534,192.6026304455186,176.27606828495013,0.002505657661614258,0.009569953925338113,4.267216509907893
2023-07-07,189.51255404191053,190.7600582083635,188.35415407859097,188.7897796630859,46815000,-0.0108559068006073,-1,65.22482215312068,3.914587382813494,3.8974042443173817,192.4753951493768,177.6765533979865,-0.005908703560843165,0.009463064778943965,1.9679167478795396
2023-07-10,187.3838458679872,188.1066202001988,185.18585168727856,186.74029541015625,59922200,-0.0028098875881542,0,58.64158758167071,3.57125573503302,3.8321745424605096,192.31094222627988,178.63703445829046,-0.010915262118250446,0.009553047536856636,1.0338494682812365
2023-07-11,187.28487201023415,187.42348359441797,184.75025155228488,186.215576171875,46638100,0.008985544203194,1,57.0538509149564,3.21970768730759,3.709681171429926,192.0231655142599,179.62975654384556,-0.0028138427330288707,0.009618068073959306,1.5167084487758717
2023-07-12,187.7997051463105,189.7996852254477,186.60170827121755,187.88882446289065,60750200,0.0040575850112907,0,60.70729733835803,3.0410649758395323,3.5759579323118476,192.1159827827956,180.1290123343919,0.008945414413731534,0.009233965375426,0.9092954122200271
2023-07-13,188.6116025020443,189.294765054296,187.8987385438278,188.6511993408203,41342300,0.000787159242428,0,62.28172672886829,2.927262955967592,3.4462189370429965,192.17265130637472,180.78818090798077,0.004049375213703854,0.009193973982318958,0.6816430411683765
2023-07-14,188.34425119556795,189.28483085110776,187.75020804300397,188.79969787597656,41616200,0.0173054988221699,1,62.59611495712169,2.8165887442744975,3.320292898489297,192.22154455527235,181.406607910548,0.0007868495950749121,0.009189811877317142,0.5801913751992289
2023-07-17,189.9976776399959,192.39370132812152,189.9085734412509,192.0669708251953,50520200,-0.0013402396590022,0,68.76496723147773,2.9584174604723046,3.2479178108858986,192.93036924783755,181.48787110860778,0.017157464113259024,0.009601198164884351,0.01030509763066975
2023-07-18,191.43333225746687,192.4036133115075,190.51254346863507,191.80955505371097,48288200,0.0070715952380628,1,67.81599347287005,3.015288074463598,3.2013918636014385,193.37291411832425,181.9175918631211,-0.001341138583446977,0.00945530337086612,0.6598640441760886
2023-07-19,191.1857808476927,196.26491622319193,190.74022966968735,193.16595458984375,80507300,-0.0100972216209964,-1,70.15332383419124,3.133685378057521,3.187850566492655,193.9678845527422,182.32161740038282,0.007046708764290699,0.009501765943172638,1.9704136297098842
2023-07-20,193.15607727761312,194.52240222913113,190.59175546623808,191.21551513671875,59581200,-0.0061617523839923,-1,63.06126697518043,3.0351446723270215,3.1573093876595286,193.8665813413759,183.3308292421202,-0.010148544333368648,0.009756681087478535,0.6881892910640327
2023-07-21,192.17588392818155,193.03725474426253,189.33432409540023,190.03729248046875,71951700,0.0042201542858666,0,59.16988165108834,2.829362600702524,3.091720030268128,193.89709927791304,183.7894150043135,-0.006180814323855088,0.009354300855550227,0.6607946784032225
2023-07-24,191.49274025459553,192.97787083183135,190.3442356490594,190.8392791748047,45377800,0.004513529113622,0,60.93686756527295,2.6998700290269255,3.013350030019888,193.91394935050755,184.37354912361354,0.004211274408969068,0.009347549122465838,2.1950183572567625
2023-07-25,191.4135192381226,192.51251639930572,191.00757994716116,191.7006378173828,37283200,0.0045449071354142,0,62.79899197333477,2.6363603557086606,2.9379520951576428,193.6628763289583,185.45134333656904,0.004503373687500201,0.009110386621175335,2.9455439540917667
2023-07-26,191.75012548540775,193.70059786031172,191.40360413966724,192.5718994140625,47471900,-0.0065809366301776,-1,64.63536154773298,2.626060421582366,2.8755737604425877,193.8770189432181,185.8748151632272,0.004534610232171055,0.008628654977577012,2.492471260363219
2023-07-27,194.07684234558644,195.24513765991685,190.64123952357383,191.3045959472656,47460200,0.0135079711498566,1,59.996136904840746,2.4869686248833034,2.797852733330731,193.9467999475552,186.19809598750336,-0.006602686469031838,0.008746616364399188,1.4065092698677282
2023-07-28,192.7402284005584,194.68080550669023,192.2154835157043,193.88873291015625,48291400,0.0031660482523698,0,65.44283079645868,2.555794027644481,2.749440992193481,194.43426249570624,186.32844502382503,0.013417551851713228,0.009175161723709661,2.69546778487045
2023-07-31,194.1164606567971,194.54220593555127,193.3243880114047,194.50259399414065,38824100,-0.0042759342216107,0,66.60598923544903,2.629560181491513,2.7254648300530877,194.8867842978423,186.1214646035249,0.0031610468752223397,0.007719412796513793,1.2681114084743177
2023-08-01,194.29467332466547,194.77980627337752,193.34418318178373,193.67091369628903,35175100,-0.0154898787204988,-1,63.48807701475432,2.5910428118109508,2.6985804264046602,195.25524291016762,186.06488038084802,-0.004285102172047139,0.007554631495687985,0.9704201868654803
2023-08-02,193.1065805270162,193.24519211613384,189.9482153815842,190.6709747314453,50389300,-0.0073216524607082,-1,53.719653259608116,2.292026461597203,2.617269633443169,195.28258234414653,186.16130498495505,-0.01561110032654689,0.008285885137830148,-1.2916250504371323
2023-08-03,189.67099202259732,190.46304961249737,188.79971054467111,189.2749481201172,61235200,-0.0480201136329651,-1,49.87398062553976,1.9202704864622717,2.4778698040469895,195.28176038049494,186.09876330114568,-0.00734858731035537,0.008440963029265301,-1.0148585564377768
2023-08-04,183.68094960257173,185.52251207833032,180.11663025996506,180.1859436035156,115956800,-0.0172537693927492,-1,33.206511227762334,0.8820764648873478,2.1587111362150613,196.7166459659148,183.80349410976876,-0.04921137217968585,0.013826681602745203,-5.183902984707927
2023-08-07,180.32454086912372,181.31462781819695,175.5919264611557,177.07705688476562,97576100,0.0053116255326834,1,29.56675305478434,-0.18937792234243034,1.689093324503563,198.32291275701226,181.23090346613225,-0.01740435024361542,0.014111884122186098,-7.211420180136586
2023-08-08,177.9087137403543,178.48296594319257,175.81962982094473,178.0176239013672,67823000,-0.0089542224218049,-1,31.995360670758878,-0.9516473477953582,1.1609451900437788,199.24029096483812,179.49373003125564,0.005297568604571978,0.014223250120368475,-7.137698690940345
2023-08-09,179.07704055404358,179.13644336005612,175.25530392276485,176.42361450195312,60378500,-0.001234810498925,0,30.10106682977081,-1.6651794440687695,0.5957202632212693,200.16197105577078,177.4255289442292,-0.008994552400969802,0.014044544377331351,-8.385587389044652
2023-08-10,177.7007905335651,178.95820511217872,175.83943745613908,176.2057647705078,54686900,0.0003376394559631,0,29.841035865789642,-2.222616484465874,0.032052913683840605,200.7958583293695,175.54709821359924,-0.0012355735055864514,0.013951405622360472,-7.892560605768133
2023-08-11,175.7993034466227,177.0881424893324,175.03590276334816,176.2652587890625,52036700,0.0093932332154864,1,30.018833229065656,-2.629279982049354,-0.5002136654627984,201.18574347760912,173.90376915666823,0.00033758246858894836,0.013944648597024274,-9.089478205657302
2023-08-14,176.44373225185288,178.14898275911253,175.78938877461678,177.92095947265625,43675600,-0.0112004670920671,-1,34.95879865197297,-2.785848992780501,-0.9573407309263391,200.92677236422574,172.7481391347977,0.009349391132470686,0.013437881777075908,-8.525148267166
2023-08-15,177.34590561297395,177.94075085454938,175.53159812671015,175.92816162109375,43622600,-0.0049590498496568,0,32.028292621791664,-3.035739083446316,-1.3730204014303344,200.70097255976606,171.38579959599565,-0.011263664661576023,0.013524234246943352,-9.161288980656705
2023-08-16,175.61092006059548,177.0088162608788,174.9863181633248,175.05572509765625,46964900,-0.0145550401954176,-1,30.810589544730174,-3.2665226767670106,-1.7517208564976698,200.15668213493313,170.11906707160983,-0.004971386740433736,0.013256897104128864,-8.189631198866373
2023-08-17,175.6208528452633,175.98767489704687,171.99223724872292,172.50778198242188,66062900,0.0028160704508526,0,27.519844986776242,-3.613365425150704,-2.1240497702282766,199.9053886937261,168.49958719738717,-0.014662003969750259,0.013388311935992733,-8.85862936655229
2023-08-18,170.82235510894964,173.59834528388794,170.48527458580276,172.9935760498047,61172200,0.007736757944369,1,29.075234737452313,-3.8051775625245057,-2.4602753286875227,199.5365667207237,167.1640375273232,0.002812112752823559,0.01350232534075349,-3.9916363118407974
2023-08-21,173.56859991663836,174.61950689363672,172.25000423465377,174.3319854736328,46311900,0.0079049307655538,1,33.32076729235147,-3.8053261769418896,-2.7292854983383963,198.78283723349372,166.267037644436,0.00770698270987058,0.013645594007484314,-1.550212918277262
2023-08-22,175.5415274877659,176.15620551446153,174.73847648439144,175.71006774902344,42038900,0.0219489055246764,1,37.47112678240697,-3.6521445830560992,-2.913857315281937,197.66943969031865,165.7813781807751,0.007873850484552136,0.0137830643203403,-1.2962515181206324
2023-08-23,176.9890180826326,179.99303161559698,176.80064510070915,179.56671142578125,52722800,-0.0261703604427024,-1,47.34818321206702,-3.18285814544916,-2.9676574813153818,196.23837780093945,165.91192127132618,0.021711495937490888,0.014859284895721404,1.7815624811344792
2023-08-24,179.12058855477642,179.54690878007156,174.5005486639036,174.8673858642578,54945800,0.012642986205454,1,39.21888778012121,-3.153786671941873,-3.00488331944068,194.88204919281029,165.62452887115458,-0.02651889868985524,0.015720808572933405,-0.7595545514604011
2023-08-25,175.8587845923081,177.6135940867137,174.3121656551708,177.07823181152344,51449600,0.0088461015808791,1,44.08297420316656,-2.9187055083358757,-2.9876477572197193,192.67948271571504,166.14604523838653,0.012563730971477227,0.01567069367871102,0.46122135924347196
2023-08-28,178.54553539179292,179.04124736642365,177.018749166219,178.64468383789062,43820700,0.0218102544505485,1,47.30092174046728,-2.576304372258164,-2.905379080227408,189.93660335067335,167.3031335878032,0.008807204050316209,0.015866265829034613,0.40676734623027955
2023-08-29,178.1588778766287,183.31427930675537,177.9605961154563,182.5409698486328,53003900,0.0191723567782509,1,54.339626787037744,-1.967866941457089,-2.7178766524733446,187.2610854818263,168.8656570718846,0.021575813537083377,0.01688456504948942,3.7588116459611705
2023-08-30,183.35395983897268,186.23900735465395,183.1556780614674,186.04071044921875,60813900,0.0011722911159803,0,59.56393023636952,-1.1895635282020294,-2.4122140276190818,185.91398700279683,169.74972912269146,0.018990882997622194,0.017287901125855876,6.275136300417731
2023-08-31,186.22906281435257,187.4980842034032,185.8721496031866,186.25880432128903,60794500,0.0084634146761066,1,59.87205608740538,-0.5488275704358614,-2.0395367361824377,184.97787618290408,170.38422556270137,0.001171604519291769,0.01723406367869583,7.971247546541614
2023-09-01,187.86493132785435,188.2912363685708,186.66530168187228,187.8351898193359,45766500,0.0012666971406178,0,62.11896118910572,0.08517953102494857,-1.6145934827409605,186.55026521013832,169.5767611570492,0.008427800784453154,0.013016164418929938,8.579286068552243
2023-09-05,186.66529992482816,188.350717612699,186.00104769428793,188.0731201171875,45280000,-0.0357933432639165,-1,62.460623347438066,0.5999182293653291,-1.1716911403197026,188.13485261207083,169.09178007835888,0.0012658955566324792,0.012188496988293338,7.882164943066625
2023-09-06,186.78426205503197,187.2304149251444,179.91370149278592,181.3413543701172,81755800,-0.0292493840868696,-1,48.995869966627595,0.4593599051720787,-0.8454809312213464,188.36942723927675,169.18957849802794,-0.03644963313890237,0.015021930122025098,3.204874196017745
2023-09-07,173.6776376395152,176.68166607969957,172.0517029915355,176.0372314453125,112488800,0.0034917034013661,0,41.419425727406676,-0.07911992579190041,-0.6922087301354573,188.37054921502036,169.14981821662028,-0.029685675899142616,0.01639113417618732,-1.9655536109361558
2023-09-08,176.82045661878996,178.6942471635063,176.265246533602,176.6519012451172,65551300,0.0066225800524986,1,42.5285271534647,-0.4510706933628512,-0.6439811227809361,188.3710824286811,169.1938986504205,0.003485621558261265,0.016408052997739474,1.0204964019103133
2023-09-11,178.52571023294755,178.75373349578624,175.8191120741523,177.82179260253906,58953100,-0.0170604619345446,-1,44.67548536645028,-0.6440200389490087,-0.6439889060145507,188.39101308148713,169.3296213789621,0.006600747109819061,0.01647193886399957,0.4199052494532744
2023-09-12,177.95071595688535,178.58522677149583,173.32076725641124,174.78807067871094,90370200,-0.011854915328456,-1,40.455035269175845,-1.029858226264082,-0.7211627700644571,188.39264452561065,169.01470105544405,-0.01720766828975595,0.01678336914309837,-2.1588177584278596
2023-09-13,174.99623588192003,175.77946927367296,172.48793449989455,172.71597290039062,84267900,0.0087825778590091,1,37.82655094011528,-1.4857123755505484,-0.8740726911616753,188.51315910448412,168.57296760450023,-0.011925745181663672,0.016805549297395424,-5.382351675018108
2023-09-14,172.50778112260195,174.58977763559852,172.09138484558866,174.2328643798828,60895800,-0.0041539515830635,0,40.856058375164224,-1.7049262790428372,-1.0402434087379078,188.53582761750883,168.4680130196982,0.008744235355890417,0.016911096409447494,-6.346915167558974
2023-09-15,174.9665039932106,174.98633670911127,172.32932763975032,173.5091094970703,109259500,0.0169132378039649,1,39.85811590369425,-1.9149811367720702,-1.2151909543447403,188.47513953082782,168.62883385784406,-0.004162603207205073,0.016599788259115802,-6.845150150446583
2023-09-18,174.96648328990372,177.8416216381054,174.65914430549358,176.44371032714844,67257600,0.0061809595175819,1,45.65447209372879,-1.8236316726303698,-1.3368790980018663,188.37123938912853,169.07774742727773,0.016771801533316477,0.017000106212289312,-6.064614145594366
2023-09-19,175.99759154247158,178.08949677364237,175.61093679016653,177.5343017578125,51826900,-0.019992285271676,-1,47.672851620211766,-1.6442807057127595,-1.398359419544045,188.33879590168496,169.43042254313926,0.006161935737202917,0.01697145001565107,-5.603575009979263
2023-09-20,177.72264255589144,178.158871491594,173.8957457034938,173.9849853515625,58436200,-0.0088894501801394,-1,42.18206937043434,-1.76816167622502,-1.47231987088024,188.3971887179148,169.19952148716334,-0.020194835176746473,0.0175170671963395,-4.056641709833246
2023-09-21,173.05304760725463,174.78803946069445,172.3689626845727,172.4383544921875,63149100,0.0049445531868201,0,40.01906845337433,-1.9684473863346454,-1.5715453739711212,188.42198331360788,168.4618911981109,-0.008929197069714512,0.016797984097454536,-2.0443839769446854
2023-09-22,173.17201907467273,175.56135441857745,172.55734106823024,173.29098510742188,56725400,0.0073803373098648,1,41.79112257040652,-2.034917823680047,-1.6642198639129064,188.4788202088224,168.24741422721274,0.004932369030678174,0.015828505076208695,-1.9025643732143025
2023-09-25,172.70604916227998,175.4522977411563,172.65647493916612,174.56993103027344,46172700,-0.023398392481523,-1,44.44256326258585,-1.9617816787667266,-1.7237322268836706,188.47547525025826,167.99992910765192,0.00735323588388237,0.01564480187612987,-1.8287193738587881
2023-09-26,173.32074847329434,173.69747930093746,170.1878450472042,170.4852752685547,64588900,-0.0088974031236052,-1,38.422916782330184,-2.207966279227975,-1.8205790373525315,188.60624026501026,167.05322323596633,-0.023676481320219267,0.01627776044044573,-2.461721439826115
2023-09-27,171.1396202080804,171.55601650720317,167.60024410157126,168.96839904785156,66921800,0.001525532141426,0,36.448534161948494,-2.4966883139562412,-1.9558008926732735,188.35630198387685,165.94590443702157,-0.008937221376767113,0.015320268695998158,-2.1697899676600128
2023-09-28,167.88773731405627,170.55467030699108,166.18248681585104,169.22616577148438,56294400,0.0030465070440162,0,37.04059048966594,-2.673880160203339,-2.0994167461792865,187.24129971315557,165.37945223996945,0.0015243696993474387,0.014420319612083692,-2.873567295250481
2023-09-29,170.5447655196905,171.58576377459906,168.87916528625075,169.74171447753906,51861100,0.0148355031236873,1,38.27909410794552,-2.7411077194842335,-2.227754940840276,185.76032649604525,165.20871647270474,0.0030418758450343475,0.014466638878913609,-2.171295230810266
2023-10-02,169.75161672914737,172.8052044328195,169.46409530048962,172.25991821289062,52164500,-0.0077697975042753,-1,44.06686874428995,-2.5616588400952764,-2.294535720691276,183.3508772999532,166.0606385081523,0.014726533471662862,0.014830157644610436,-2.371176680937249
2023-10-03,170.78269477378157,172.14095595651972,169.3550569046923,170.92149353027344,49594600,0.0073086568410278,1,41.822093590128574,-2.4986412159383917,-2.3353568197406993,180.0870196795067,167.60933346990734,-0.00780013965131765,0.014788672723015523,-3.7248059457039897
2023-10-04,169.62273306372262,172.71598631340495,169.5037670214799,172.1707000732422,53020300,0.0071979324633162,1,44.65581808073906,-2.32114208571042,-2.3325138729346437,178.62561531431624,168.1536724054103,0.0072820780336382285,0.012982605148867664,-1.0427826715358683
2023-10-05,172.29956799243436,173.94533544106068,171.19908676207933,173.40997314453125,48527900,0.0147505463458621,1,47.393340628523106,-2.056764663626012,-2.2773640310729175,178.3518563944955,168.1647054951529,0.0071721509890583235,0.011461516711255669,0.5634585502773225
2023-10-06,172.30950772319366,176.46357702906525,171.6948145080504,175.96786499023438,57266700,0.0084510974893841,1,52.60437389309017,-1.6221440898157482,-2.146320042821484,178.23455507722045,168.2136031869397,0.014642815141122867,0.011940149589188273,1.5447311821518706
2023-10-09,175.29367439346143,177.51446959158443,174.2923416030924,177.45498657226562,42390800,-0.0033521959742692,0,55.37219268160369,-1.1445126412289426,-1.9459585625029758,178.15102400458696,168.26045365654588,0.00841558689373123,0.012001245421101933,1.6526646513321182
2023-10-10,176.57261638357625,178.17871838563994,176.42389371024447,176.86012268066406,43698000,0.0079040058391617,1,54.01338925735148,-0.8047106185467783,-1.7177089737117364,178.46521777776934,168.15346508355879,-0.003357827171299732,0.011343924992896019,3.7392363663474635
2023-10-11,176.67174177957318,178.30760034526705,176.07689649671707,178.25802612304688,47551100,0.0050611531033482,1,56.702286019461305,-0.4177998063003088,-1.457727140229451,179.16348597453302,168.0094022090607,0.007872932811873845,0.011054495924756158,5.497848785656368
2023-10-12,178.52570660256114,180.7762279340573,177.50452608120557,179.16021728515625,56743100,-0.010292601148547,-1,58.39316858410198,-0.03793363783299242,-1.1737684397501593,179.91478722037968,167.75083625374143,0.005048388518875235,0.01095889485849675,5.870281033895423
2023-10-13,179.86414450043375,180.3697653062864,176.61227491408687,177.31619262695312,51427100,-0.0007268991585112,0,53.770964231050776,0.11301291615606601,-0.9164121685689143,180.2882531887881,167.75807859832125,-0.010345936254698707,0.011208299418287044,4.46235515690891
2023-10-16,175.2341951108354,177.5442148871955,174.99624790055657,177.1873016357422,52517000,-0.0087845942701207,-1,53.45247449710443,0.21970608689241544,-0.6891885174766483,180.39093259325168,167.7297583247171,-0.0007271634778014402,0.010584991381139571,2.8604352503882904
2023-10-17,175.13507100334587,176.889895994256,173.30094539258255,175.6307830810547,57549400,-0.0073950453595738,-1,49.62947928462811,0.17662710704533424,-0.5160253925722519,180.13928322856594,167.791055821727,-0.008823406284074409,0.01067154571833901,2.755235432076976
2023-10-18,174.07422069011992,176.05706860986896,173.60825021874456,174.3319854736328,54764400,-0.0021609588288721,0,46.63241727390286,0.03725513868653252,-0.405369286320495,180.15870833880135,167.80633072369866,-0.007422524263150265,0.009778144699883012,1.2553154511605078
2023-10-19,174.53027383635083,176.31484005715805,173.68757251536525,173.95526123046875,59302900,-0.0147041331778758,-1,45.769051759446036,-0.10241605978072243,-0.3447786410125405,180.19396244259931,167.9227672937288,-0.0021632970695710796,0.00956402943274699,0.31445024530568444
2023-10-20,173.80655315689722,173.91561041088508,171.1594526769345,171.39739990234375,64244000,0.0006939560390644,0,40.31176590655878,-0.4147238447575603,-0.3587676817615445,180.20131925509978,167.72605196072053,-0.014813310504560029,0.010080851488829614,-2.5973293976967162
2023-10-23,169.4442697526279,172.51767489960218,168.4726633962427,171.51634216308594,55980100,0.0025433043651548,0,40.6660502202608,-0.6451949621046253,-0.4160531378301607,180.13075463674582,167.49125769235573,0.0006937153629111847,0.00991470048580798,-3.3465638379010962
2023-10-24,171.5659057161436,172.18058368172586,169.97962145460033,171.9525604248047,43816600,-0.0134916035315384,-1,42.02516168835177,-0.783612814224,-0.4895650731089286,180.0808499397597,167.68789090496685,0.002540075639870132,0.008352431870812608,-2.774826897932438
2023-10-25,170.40595412753763,171.57582713235345,169.1864917714858,169.6326446533203,57157000,-0.0246055494063395,-1,37.151243549554025,-1.0681942947866503,-0.6052909174444729,180.0146332747818,167.8205321304916,-0.01358344218370533,0.008684643198915742,-4.838705811637725
2023-10-26,168.9088912991807,169.91023915738614,164.24920182104776,165.458740234375,70625300,0.0079692874185319,1,30.33470905039164,-1.611944875145781,-0.8066217089847346,180.58053358604425,166.87788926551823,-0.02491332508708055,0.010328327846246507,-7.647611315950576
2023-10-27,165.4785656118454,167.5109876180873,165.3992498850538,166.77732849121094,58499100,0.0123053976886744,1,34.42788896841159,-1.9144040173303267,-1.028178170653853,180.88430975516602,166.27767449776368,0.007937700354171184,0.010489069388006622,-5.943542989282648
2023-10-30,167.57049222945847,169.7020478229813,167.42176954958222,168.82958984375,51131000,0.0028187660333811,0,40.306559692906184,-1.9658437043968036,-1.2157112774024432,180.98488951399284,165.8340619020228,0.012230301712151004,0.010306847313883804,-4.716879660583008
2023-10-31,167.89766069037708,169.43435579022267,166.4600837859852,169.30548095703125,44846000,0.0187385022032149,1,41.61372451935897,-1.9457798524133807,-1.3617249924046309,181.04173691530966,165.61561324338177,0.002814800762106273,0.010211421784598905,-3.601476923953742
2023-11-01,169.5334819772275,172.73577684542204,168.6610241296242,172.47801208496094,56934900,0.0206933787610743,1,49.54575597385222,-1.654806774672295,-1.4203413488581638,181.04903404538817,165.63904731447514,0.018565099328352375,0.010947667385609289,-1.0634728811439385
2023-11-02,174.01474271477764,176.25535548295753,173.95525969593038,176.0471649169922,77334800,-0.005181137874155,-1,56.67658854324813,-1.1232594733208145,-1.3609249737506939,181.27063449542226,165.6811660416871,0.020482179447398607,0.011774248127765547,1.2025526975881053
2023-11-03,172.74571998498175,175.30359567263832,171.8633532465518,175.13504028320312,79829200,0.0146050803082513,1,54.55457836364785,-0.7667664362300854,-1.2420932662465722,181.18406659083942,165.68445147556682,-0.005194606511042643,0.01137139194161583,2.180686744950012
2023-11-06,174.86735256910734,177.8911833660216,174.69881232122145,177.69290161132812,63841300,0.0144507449454638,1,59.171138773852434,-0.27467877773329974,-1.0486103685439179,181.22130163121048,165.671007939102,0.014499453341002777,0.011691900330651216,3.6011492376447833
2023-11-07,177.64332285545842,180.8753743733685,177.4351323131202,180.2606964111328,70530000,0.0058850143881208,1,63.21140170618905,0.31882856013587,-0.7751225828079603,181.819465108736,165.41290183462334,0.014347328040984486,0.01208268699279183,4.831644242925534
2023-11-08,180.78617090399572,181.87672821790488,180.03267898856913,181.321533203125,49340300,-0.0026245703137096,0,64.76277736946237,0.8648189699628119,-0.44713427225380586,182.41604149115335,165.1226761602138,0.00586776533182487,0.012030445090929579,6.890707017917081
2023-11-09,181.3909282750837,182.54096853276508,180.2507816826859,180.84564208984375,53763500,0.0232200744184476,1,63.469731009685944,1.2447709233835553,-0.10875323312633364,182.73840358754055,164.9688565442954,-0.0026280205365996068,0.012011956586588927,9.299540074868787
2023-11-10,182.63256439705196,185.2136688107188,182.19576071339824,185.04489135742188,66133400,-0.0085835841077283,-1,69.29534377858353,1.8632515017008302,0.28564771383909915,184.28958591893235,164.19054408595048,0.02295459034184688,0.012721103300880955,10.953265069942422
2023-11-13,184.46913200851657,184.67759686655455,182.8708357894957,183.45654296875,43627500,0.0142856097242887,1,65.06848047258501,2.1998765676485164,0.6684934846009827,185.3169507459815,163.79010339220207,-0.00862063523915424,0.012935163813704955,8.66373787825765
2023-11-14,186.3354359145955,186.74245888927783,184.9456198398988,186.07733154296875,60108400,0.0030408952563576,0,68.48442130038579,2.647610091703058,1.0643168060213979,186.95388056169608,163.1978284226789,0.014184531903222108,0.012969460814884906,9.906265580494761
2023-11-15,186.48434792046905,188.12234646111895,186.41484954526325,186.64317321777344,53790500,0.0090422157831111,1,69.18507213511538,3.013364637693684,1.454126372355855,188.58411546392352,162.79871229486554,0.003036281086149728,0.012740647520348702,8.212734459065357
2023-11-16,188.191859451107,189.57175373642215,187.2785343944212,188.33084106445312,54412900,-0.0001054895908024,0,71.23887588718844,3.400212903516149,1.8433436785879138,190.39244447451188,162.42794126767564,0.009001579726276354,0.012728103526528724,6.977491601897026
2023-11-17,188.8669005505681,188.99596031021713,187.19912126214516,188.31097412109375,50922700,0.0092781481917241,1,71.17873403379289,3.6629654592798033,2.2072680347262916,191.95086291157335,162.56088025248917,-0.00010549515522040309,0.011989174175225848,7.523299630150771
2023-11-20,188.50949490320363,190.5148137000222,188.49957305665296,190.0581512451172,46505100,-0.0042306901501977,0,73.31255196819629,3.966458480563432,2.55910612389372,193.63275221785233,162.73317185441329,0.009235370569294687,0.011990880466519962,6.958775236185779
2023-11-21,190.01848054916417,190.1276814709477,188.36062302598555,189.2540740966797,38134500,0.0035144044302346,0,70.71766935910564,4.094893200718673,2.8662635392587106,194.93680471120595,163.15927072824715,-0.004239664841474422,0.01216263189539652,4.989095163060431
2023-11-22,190.09788874466753,191.52740733771327,189.4426832554431,189.919189453125,39617700,-0.0070043539797071,-1,71.61271898181025,4.201910879408956,3.1333930072887597,196.00739365813902,164.11733626129458,0.0035082433418027748,0.011378634663463715,4.7416631097909905
2023-11-24,189.48237920572873,189.5121598953073,187.8741613770549,188.58892822265625,24048300,-0.000947540666332,0,67.18922206661902,4.1317539098051554,3.333065187792039,196.07758121475712,166.3601675035046,-0.007028999618991172,0.00937720153142449,4.281710105552696
2023-11-27,188.53929229982836,189.28383984926063,187.5267033912,188.4102325439453,40552600,0.0032140520955683,0,66.59414472972796,4.015447182499827,3.469541586733597,195.89216483161252,168.70887429192263,-0.0009479898667681397,0.009517068850765361,1.8186620348373421
2023-11-28,188.4003050715069,189.6908571482296,188.0230628104096,189.0157928466797,38415400,-0.0054095556761625,-1,67.64009040392749,3.9268704011254556,3.5610073496119687,195.69465037227084,170.92500905155728,0.003208898070714561,0.009424469262034439,3.030281606732691
2023-11-29,189.5121772909601,190.6935285788745,187.5962153955331,187.99330139160156,43014200,0.0030628240528316,0,63.996498575895224,3.7311557081777664,3.5950370213251284,194.97054634162515,173.51789512566,-0.005424240304621186,0.009729903176350764,1.029663222674912
2023-11-30,188.45989087281944,188.93641225844013,186.82189215984647,188.569091796875,48794400,0.0067911931836575,1,65.135434310322,3.5812296909536485,3.5922755552508328,194.45712214773843,175.64042729073813,0.003058143162634863,0.00921604939045346,1.0318719650433823
2023-12-01,188.94631294335792,190.1673666680402,187.85430382511623,189.8497009277344,45704800,-0.0094645631446418,-1,67.59102842553033,3.5251114065194997,3.5788427255045665,194.40007257325274,177.07773046629805,0.0067682369062973535,0.008438578770996978,0.8064849361350612
2023-12-04,188.59886103241988,188.66835941071503,186.08725507958516,188.0528564453125,43389500,0.0210632191928876,1,61.08947281780538,3.2976338585044402,3.5226009521045416,193.59101790915435,179.17856674660737,-0.009509636749168493,0.00873007832061362,-0.13706990630045113
2023-12-05,188.82719982806023,192.9867262414063,188.79740398889692,192.01385498046875,66628400,-0.0056869853510301,-1,68.32301394643567,3.3978079264423684,3.4976423469721074,193.5122568832547,180.68942310942109,0.020844456161702496,0.00924850102464277,1.0290028196840133
2023-12-06,193.03637997744383,193.34412390879868,190.71339499767492,190.921875,41089700,0.0101393385813077,1,64.74934828039727,3.350460910841349,3.468206059745956,193.42459906094646,181.84319879061601,-0.005703217824033935,0.009139715458042062,0.881249669937527
2023-12-07,192.22234982318224,193.58238532404093,192.18263213313443,192.85769653320312,47477700,0.0074122237288318,1,67.94981132870069,3.4296082897474207,3.4604865057462493,193.65954160041332,182.761872584157,0.01008828032909559,0.009260426570257396,1.5472407440973173
2023-12-08,192.78816888710017,194.56516412443645,192.26202318278135,194.2872009277344,53406400,-0.0129273940088305,-1,70.10807459054575,3.5665690278871978,3.481703010174439,193.82433958972757,183.94123047863178,0.007384888193490369,0.009205865796495283,3.021530881362519
2023-12-11,191.7060905074991,192.0833327540296,190.02837438732865,191.77557373046875,60943700,0.0079203838511852,1,62.184674939814336,3.4328720630822147,3.4719368207559946,193.98310969050723,184.45552861515685,-0.013011679953145006,0.008723164913101497,1.7861775027205575
2023-12-12,191.6763547643133,193.30443173677244,190.3262410446256,193.2945098876953,52696900,0.0166914421812431,1,64.7772748537662,3.4101713759843335,3.4595837318016627,194.00136462812102,185.42107036943756,0.007889182255136795,0.008463819140218884,2.2636822969000847
2023-12-13,193.67172809287345,196.5605765657659,193.433482543182,196.5208740234375,70404200,0.0007576562256388,0,69.55234788015464,3.610897362722028,3.489846457985736,195.12705844092324,185.33973080468223,0.01655367101288263,0.008648867222410457,4.5361045147414485
2023-12-14,196.58042720970235,198.16878635020208,194.7339485373248,196.66976928710935,66831600,-0.0027258232827342,0,69.75612092829657,3.7388891698011832,3.5396550003488256,196.08729998331165,185.38214886922742,0.0007573693490536826,0.008659629289588966,4.295867054904377
2023-12-15,196.093964566378,196.95763485816647,195.56781885438525,196.13368225097656,128538400,-0.0085033107286341,-1,67.99175647682465,3.753794449732368,3.5824828902255343,196.84459024318863,185.40514272800277,-0.0027295451039082153,0.008601472773672434,3.3099769409877204
2023-12-18,194.66443959475328,195.20052232582975,192.9768014723469,194.4658966064453,55751900,0.0053602659088611,1,62.68015313392794,3.5896513617986727,3.5839165845401624,197.1758963013633,185.68932891836323,-0.008539670138939748,0.008912790984550119,3.4102327836736603
2023-12-19,194.73395718814848,195.51820737110475,194.46591579616015,195.50828552246097,40714100,-0.0107140256513179,-1,64.54450207527158,3.503295051312847,3.5677922778946995,197.67442925487825,185.73580939258267,0.005345950815905276,0.008779038880273022,1.819884581947309
2023-12-20,195.46854814025792,196.2428763965629,193.41360473632812,193.41360473632812,52242800,-0.0007699860692479,0,58.247453565516324,3.2286163402001193,3.4999570903557835,197.81579896892129,186.0103927425045,-0.010771834102411226,0.009115490949476541,1.305104371266061
2023-12-21,194.67436895686495,195.647240164928,192.09326476649224,193.26467895507812,46482500,-0.0055474611382436,-1,57.815577265794786,2.9647387538987005,3.392913423064367,197.93700792153143,186.22373274008967,-0.0007702826607784985,0.009105878195574657,0.2110273166126571
2023-12-22,193.7610508645393,193.98938969071887,191.56712585784612,192.1925506591797,37149600,-0.0028407694760942,0,54.67278839520579,2.638684954657549,3.242067729383004,197.89391867026868,186.62718423500476,-0.005562905445061439,0.009044611235356777,-1.0781205650977628
2023-12-26,192.2025024386685,192.48046569413555,191.42817406303007,191.6465759277344,28919300,0.0005178447023228,0,53.090103771613116,2.3096056751976732,3.055575318545938,197.78338429733233,187.06135294632,-0.0028448121196635867,0.009075413719057545,-0.06726498074027233
2023-12-27,191.09062871652011,192.09328069742187,189.7007974418798,191.74581909179688,48087700,0.0022262800035712,0,53.35443365919452,2.033376569902771,2.8511355688173046,197.7005185793111,187.41722128885294,0.0005177106670259946,0.009058557603723906,-0.8012078546867324
2023-12-28,192.72862541967712,193.24484932489415,191.76567598880632,192.17269897460935,34049900,-0.0054240711818029,-1,54.54099846225248,1.827838468714873,2.6464761487968183,197.47132995653962,188.06434966992524,0.00222380551416812,0.008946398281999213,-2.212576689593585
2023-12-29,192.49037607711168,192.9867411677157,190.33615340163328,191.13034057617188,42672100,-0.0357866784693944,-1,51.12136470967453,1.5628231785217679,2.4297455547418085,197.26254894553014,188.52925555886438,-0.005438834866280828,0.00904964321625216,-2.8166142315704397
2024-01-02,185.78943757371047,187.0700679228564,182.55314280656535,184.29042053222656,82488700,-0.0074876277741617,-1,35.425352453681725,0.7917455182720232,2.1021455474478516,198.24941601218399,186.98646045265974,-0.03644272095732681,0.012146528235084456,-6.038361990061007
2024-01-03,182.88074176951616,184.5286773848404,182.0964765011294,182.9105224609375,58414500,-0.0127001047114828,-1,33.21003059932294,0.06852476431799914,1.6954213908218811,199.15257357839585,185.56906948801043,-0.007515800779759552,0.012085236234538946,-5.942108280761052
2024-01-04,180.82578520690032,181.7589539428833,179.5650288616003,180.58753967285156,71983600,-0.0040130173380025,0,29.8283292694195,-0.684191259787525,1.2194988607,200.3053876965013,183.27362383914326,-0.012781440423163204,0.01113106950109658,-7.6317716201829375
2024-01-05,180.66696287937032,181.43135417752765,178.86018676112266,179.8628387451172,62379700,0.0241748646934278,1,28.841633348508232,-1.3239398853329192,0.7108111114934161,201.21632062662792,181.25678728352835,-0.004021091099415841,0.011116452065192583,-7.006107977607922
2024-01-08,180.76622380895435,184.2507162227342,180.18051667398524,184.21099853515625,59144500,-0.002263417572503,0,41.37264341483519,-1.4632180573060225,0.27600527773352845,201.20586094940762,180.40257716094396,0.023887278340587237,0.012332202096308493,-4.684601691769186
2024-01-09,182.58292017691045,183.80397397190293,181.40156892129536,183.79405212402344,42841800,0.0056712561021565,1,40.63370881920039,-1.5889249649273722,-0.0969807707986517,200.97981151456176,179.5793117154187,-0.0022659829738378434,0.012120562825373611,-4.369835618680943
2024-01-10,183.00977575706816,185.0448600742625,182.5828939937159,184.83639526367188,46792900,-0.0032224542693825,0,43.357359316882665,-1.5861559957706959,-0.3948158157930606,200.86383443702263,179.00137094627817,0.005655235073631637,0.012009096910466938,-3.5535102211429512
2024-01-11,185.18385896123664,185.6901609871056,182.2850890001184,184.2407684326172,49128400,0.0017781417433224,0,42.16685521386888,-1.6134251147688587,-0.6385376755882203,200.56553858628882,178.39429265150414,-0.0032276575563852106,0.011790224172099543,-3.9140622177460362
2024-01-12,184.7073562390581,185.382420570264,183.84368591687615,184.56837463378903,40477800,-0.0123170109342251,-1,43.09240723187647,-1.5902693701324324,-0.8288840144970627,199.66987805704903,178.09470324177911,0.0017765627208330415,0.010974861824379612,-3.957026352543983
2024-01-16,180.83572939974707,182.9204536449405,179.61466039771227,182.2950439453125,65603000,-0.0051734811609517,-1,38.48922304969009,-1.7353529941261456,-1.0101778104228794,198.69232990051583,177.63477886413258,-0.012393493990718873,0.011122197248510681,-4.622655201798383
2024-01-17,179.95220591318565,181.60012651740652,178.98925641635856,181.35194396972656,47317400,0.0325705815551446,1,36.736030462712854,-1.904479444092459,-1.1890381371567953,197.68337265743205,177.1655622790914,-0.005186909950362306,0.01112338116869277,-1.5944814461944068
2024-01-18,184.73713933247967,187.76496914507203,184.47903496158256,187.25868225097656,78005800,0.0155330122549488,1,51.60460143494702,-1.5440896551732521,-1.2600484407600867,196.80139838516635,177.32681511581023,0.03205140337632617,0.013651501436438406,2.3772059319155128
2024-01-19,187.9535897974558,190.55453778649465,187.4473029046773,190.16737365722656,68903000,0.0121633092507476,1,56.967987419312756,-1.012104156744556,-1.2104595839569807,195.86319688616499,177.73092542828812,0.015413609885051471,0.01411020528397154,5.304814497018796
2024-01-22,190.9020010109637,193.90997199821769,190.86228332421425,192.48043823242188,60133900,0.0066531910599301,1,60.69811083660892,-0.39925447925071467,-1.0482185630157275,195.6885533268056,177.81225233725692,0.012089930623505829,0.014235211815109264,7.0151230656294885
2024-01-23,193.602222064805,194.3269107729025,192.4208708604592,193.76104736328125,42355600,-0.0034838455846614,0,62.629517681688434,0.18760516431586893,-0.8010538175494082,195.78803097630208,177.76241152858074,0.006631156264762517,0.014316724330477319,5.18429893115334
2024-01-24,193.9993237123997,194.95235131957728,192.9271733347724,193.0860137939453,53631300,-0.0016966852996482,0,60.929774260589554,0.5914087010171158,-0.5225613138361034,195.94779040305164,177.69199841530772,-0.003489928306307455,0.014280812318445685,5.055637852552323
2024-01-25,193.80077725921535,194.84314692565724,191.70611607825748,192.75840759277344,54822100,-0.009012781597476,-1,60.0776002114793,0.8749054649942138,-0.24306795807003995,196.13291222483886,177.6180597600244,-0.00169812630033217,0.014270107708853907,4.285959114167258
2024-01-26,192.85767485186383,193.3441028913112,190.54461197208147,191.0211181640625,44594000,-0.0035858982838555,0,55.63391671840572,0.9484606907201965,-0.004762228311992678,196.02554034138038,177.65296155070948,-0.009053642411889662,0.014421730914208859,3.680157105904118
2024-01-29,190.614099077556,190.80272021826383,188.20177223046255,190.3361358642578,47145600,-0.0192458330290304,-1,53.93984386815462,0.940638297321982,0.18431787681480227,195.7535701613977,177.74127541965697,-0.0035923430285187408,0.014429148124420844,3.1249997416474358
2024-01-30,189.5518847070131,190.4056331853674,186.10711010289756,186.67295837402344,55859400,-0.0193575192791707,-1,45.89179212493484,0.6315708297996139,0.27376846741176464,195.30356975465034,177.74553760618952,-0.019433445141909367,0.015009913682936325,2.401554279239916
2024-01-31,185.6802399646441,185.7398164976455,183.0098085943538,183.05943298339844,55467800,0.0133406874044916,1,39.61299330933682,0.09396812944248722,0.23780839981790916,195.32071913426296,177.60528947169405,-0.019547329552176862,0.01329874326878258,0.9415333391501497
2024-02-01,182.65244073831812,185.5909137406175,182.4836784167144,185.50157165527344,64885400,-0.0054051848679171,-1,45.08167592480253,-0.13348694834519392,0.16354933018528856,195.31338365999642,177.87172986539423,0.013252484030751077,0.01351756908052166,-0.9383333122830205
2024-02-02,178.55244241438749,185.96813772334343,177.9468764270477,184.4989013671875,102551700,0.0098465676204089,1,43.34603031138096,-0.3901563690421881,0.05280819033979323,195.12865641337453,178.4475932814497,-0.005419845733302786,0.013228186891325591,-2.9807806570733772
2024-02-05,186.78216664518396,187.87417583998953,184.48896248395175,186.31558227539065,69668800,0.0086317557081361,1,47.304605109628135,-0.44188400375961123,-0.04613024848008766,194.83091937911533,179.39060466873624,0.009798406066062526,0.013308865410854775,-3.202848047128354
2024-02-06,185.50154897397763,187.9337347140823,185.4122068995574,187.92381286621097,43490800,0.0005811246145692,0,50.59560910003696,-0.3490837387718102,-0.10672094653843217,194.90649238269603,179.68631309826102,0.008594715102519856,0.012377543883108211,-3.012594417971995
2024-02-07,189.2540738540102,189.66109684812312,187.238832875566,188.03302001953125,53439000,-0.0057546369646443,-1,50.82021945961931,-0.26368713444216496,-0.13811418411917875,194.9507301171009,180.06597215340693,0.0005809558270479798,0.012354383044661752,-2.6169651934533396
2024-02-08,188.0131716874575,188.1620751580878,185.98800874758209,186.95095825195312,40962000,0.0040938562120951,0,48.46889272740891,-0.2800942990113242,-0.16651020709760786,194.9610894842293,180.26706908510667,-0.005771258686599445,0.012398719635788709,-3.0128124699438716
2024-02-09,187.5174970927484,188.8494643803939,186.8714052160575,187.71630859375,45155200,-0.0090018221166725,-1,50.22316358207787,-0.22870336878386865,-0.17894883943486004,194.97005721053216,180.60565537491703,0.004085499183304364,0.012388698685019902,-1.7300755026855694
2024-02-12,187.288900125969,187.53739935899367,185.66868027314752,186.02651977539065,41781900,-0.0112743915112857,-1,46.462322971018644,-0.3206314816794986,-0.20728536788378776,194.93961917668608,180.7819079229233,-0.009042583318493946,0.012584652185219996,-2.2642132926039076
2024-02-13,184.6548126341336,185.09217370700773,182.4083698811328,183.92918395996097,56529500,-0.0048098624330232,0,42.23492783587169,-0.5563098519120331,-0.2770902646894368,194.79663056628266,181.08831053479156,-0.01133842924252182,0.0125303238730401,-1.4698296089383038
2024-02-14,184.20749952407863,184.41623036442272,181.3447838047128,183.0445098876953,54630500,-0.0015747742686004,0,40.55861507740267,-0.805190724931208,-0.3827103567377911,194.58925225336327,181.4649454395078,-0.004821467047355199,0.012521940765668413,-0.00815204956112716
2024-02-15,182.4481195157763,183.3824789542038,180.26132954316023,182.7562561035156,65434500,-0.0084303280406281,-1,40.00151131007832,-1.0140015031009568,-0.5089685860104243,194.75161082112876,180.85234425699625,-0.0015760155289061828,0.010076212953325834,-1.4799419364810524
2024-02-16,182.31889800876044,183.7403213725013,180.57940354414131,181.2155609130859,49752500,-0.0041138777126547,0,37.070560538669156,-1.2889485780762016,-0.6649645844235798,194.77417195778293,179.934601845928,-0.008466064243075166,0.009393549527587485,-1.7795989188938997
2024-02-20,180.69867728023533,181.33483464555084,178.91942962585208,180.47006225585935,53665600,0.0041860829272244,0,35.70722412127056,-1.5491440587264265,-0.8418004792841491,194.35874967230603,179.14898653374865,-0.004122362987154737,0.008754099368386035,-3.1374294882599347
2024-02-21,180.8478012209779,181.79209525720324,179.57548638259638,181.22552490234375,41371400,0.0112438573500797,1,38.18805470821784,-1.6750820269382416,-1.0084567888149676,193.37659085375864,178.87759310620228,0.004177345656892761,0.008624988096231525,-3.5643635905982514
2024-02-22,182.37854224114136,183.84966853541172,181.36467634977905,183.26319885253903,52292200,-0.0100341064534656,-1,44.41788711751645,-1.5921126324796262,-1.1251879575478994,192.23484623083868,179.0370562349816,0.01118111505822661,0.009215600933460263,-2.5366933778422363
2024-02-23,183.89935895257477,183.92917764586625,181.13604881484736,181.42431640625,45119700,-0.0074512457038893,-1,40.45526250418521,-1.6556558646450128,-1.2312815389673222,191.0410550786183,179.09743826854967,-0.01008478741004648,0.00936154633730305,-2.9561987257935796
2024-02-26,181.1459977034405,181.66286516303873,179.56553112991756,180.07247924804688,40867400,0.0081144084133601,1,37.78646055363813,-1.7944114367720658,-1.343907518528271,190.21148526116679,178.83214419439963,-0.007479144910788271,0.009314727919452108,-4.072011325476079
2024-02-27,180.0128468267154,182.8159102315647,178.482083088638,181.53366088867188,54318900,-0.0066255414184598,-1,42.22315628950845,-1.7661124357759093,-1.4283485019777986,189.2413481128766,178.92203384513118,0.008081663618572321,0.009632779865218058,-2.415171176745917
2024-02-28,181.4143549983027,182.02069366799873,179.04865286943277,180.33090209960935,48953900,-0.0036931280200327,0,39.71264289597228,-1.8197607864217957,-1.506630958866598,189.02677355372262,178.5024027768438,-0.006647587751221096,0.008831516449293416,-1.9563409040812791
2024-02-29,180.18179956174367,181.47399840204056,178.45223971391368,179.6649169921875,136682600,-0.0060303095158019,-1,38.352827672666116,-1.894181972432449,-1.5841411615797683,189.14800378779665,178.04172094364867,-0.0036999644543938004,0.007799219250927717,-1.8463230050337591
2024-03-01,178.47214167082092,179.44625436004063,176.31517027538305,178.58148193359375,73563100,-0.025381261494409,-1,36.18227641686259,-2.0173309180273975,-1.6707791128692941,189.1359787247099,177.36173703456745,-0.0060485652610937635,0.00711533731286087,-2.2843399503419453
2024-03-04,175.09254322615726,175.838040881393,172.74670999766127,174.04885864257812,81510100,-0.0284409737424369,-1,28.830986046266023,-2.4524023952779146,-1.8271037693510184,189.8102553307288,175.64245615608758,-0.02570892188952545,0.008872750449072589,-3.9547940775047774
2024-03-05,169.73489700267342,171.00721175997333,168.60174119797853,169.09873962402344,95132400,-0.0058781516604997,-1,23.27038272523731,-3.160204045369994,-2.0937238245548135,190.9089262108658,172.82210101081392,-0.028853254153854202,0.010084444245048802,-6.300946810620783
2024-03-06,170.03310800783655,170.2120353375331,167.6673905223103,168.10475158691406,68587700,-0.0007096361748522,0,22.33869491043392,-3.7580282693953677,-2.4265847135229244,191.28544311641159,170.4636779773384,-0.005895495995792643,0.009575511344443793,-7.240025003376331
2024-03-07,168.13455182641533,169.7050685827557,167.47852546870348,167.98545837402344,71765100,0.0102367179136886,1,22.223693704767378,-4.193098806404834,-2.7798875320993064,191.1568849931329,168.5874799360663,-0.0007098880857858703,0.00953612158302141,-8.336502131455582
2024-03-08,167.9854678195768,172.6572499858552,167.92583043526673,169.705078125,76267000,0.0118315465709122,1,27.97945006968809,-4.349003790520641,-3.0937107837835733,190.62980653648688,167.38997038001705,0.010184677563801259,0.010170630601251935,-6.459574170315725
2024-03-11,171.90181348381185,173.33317133974063,171.01715691552084,171.71295166015625,60139500,0.0027785429799758,0,34.11082369021983,-4.2614180255217775,-3.3272522321312143,189.5212248804735,166.89821634267102,0.011762101052346985,0.010658328637374197,-4.642312708082124
2024-03-12,172.11054191154895,172.98526395951052,169.98338934079592,172.1900634765625,59825400,-0.0121224871170106,-1,35.5156548838162,-4.106173329407369,-3.4830364515864454,188.52073552911594,166.51506006414576,0.0027746899649585544,0.01071803333340495,-5.14703298901655
2024-03-13,171.73284593382695,172.1503228051375,169.73490248954016,170.10269165039062,52488700,0.0109273088532766,1,32.273590224248785,-4.104262863264125,-3.6072817339219814,187.86862270359873,165.78452365870598,-0.012196563734570454,0.010751194180046907,-5.671912207020939
2024-03-14,171.87200022180366,173.26358975503445,171.0171623179081,171.96145629882812,72913500,-0.0021965158506028,0,37.72518493588004,-3.9077163111310824,-3.6673686493638016,187.12137630243203,165.42346470098593,0.010868037209348813,0.011242181185266193,-4.287682215495833
2024-03-15,170.14244776104985,171.583740234375,169.26772563447943,171.583740234375,121752700,0.0063723931321115,1,37.07214615683774,-3.739325663619894,-3.6817600522150205,186.31758226578,165.1100071507239,-0.0021989317298700684,0.011238532216805265,-3.918514743774435
2024-03-18,174.51603957790343,176.64319229534289,172.4783429395777,172.67713928222656,75604200,0.0135851246079974,1,40.29412426703156,-3.4775595551871277,-3.6409199528094423,185.65517305749682,164.91857419592117,0.006352175280273542,0.01135772556764384,-0.7881231575143431
2024-03-19,173.29341963294198,175.54979689128342,171.9912860926869,175.02297973632812,55215200,0.014709197819134,1,46.610136196190744,-3.0457092681369886,-3.521877815874952,185.1063857865457,164.92265321491917,0.013493674115994558,0.011888852021650315,3.503420620092573
2024-03-20,174.66513949599232,177.59742736816406,174.0389165846836,177.59742736816406,53423100,-0.0408575460573372,-1,52.543389128896294,-2.4672870467616406,-3.31095966205229,184.5969816450412,165.06924760300566,0.014602066831773008,0.01237109734171935,5.646881299688942
2024-03-21,175.98714219427453,176.42450322724187,169.81441519205438,170.3412322998047,106181300,0.0053101706698528,1,39.2900296716675,-2.564831784222605,-3.161734086486353,183.32405434770135,165.0499782450721,-0.04171567087309658,0.015002000985300456,1.4023677695578065
2024-03-22,170.7288907150358,172.01115512427612,169.03909913099622,171.2457733154297,71160100,-0.0083003623973881,-1,41.27845535661079,-2.539869753531349,-3.0373612198953523,182.26318765235885,165.09299063133255,0.005296121427551093,0.01504925721980169,0.907866286296309
2024-03-25,169.54605342761408,170.90782428626645,168.43276661931924,169.82437133789062,54288300,-0.006672471003027,-1,39.11066216968322,-2.6047564142631927,-2.9508402587689204,181.37825109731168,164.9531163953641,-0.00833500222058614,0.015064211907482222,-1.0998473347563131
2024-03-26,168.97947557636294,170.39094937582044,168.5619986920605,168.69122314453125,57388400,0.0212124484909927,1,37.423364458772745,-2.716303295910677,-2.903932866197272,179.9932694616183,165.05385425664343,-0.006694831459506112,0.01485666079390954,-2.0319641339277927
2024-03-27,169.38699247288517,172.55784458202757,169.0887904097557,172.2695770263672,60273300,-0.0105590335539177,-1,45.42970583867029,-2.4872898217739703,-2.8206042573126116,178.6755449096487,165.56544630128883,0.020990596372578274,0.01581919682002207,1.2738689523091897
2024-03-28,170.71896018041463,171.1960744249358,169.4863986176142,170.45057678222656,65672700,-0.0084557307279102,-1,42.456018452695254,-2.4246235601250703,-2.7414081178751033,177.25385561342057,166.06570157652084,-0.010615175702991309,0.015926919751159903,-0.8786152136185758
2024-04-01,170.16233265286536,170.22197004043582,168.46259127116116,169.00929260253906,46240500,-0.0069988849056711,-1,40.21010929939516,-2.462869260516271,-2.685700346403337,175.89290441173853,166.4694338450974,-0.008491683232236369,0.015963826240773735,-1.5004030267199957
2024-04-02,168.06498070773253,168.32341441545842,167.2200773611407,167.826416015625,49329500,0.0047975791986523,0,38.41406245633264,-2.5591274798869392,-2.6603857731000575,175.60496056727038,166.13513342687025,-0.00702349198258112,0.015071575111940018,-2.809128809270725
2024-04-03,167.77673855420844,169.6553921834382,167.56800768828836,168.63157653808594,47691700,-0.0048923945560392,0,40.366601325543954,-2.54115028837262,-2.63653867615457,175.62077180612496,166.0726058794219,0.004786107491884906,0.013711651443860516,-3.651750877439538
2024-04-04,169.2677258236611,170.88794562795422,167.8065643310547,167.8065643310547,53704400,0.0045018032036929,0,39.00211595126798,-2.5639195561132055,-2.622014852146297,175.64174896126664,166.0218099986943,-0.004904401496085065,0.013691525757309829,-5.512953189807566
2024-04-05,168.5719309687928,169.36713152382467,167.9357735582051,168.56199645996094,42104800,-0.0066635110242448,-1,40.969735765027096,-2.492277877466023,-2.5960674572102427,175.60850662261527,166.1127061459394,0.004491700396868303,0.013728460191587208,-1.0445127206267075
2024-04-08,168.01530178433154,168.1842794442996,167.23005087422234,167.43878173828125,37425500,0.0072424185757606,1,38.957541187258734,-2.4973475044437805,-2.5763234666569503,175.70369382364444,165.79088930623837,-0.006685811334612879,0.013598497731820616,-2.223115644516417
2024-04-09,167.68726532493085,169.05898582949538,167.33937552823474,168.6514434814453,42373800,-0.0111393182921775,-1,42.25502435276399,-2.376123084479417,-2.5362833902214437,175.610610377029,165.57782193498275,0.0072163182064493014,0.013416500459388808,-0.6906711016828083
2024-04-10,167.7866623517303,168.07491474927153,166.10680533820357,166.7727813720703,49709300,0.043270942331852,1,38.76163982236107,-2.403933144976264,-2.509813341172408,175.54657601249176,165.10012808907072,-0.01120182512063117,0.013578074784814455,-1.1372504963208756
2024-04-11,167.32942111379162,174.40668878905643,167.15050896636146,173.98919677734375,91070300,0.0086267500023677,1,54.36782452072028,-1.8226579390191944,-2.3723822607417655,175.97743596869643,165.0579186455614,0.0423609144139494,0.016502288240623372,0.998214415255319
2024-04-12,173.21389665591337,177.28929006742356,173.16420894399843,175.4901580810547,101670900,-0.0218635495603265,-1,56.83197928280787,-1.2267370561183952,-2.1432532198170917,176.5432713728727,164.84495341960775,0.008589752222696312,0.01643926902503424,2.9566232006752697
2024-04-15,174.30729011068368,175.56967037066977,171.46445848220424,171.6533203125,73531800,-0.0191672995852605,-1,49.47689184898519,-1.051940094572359,-1.9249905947681452,176.54894515353502,164.84623764675794,-0.02210609880234582,0.0172278964860145,1.564427416532016
2024-04-16,170.71895735574867,172.71688554496447,167.2598525976239,168.36318969726562,73711200,-0.0081473828264839,-1,44.1949665570734,-1.1654635487692815,-1.7730851855683725,176.34349809003774,164.62028975175915,-0.01935337380260993,0.017683495583718158,0.3198386132434898
2024-04-17,168.59180586766368,169.62555591523414,166.99147033691406,166.99147033691406,50901200,-0.0057143885760474,-1,42.17350114966174,-1.3505496963445296,-1.688578087723604,175.73944128806866,164.4211956137868,-0.008180754132752988,0.017393184098224754,-0.9725973242036625
2024-04-18,167.02127846323074,167.62761710838,165.55016746918514,166.03721618652344,43122900,-0.012212566104684,-1,40.77621956318393,-1.55629216930393,-1.6621209040396694,174.2622696931185,164.7423460905729,-0.005730778161911587,0.01693854500678702,-1.0543974555373279
2024-04-19,165.21221853676252,165.40106519259456,163.0950004513954,164.0094757080078,68149400,0.0050908380452201,1,37.902495400494004,-1.8615079664123755,-1.7019983165142107,174.49135924916874,163.88008087534297,-0.012287752261129548,0.014540207420017527,-2.7007990220586287
2024-04-22,164.52635030592455,166.25589498596477,163.7808527253039,164.84442138671875,48116400,0.0063916912364472,1,39.784316252602345,-2.0128180328946144,-1.7641622597902915,174.40285799509365,163.32844693654698,0.005077923541107587,0.014534609344798518,-1.5494381436778906
2024-04-23,164.35737315952596,166.04716464714997,163.9299466584378,165.89805603027344,49537800,0.0127023779248078,1,42.16610413150961,-2.024377081702312,-1.8162052241726958,174.33360919566675,163.00506420521216,0.006371351004329284,0.014564156239758938,-1.632590504020677
2024-04-24,165.540232667877,168.2836737462142,165.21222704669103,168.00535583496094,48251800,0.0051473157330628,1,46.7064513525649,-1.8422598041070444,-1.8214161401595657,174.30667070946134,162.9634159604605,0.01262237945723399,0.014816793015222502,0.7390741179405946
2024-04-25,168.51229295621184,169.58581142644354,167.14057238305094,168.87013244628906,50558300,-0.0034728242959994,0,48.493478421381546,-1.609595884812677,-1.779052089090188,173.8891729844169,163.0409692274972,0.00513411358779603,0.014026163971809792,-2.9421736670269367
2024-04-26,168.8601961624801,170.31142312512412,168.16438620722982,168.28367614746094,44838400,0.0248079568113526,1,47.33430373638828,-1.4557492039636486,-1.7143915120648803,173.70388053920257,163.00957160923494,-0.0034788685481030868,0.013858361612048273,-4.1064878010225785
2024-04-29,172.3292258757486,174.97326108846298,172.06085765153782,172.4584503173828,68169400,-0.0182708962836295,-1,55.49070022429739,-0.9855939025187865,-1.5686319901556616,174.16414214273325,162.8942257771886,0.024505235828006455,0.014806123889006267,0.4690442360317
2024-04-30,172.28947031289857,173.9395086711804,168.9794590883409,169.30747985839844,65934800,-0.0060470081522314,-1,49.286389615608634,-0.857366236832604,-1.4263788394910502,174.23823409663441,162.9682402075648,-0.018439870480492893,0.0153424961696387,0.5608649746008872
2024-05-01,168.56199406268553,171.6732091751753,168.0948143120181,168.28367614746094,50383100,0.0220318209708378,1,47.43076342780335,-0.8288033618901807,-1.3068637439708763,174.2225294080056,162.9491548571311,-0.006065365347513563,0.015372532035870906,0.7738154577235483
2024-05-02,171.4743893691613,172.37893013348045,169.8641193422282,171.99127197265625,94214900,0.0598162464667899,1,54.16138729015277,-0.5012173585790833,-1.1457344668925178,174.60842950479878,162.98172552449807,0.02179262727609199,0.01607666249776637,3.5859766399866193
2024-05-03,185.52950301417593,185.87740797297917,181.56346535319665,182.27914428710935,163224100,-0.0091067639746903,-1,66.84600499720655,0.5818351917045277,-0.8002205351731088,177.7432957009296,161.21857411108215,0.05809554070689238,0.02050665405935783,11.139398196496712
2024-05-06,181.2553285088154,183.09421354898845,179.33690673477625,180.61917114257812,78569700,0.0037972273178012,0,63.779206720318896,1.291330526503117,-0.38191032283786364,179.6534901351934,160.62641861724802,-0.009148484032709625,0.02058089646212153,9.569477464361631
2024-05-07,182.34872294128857,183.79001537072008,180.23151991986552,181.30502319335935,77305800,0.0018641633407694,0,64.50381860291134,1.887198766917578,0.07191149511322473,181.42133521901525,160.1239315046176,0.003790036048989087,0.020565117120827606,9.287008860594733
2024-05-08,181.75234564063675,181.97102617972277,180.360740831254,181.64300537109375,45057100,0.0100141496801622,1,64.87671710370616,2.3595021060140766,0.5294296172933951,182.98858327207412,160.04370585146106,0.0018624279446619596,0.020275075772355343,8.117389751270593
2024-05-09,181.46406224266897,183.55146169147775,181.01676669426377,183.4620056152344,48983000,-0.0068901670297654,-1,66.89256683021826,2.84775685434289,0.9930950647032942,184.56106300943787,159.41850699788637,0.009964340339354116,0.018266393645630076,8.640884541016417
2024-05-10,184.039301056681,184.22841905381327,181.2822060927068,182.1979217529297,50759500,0.0176454582433283,1,64.13767787712166,3.097000957558066,1.4138762432742487,185.59083482193833,159.0595115525734,-0.00691401383271284,0.018329951422212436,8.268327578770146
2024-05-13,184.57680131825043,186.22907786103977,183.76061103045285,185.4128875732422,72044800,0.0061734546961911,1,67.77291253757936,3.5134487282779787,1.833790740274995,187.4440870018368,158.58221609874914,0.017491584621805778,0.01773206879952517,7.51162800780058
2024-05-14,186.637155065652,187.42348620330452,185.42283282321628,186.5575256347656,52393600,0.0122179078201842,1,68.97859251337881,3.890996328726743,2.2452318579653445,189.32764501629444,158.5180916780415,0.006154476990037239,0.01687134646715239,10.188590480937028
2024-05-15,187.03529613574696,189.76253191302305,186.49780129168897,188.8368682861328,70400000,0.0006325343237545,0,71.28259184468432,4.3242817960965,2.661041845591576,191.36786135946954,158.66241512978826,0.012143871619391788,0.016637837622348887,12.213419987724686
2024-05-16,189.58338637309936,190.21045865928463,188.7771592552961,188.9563140869141,52845200,0.0001580336192497,0,71.4024577069114,4.623999342433166,3.053633344959894,193.0403514960392,159.2818347832577,0.0006323343582375074,0.016458624588032256,9.86389711505535
2024-05-17,188.62785068172937,189.9218023921439,188.2993849653176,188.98617553710935,41282900,0.0061620950735696,1,71.43455851059396,4.808507742656303,3.404608224499176,194.20383160163703,160.61602466057002,0.00015802113325324996,0.01593936323204131,3.679538477224636
2024-05-20,188.44869465688268,191.02663488992152,188.1301769262196,190.15072631835935,44361300,0.0068572407111122,1,72.72059787429805,4.991166434866386,3.7219198665726183,195.30408274866105,162.04640400671,0.006143187001523387,0.01593407360407571,5.2771558608566265
2024-05-21,190.2004910768324,191.83285642957057,190.03128423275257,191.4546356201172,42309400,-0.0075383526692988,-1,74.12523263224223,5.181411264118594,4.013818146081814,196.384693736013,163.52145097834244,0.0068338367661011645,0.015933233821966902,5.598086720373664
2024-05-22,191.37501623979523,191.92245910983817,189.38432593982932,190.01138305664065,34648500,-0.0210581962654183,-1,69.83871661793542,5.15628480033098,4.242311476931647,197.07959802727845,165.027149409245,-0.007566909655389864,0.016206416951308297,4.607046480237674
2024-05-23,190.09099161364105,190.11090276702717,185.76124979940408,186.0100860595703,51005900,0.0165881934384695,1,59.55601677369814,4.75864596084125,4.345578373713568,197.04739922386355,166.773343573988,-0.021283082820588994,0.017331432422663336,1.3888872716675023
2024-05-24,187.94106857836448,189.6928704821682,187.16468542966413,189.0956573486328,36327000,5.269285079068098e-05,0,63.962436017413744,4.639018414945838,4.4042663819600225,197.02173902002303,168.88020189794574,0.01645211219032472,0.01740118731558946,3.7858475713333495
2024-05-28,190.61853495727323,192.10160462638697,188.21976480489596,189.10562133789065,52280100,0.0015789270687063,0,63.97608515307196,4.493221671123052,4.422057439792629,197.22849894468573,170.3381590753338,5.269146257091961e-05,0.016870943967159158,1.9916273420798511
2024-05-29,188.7273779696699,191.35508832801628,188.62783738828333,189.4042053222656,53068000,0.0052552229578612,1,64.41107837938499,4.3516073130795405,4.407967414450011,196.66851120409734,172.90781936230889,0.0015776818739041687,0.01600314265971433,1.5258991444135621
2024-05-30,189.8720349370489,191.2854232244703,189.7426503955058,190.39956665039065,49889100,0.005018582266137,1,65.88976203932276,4.270466969698418,4.380467325499693,195.2784910063957,176.50942861030353,0.005241462462287849,0.015767017172701535,0.8275388055525158
2024-05-31,190.5488754083416,191.67362027294615,189.02599856414395,191.3551025390625,75158300,0.0092586922143096,1,67.29461426514995,4.234454270479631,4.351264714495681,194.0473943136855,179.67690835965433,0.00500603115715581,0.01533262846700443,1.2694936730428814
2024-06-03,192.0020557606219,194.0823384761381,191.62383496596823,193.12680053710935,50080500,0.001649316515335,0,69.7798621369306,4.299315337654065,4.340874839127358,194.7597619073851,180.04930639095477,0.009216093262064184,0.00911495532377093,2.1909671372692268
2024-06-04,193.73397115741048,194.41081372828987,192.13146492648488,193.44532775878903,47471400,0.0078208605660063,1,70.21803484980988,4.3265469454300955,4.3380092603879055,195.15529200796018,180.93639195200072,0.001647957886518725,0.008673452846626451,1.7326262719153172
2024-06-05,194.49042328995185,195.9834409155792,193.96289161058436,194.9582366943359,54156800,-0.0070966220526713,-1,72.27431414741335,4.419264764666565,4.354260361243638,195.73911531484052,181.7178899952181,0.007790436163062964,0.008728142210244741,1.8299902025723418
2024-06-06,194.7790659077195,195.58529292944823,193.26613725182497,193.57469177246097,41181800,0.0123921349892017,1,67.6727276117191,4.331176683238851,4.34964362564268,195.83517867202102,182.8149952781743,-0.0071219228461218975,0.009049212085763507,1.875313288340269
2024-06-07,193.7439169991778,196.02326577578603,193.23629646745044,195.97349548339844,53103900,-0.0191478542267773,-1,71.10747811720242,4.40416122677351,4.360547145868846,196.49138334359827,183.4099395934134,0.012315980979479946,0.009156631660708733,5.356381277431005
2024-06-10,195.9834264840809,196.3815736009198,191.25553768440523,192.2210235595703,97010200,0.0726491353729663,1,60.312096872917074,4.111810488020666,4.3107998142992106,196.00035971307787,184.90327340459785,-0.019333548642088694,0.010242425654505083,1.6527963966804957
2024-06-11,192.74855695795017,206.1956778920413,192.7286609927464,206.1857147216797,172373300,0.0285785394018185,1,75.32529561107073,4.949894982123084,4.438618847863985,199.9109197131231,183.0699961193964,0.0701314161137363,0.01804271598104706,9.032038954183504
2024-06-12,206.40472171133436,219.1750019825869,205.9369082694312,212.0782012939453,198134300,0.0054910665752341,1,78.94463851527412,6.0201607370321994,4.754927225697628,204.77879369799277,180.75418970044475,0.028177790250123458,0.018754986860513558,11.971220983768859
2024-06-13,213.74040935969603,215.74104751612717,210.61502639534655,213.24273681640625,97862700,-0.0081684707832715,-1,79.58206259148847,6.882979638117064,5.180537708181515,208.7890102932089,179.18455995825593,0.005476045631414017,0.01870691315792917,11.997490628726034
2024-06-14,212.8545395919822,214.16838712685717,210.31640674162668,211.50086975097656,70122700,0.0196714922478815,1,75.88165546306585,7.341586479751925,5.612747462495597,211.5551443871927,178.67288143067836,-0.008202015538533836,0.018945036482412275,10.527948794990499
2024-06-17,212.37676580912532,217.93079294137289,211.72979760979996,215.66140747070312,93728300,-0.0109844734379512,-1,78.45818830479628,7.94912377799389,6.080022725595256,214.89022908147115,178.0053199297593,0.01948050899800524,0.019142651473343878,11.668296099206463
2024-06-18,216.5771221156608,217.61228945527097,212.008492058615,213.29248046875,79943300,-0.0215128610444048,-1,73.63473775982324,8.14555199978841,6.493128580433887,217.19023899157094,178.0194854346986,-0.011045248228815474,0.019545919547399836,10.259825315971854
2024-06-20,212.93416556238657,213.24273529474337,207.8778259238728,208.70394897460935,86172500,-0.0104443594069201,-1,65.26508936969967,7.840585250951932,6.762619914537496,218.40935594723086,178.5252998144879,-0.02174763586488826,0.020484243374746174,7.05059325183812
2024-06-21,209.41066477171813,210.9036824915187,206.14593390610847,206.524169921875,241805100,0.0031325250643379,0,61.6784995573102,7.338414281121715,6.87777878785434,219.13332262063832,179.45261182760387,-0.010499284501643835,0.02058400451759975,6.689654536366567
2024-06-24,206.75306897426384,211.70988292620217,205.6283242404664,207.17111206054688,80727000,0.0044682373331812,0,62.33998293369002,6.912954754212933,6.884813981126059,219.48966682681646,181.21237022152337,0.0031276289298762805,0.01970027914856094,5.713842348695069
2024-06-25,208.1764159984445,210.3960464470149,207.6389363414956,208.0968017578125,55549700,0.0199932804568936,1,63.31573816326212,6.5746815992461904,6.822787504750085,219.9917211188788,182.61043037037905,0.004458284397786727,0.019527520657062168,8.259126865653277
2024-06-26,210.51548557795783,213.8598456726642,209.65948819693895,212.25733947753903,66213200,0.0039859826719348,0,67.40362109027673,6.566622374572404,6.771554478714549,220.85002716201973,184.06729614120286,0.01979603948712061,0.019773060294128432,2.944735896982555
2024-06-27,213.69064352295015,214.7357589232,211.36153961685812,213.1033935546875,49772700,-0.0162541823166411,-1,68.18013692059581,6.552966357126792,6.727836854396998,221.565789111641,185.72145301482382,0.003978059689939251,0.019753519727164222,0.4834029402773212
2024-06-28,214.76560832661605,215.0642148828325,209.3210696212814,209.6395721435547,82542700,0.0291045764159809,1,61.699676042476746,6.1912732809507816,6.620524139707755,221.62360064963877,187.58764202614242,-0.016387730661484134,0.020373510097716638,-1.6897010077082943
2024-07-01,211.10273143743845,216.4974998735104,210.933524598722,215.7410430908203,60402900,0.0162398448808083,1,67.55053128635447,6.324066720982813,6.561232655962767,222.3581924733089,189.29164425764813,0.02868908085806776,0.02106192926283727,2.004801845418497
2024-07-02,215.14381249791867,219.35413272093265,214.09871241355896,219.24464416503903,58046200,0.0058111481591884,1,70.35135952389905,6.635527573412986,6.5760916394528115,223.5715253731036,190.6900957206464,0.016109389092743953,0.02117348009306248,1.6615103909227151
2024-07-03,218.97591935149836,220.51870727539065,218.01043340115496,220.51870727539065,37369800,0.0216203196337869,1,71.32076921754958,6.9055657250212334,6.641986456566497,224.6509909938591,192.31796805155105,0.0057943285670285505,0.021145379871145505,3.3879425991763386
2024-07-05,220.618221554563,225.3958807735831,220.618221554563,225.2863922119141,60412400,0.006538918121052,1,74.65975570910886,7.418766314807073,6.797342428214613,226.49413221790562,193.50764237926236,0.021389915547968208,0.02140446176688388,7.945438176314595
2024-07-08,226.03290864697604,226.78938062149984,222.21078721739227,226.759521484375,59085900,0.003774869267781,0,75.60483640582767,7.853816789339248,7.00863730043954,227.88422144912673,195.43603611923263,0.0065176321371049895,0.021138782283153593,9.798054905706548
2024-07-09,226.8690002119573,228.33215871662,225.3162642938077,227.61550903320312,48076100,0.0188035672028108,1,76.16119380691624,8.173450022120392,7.241599844775711,229.2081228441737,197.27633607916616,0.0037677623283505213,0.02113145428577728,9.868362808556661
2024-07-10,228.23262994836375,231.9950331368443,228.1828596567971,231.89549255371097,62627700,-0.0232207883097639,-1,78.76848989130511,8.67215337682282,7.527710551185133,230.07114546257998,200.38076036017395,0.01862896549395998,0.020283784766400234,11.436355866533638
2024-07-11,230.31290687462652,231.30825199534104,224.7190721562944,226.5106964111328,64710600,0.0130508693225586,1,68.60233748443106,8.534491032217915,7.72906664739169,231.25461682296157,201.22978716873763,-0.02349463846551103,0.01584348644368693,6.715130307709364
2024-07-12,227.8544036714271,231.55708874298097,227.6155153743793,229.46685791015625,53046500,0.0167432708663324,1,70.8282598180354,8.565195912780439,7.89629250046944,233.04460283621177,201.17866681710854,0.012966440513694444,0.014999799943410117,7.678650293886328
2024-07-15,235.3792032824568,236.12571210202407,232.00498402552307,233.3088836669922,62631300,0.0017918747720342,0,73.46158487760526,8.798129758065244,8.076659951988601,235.41550478245378,200.81437955592511,0.01660464750577706,0.01526386102281886,11.290478835374406
2024-07-16,233.90609879782943,235.17019132901208,231.2485291999769,233.72694396972656,43234300,-0.0252959860562366,-1,73.73937103538366,8.913713737830562,8.244070709156993,237.51195648258994,200.94053527766397,0.001790271279653588,0.014987364101877754,8.336800740939562
2024-07-17,228.38192926123955,230.38258262455565,225.58501197125685,227.81459045410156,57345900,-0.020534817784018,-1,63.600244373276645,8.431049467308185,8.281466460787232,238.41078667283304,201.25702338576073,-0.025621429514935734,0.01604883540622996,3.9088509193462433
2024-07-18,229.20807059344992,229.3673294560276,221.23536173419896,223.1364593505859,66034600,0.0005798213023433,0,56.93003799410996,7.583629116421207,8.141898991914028,238.70421101270145,201.94799693407592,-0.02074858871633456,0.01662390802444061,1.1870884368672292
2024-07-19,223.773474302542,225.7442531861875,222.24063446922685,223.26583862304688,49151500,-0.0015602158290591,0,57.064153045588434,6.843593522886465,7.8822378981085155,238.6708906154089,203.43750629621218,0.0005796532709210211,0.01564817826641055,-0.8968822169101968
2024-07-22,225.95328613844396,226.7197061195605,222.0515351611177,222.91749572753903,48201800,0.0046882355208093,0,56.55354249720009,6.158015849416898,7.537393488370193,238.1873702198268,205.5603592723607,-0.0015614342332561648,0.015356072714001398,-1.6943172801238704
2024-07-23,223.3255652212696,225.88360930378687,221.64342964759248,223.96258544921875,39960300,-0.0287542687461693,-1,57.77431410969083,5.634074506411878,7.15672969197853,237.5778014555151,207.8490753755396,0.004677279972775672,0.015356309060943419,-1.6048658544842431
2024-07-24,222.9572958470105,223.75357494115903,216.1192800710717,217.522705078125,61777600,-0.0048045086663681,0,48.69464254097932,4.645650524239073,6.654513858430639,236.70214239868642,209.6673247643995,-0.029175772415389822,0.017040846681713424,-6.197958967338264
2024-07-25,217.91089956980477,219.8219755631398,213.62096453779796,216.4776153564453,51391200,0.0021609807291522,0,47.39294671126149,3.7349334034370543,6.070597767431923,236.34401878294227,210.44747596803427,-0.004816087419831305,0.01658704907386521,-4.429407181935794
2024-07-26,217.6819649471348,218.46829606182757,215.0044842643322,216.94541931152344,41601300,0.001284663133755,0,48.06222489550979,3.01616294448516,5.4597108028425705,236.0234812493296,211.15221607733056,0.0021586491686633735,0.016574751004258922,-5.456752540506465
2024-07-29,215.95008057489312,218.27918447457577,214.74570631572195,217.22412109375,36311800,0.0025660297836471,0,48.482734611690894,2.440884089535359,4.855945460181128,235.06924824640578,212.86490397527393,0.0012838386601101703,0.016068316655563804,-6.894192077229423
2024-07-30,218.16970866418467,219.30440154226625,215.11399172426283,217.78152465820312,41643800,0.0149906849030969,1,49.36571699139152,2.0068159366446423,4.286119555473831,234.90124106637734,213.23695931204065,0.002562743150420488,0.014775251304367448,-6.822242673736737
2024-07-31,220.40919868116703,222.7781246353508,219.60297166321624,221.0462188720703,50036300,-0.0167506472412044,-1,54.305630814174464,1.9042958004530703,3.8097548044696787,234.85849228450294,213.45986556461813,0.014879435016265319,0.01470914560924524,-2.9710000437372743
2024-08-01,223.3255700813178,223.4350586473055,216.0097928775357,217.3435516357422,62501000,0.0068694319300566,1,48.52355030712172,1.506902913639152,3.3491844263035735,235.0010774204198,212.99976486473645,-0.0168925259376147,0.01514045624060648,-2.596127827654585
2024-08-02,218.12987665236415,224.54986481713928,216.69659243938975,218.83657836914065,105568600,-0.0481669713033499,-1,50.79841689740007,1.297484375196916,2.938844416082242,234.88510438844347,212.47075651243543,0.006845944882966748,0.014351056324190136,-1.9838504095489538
2024-08-05,198.1632616839607,212.5061888982195,195.08764882459496,208.29588317871097,119548600,-0.0097483832359808,-1,38.0228899345913,0.2777706974065097,2.4066296723470955,235.7013281327065,209.80816893760598,-0.04936564959792822,0.017754345571671302,-6.559203664614705
2024-08-06,204.34432656983304,209.01249693638889,200.1340215747604,206.2653350830078,69660500,0.0124983309050545,1,36.1374411020827,-0.6862967979259054,1.7880443782924955,236.27183365009026,207.1026460252027,-0.009796209798768274,0.017691047522737778,-7.901878043921586
2024-08-07,205.93688655864335,212.64551772150753,205.42926604632788,208.8433074951172,63516400,0.0166333071644813,1,40.19230570014503,-1.2281490671157655,1.1848056892108434,235.35178210635226,205.71747906308136,0.012420871508363795,0.01730630622475491,-3.990111092030847
2024-08-08,212.1179963940502,213.2029189157903,207.85792055043288,212.3170623779297,47161100,0.0137359030145076,1,45.23793611696414,-1.3615725458622308,0.6755300421962286,234.78811698472305,204.86178078139022,0.016496488787764108,0.01739562165914527,-1.9219321922338195
2024-08-09,211.11270086651857,215.77090862412464,210.9833011439981,215.23342895507812,42201600,0.007129965549701,1,49.11892401515932,-1.21794548692111,0.2968349363727609,233.51791640172488,204.7086384688806,0.01364242056979581,0.017429382301890308,-0.7891341342344614
2024-08-12,215.31315848368175,218.7410960979999,214.8448035806853,216.76803588867188,38028100,0.0171930246914884,1,51.083451086458325,-0.9691186570148034,0.04364421769524806,231.1530377427089,205.4194323500645,0.007104667523523567,0.016984977772859403,-0.2099606631076145
2024-08-13,218.2428407360094,221.11275746457665,218.2428407360094,220.49493408203125,44155300,0.0020337215221548,0,55.57000651235741,-0.4658223542616611,-0.05824909669613377,228.4457399781751,206.80352912582882,0.017046897180429177,0.017575766195676676,1.245931870523306
2024-08-14,219.7973936824548,222.24876826808693,218.93043078284688,220.943359375,41960600,0.0135305568938233,1,56.09183735730716,-0.030421554041481613,-0.05268358816520334,227.18359445027002,207.37855154582374,0.0020316563101099305,0.01676436979352696,-0.0465330271629039
2024-08-15,223.813271274212,224.56064415441705,221.97970491871703,223.9328460693359,46414000,0.0059185060327429,1,59.506371056461724,0.54952868447171,0.06775886636217933,227.32317686925762,207.31860779871113,0.013439836325989774,0.01644164347626378,3.031741399274213
2024-08-16,223.1356500786779,226.03546056539557,222.86659157853387,225.25819396972656,44340200,-0.0007078736755057,0,60.95600497087336,1.1033689752528346,0.2748808881403104,227.69366323468864,207.1473569679481,0.005901060476490194,0.016491465021591756,2.9344342926773965
2024-08-19,224.92933693390268,225.19839542072495,222.2587166767679,225.09873962402344,40687800,0.0027446993713629,0,60.674575523831784,1.5119954207916066,0.5223037946705696,228.07650401005867,206.9826405822265,-0.0007081243363735723,0.0164871063163107,8.066821191514466
2024-08-20,224.9791698204466,226.3742597731608,224.66028342820331,225.7165679931641,30299000,-0.0004855819083661,0,61.41786077473627,1.864199082261507,0.7906828521887572,228.403172039118,206.83137080756168,0.0027409395621695865,0.016466876874567646,9.430199651496688
2024-08-21,225.7265541171402,227.18143154067607,224.26170199000447,225.60696411132812,34765500,-0.008259714428674,-1,61.196880173217565,2.1101543582836655,1.054577153407739,229.35494584726226,206.68802290273774,-0.0004856998414402014,0.014934022419842014,8.026906304671925
2024-08-22,226.9920904114928,227.5401669123529,223.11571691317775,223.74351501464844,43695300,0.0102881658949529,1,57.41456409377335,2.1301558077592233,1.269692884278036,229.96022909361145,206.80932962220888,-0.00829401487507031,0.015035323375028069,5.381787270765539
2024-08-23,224.86956599566977,227.42059644239848,223.5442228703079,226.04542541503903,38677300,0.0014988410038456,0,60.6499727211573,2.3051793592853755,1.476790179279504,230.85999944505335,206.81955988111855,0.010235602926500498,0.015157661505199758,5.0233815966466375
2024-08-26,225.9657045588355,226.48388737170689,223.1057623977585,226.3842315673828,30602200,0.0037415620062579,0,61.11820559121234,2.4430634946077987,1.670044842345163,231.7279214592557,206.86764891427947,0.0014977188628026994,0.015157164606213778,4.436168662638822
2024-08-27,225.208374045966,228.0483972344343,224.10226151212836,227.23126220703125,35934600,-0.0067535026593108,-1,62.32518673233784,2.5908205918881038,1.8541999922537513,232.64441338249975,206.89613074591824,0.00373457977401781,0.015161453464224097,3.0550942827982923
2024-08-28,227.12163896438045,229.05484595642545,224.88947977262964,225.6966552734375,38052200,0.0145700946559237,1,58.76590525505996,2.554640891728326,1.9942881721486663,233.12628597416392,206.87930179439076,-0.006776410756581974,0.014974684372654708,2.151364002015505
2024-08-29,229.294003797999,232.10411789712717,228.07827604001008,228.98507690429688,51906300,-0.0034379159373844,0,63.567277675448175,2.7595064887460126,2.1473318354681354,234.20811356880708,206.9616267266031,0.014464970707110503,0.014635949110582351,2.25613657113823
2024-08-30,229.3836794905121,229.5929353752877,226.68316554604095,228.1978454589844,52990800,-0.0272052334529843,-1,61.71461408332418,2.8257672658290005,2.2830189215403087,235.04209365871685,207.0637733456777,-0.003443839149948502,0.01466000246486956,1.3050142316478457
2024-09-03,227.7494219919808,228.19784265919515,220.39526831044307,221.9896697998047,50190600,-0.0086187300728642,-1,49.46986418402421,2.3502394201807704,2.2964630212684014,234.4438587964148,209.0313868700891,-0.02758214756778976,0.010983799108155274,-1.3812026799491408
2024-09-04,220.8835610121704,221.00313580397116,216.71819503548093,220.0764007568359,43840200,0.0069277893453945,1,46.413514193553816,1.798266062810086,2.1968236295767385,233.02131404266052,211.83503819122618,-0.008656086122914353,0.010915635355297512,-2.4987830031595184
2024-09-05,220.85367082984084,224.6901757794695,220.744055533832,221.60104370117188,36615400,-0.007015016202747,-1,49.11161293785338,1.4669391822210116,2.050846740105593,231.65757451103755,214.47455134345464,0.006903902471485424,0.010739722195603938,-1.77561912857419
2024-09-06,223.16553454066073,224.4510243839852,219.00018373655976,220.0465087890625,48423000,0.0004076009321982,0,46.53865096317549,1.0666268562097798,1.8540027633264307,230.65891899785657,216.24615149774888,-0.007039737108451405,0.010464913224896939,-1.6523411752711115
2024-09-09,220.04651885251477,220.49493955114087,215.95091475509392,220.13619995117188,67180000,-0.0036214429681996,0,46.71211581982013,0.7479914016830946,1.6328004909977636,230.05223668016302,217.34311091505182,0.0004075178855043049,0.010087490134399248,-2.614176090056814
2024-09-10,218.15315521125123,220.70418549359823,215.97082401031443,219.3389892578125,51591000,0.0115851571521989,1,45.305012491662296,0.42622896574110314,1.3914861859464316,229.70074453519854,217.95169839693037,-0.0036280162674700023,0.010038064131321054,-3.112072895180118
2024-09-11,220.6842723421212,222.3085524071335,217.126770108234,221.88006591796875,44587100,0.0004939780479265,0,50.43055503265705,0.37198554903844183,1.1875860585648337,229.64255075134906,218.14840536437362,0.011518563060911369,0.009628801661745305,-2.3549560201742863
2024-09-12,221.72061131734023,222.7669363444001,219.05000630879996,221.9896697998047,37455600,-0.0012119616601647,0,50.645393901483104,0.3339913236880534,1.0168671115894776,229.60476423210454,218.29082292609857,0.0004938560809346626,0.00962049250505313,-1.6424636285113312
2024-09-13,222.7968456308755,223.25522582753553,221.1326971327844,221.7206268310547,36766600,-0.0277752257068714,-1,50.071711364400734,0.27895548211796495,0.8692847856951751,229.57690277486648,218.0974624595085,-0.0012126966796346395,0.009106252304695658,-3.172455677658997
2024-09-16,215.7815017768951,216.45912779468063,213.1706839207783,215.56228637695312,59357400,0.0021725634932598,0,39.14214306842464,-0.25860637279683374,0.6437065539967733,230.08255871772013,216.62221575737755,-0.028168251982923387,0.01086355706810618,-5.537107090830248
2024-09-17,214.9942587915762,216.1402244248995,213.74863736172932,216.03060913085935,45519300,0.0179898941797524,1,40.21094809497814,-0.6394669069877352,0.38707186179987163,230.28712228186933,215.5108391439119,0.0021702068898230564,0.010903351949515187,-2.6843864736225593
2024-09-18,216.7879762232403,221.92990559819444,216.77800151948543,219.91697692871097,59894900,0.0370655180139376,1,48.32189786755727,-0.6205508982546917,0.18554730978895898,229.9872796157513,215.23072270358463,0.01782999094718285,0.011742489601610711,-0.07244021965857746
2024-09-19,224.20191472936153,229.01499812075548,223.84317512238368,228.0683135986328,66781300,-0.0029274718775432,0,60.443019170564135,0.05159022069804564,0.1587558919707763,230.38332164591685,215.08081562214954,0.03639510759290587,0.014459005827673913,2.918429349178529
2024-09-20,229.1644542640561,232.27352055331795,226.82267984404157,227.4006500244141,318679900,-0.0075809929712475,-1,59.217832441810984,0.5243476758293468,0.23187424874249044,230.82456835817158,215.00528241087142,-0.0029317653046456726,0.01433571642196273,3.3420849418707665
2024-09-23,226.5436750131678,228.64628476177805,225.01903547850176,225.67672729492188,54146000,0.0039739147191166,0,56.05817579301951,0.7512453197952027,0.3357484629530329,230.77853313621665,215.0144478208146,-0.007609874759475055,0.014273448123583365,2.5168633532235667
2024-09-24,227.8490624720206,228.5466226266176,224.93929267987525,226.57354736328125,43556100,-0.004398088347524,0,57.333574152649156,0.9919941309789237,0.4669975965582111,230.80516635155803,215.00674618506307,0.003966039576554614,0.014298471973317715,3.298345693097547
2024-09-25,224.1420985437932,226.49383244586693,223.2352976856936,225.5770568847656,42308700,0.0050802189317789,1,55.40914580528358,1.089818100076286,0.5915616972618262,230.5727916272475,215.07370037714702,-0.004407788389623413,0.014303711235776614,1.6662114063746767
2024-09-26,226.50380712846777,227.69960067739044,224.62042810744603,226.72303771972656,36636700,0.0011866591567222,0,57.1888133474028,1.2454585060032741,0.7223410590101158,230.71263259714087,215.03649765188257,0.00506735815822168,0.01426944689873787,2.13224693031461
2024-09-27,227.6597471643239,228.71603171782343,226.50380681299467,226.99208068847656,34026000,0.0228720422544728,1,57.61649335468269,1.37466785281498,0.8528064177710887,230.34582658040745,215.20400404703395,0.0011859556332520782,0.013875583976521689,2.3775207263141036
2024-09-30,229.23421467656505,232.1838531494141,228.84558136748996,232.1838531494141,54541900,-0.0291416478837538,-1,64.9028749680628,1.8743930034366656,1.0571237349042042,231.27986454719246,214.6685668492919,0.02261439826105427,0.0147728120107457,7.710795358421315
2024-10-01,228.71603627902877,228.84557057238277,222.9562838134916,225.41763305664065,63285000,0.0025197370603202,0,52.28684719977376,1.7047995043186006,1.1866588887870835,231.50423127267814,214.7869964494898,-0.029574699688174277,0.01498002777862418,4.345228652341191
2024-10-02,225.09874435066007,226.573555899704,222.2388023482828,225.98562622070312,32880600,-0.0048946016507278,0,53.11082025220245,1.5978091861391306,1.268888948257493,231.76251826646765,215.11963200208706,0.002516567845502138,0.014817603927258881,2.759518331301632
2024-10-03,224.35137431302277,226.01552277761735,222.53775735368689,224.8795166015625,34044200,0.0050072928591862,1,51.25452583970217,1.4075395463105167,1.2966190678680978,231.90413196250876,215.30586559608497,-0.004906619444298599,0.014818901280947554,-1.3981762511219042
2024-10-04,227.1016919290748,227.20134772512515,223.3449086623416,226.00555419921875,37245100,-0.0225308037673429,-1,53.0534263925501,1.3322539155306288,1.303746037400604,232.09688004836144,215.70902205124796,0.004994798061014549,0.014730690165139743,-0.613496850182953
2024-10-07,223.7136221153256,224.8994562199718,220.55472780586587,220.91346740722656,39505400,0.018404127426951,1,44.97113831745958,0.8518807123899705,1.2133729723984774,232.07103029552192,215.81259854969292,-0.022788500424621105,0.015689586896044203,-2.1106562226376693
2024-10-08,223.51433484676548,225.18844291794565,222.46800969960725,224.97918701171875,31855700,0.0166982541516562,1,51.34463719240087,0.790142807012586,1.128726939321299,232.08156322678548,216.36608539382001,0.018236821107276313,0.016165116185362854,-0.7036833602671853
2024-10-09,224.44104641791935,228.94521774486736,224.04245364435144,228.73594665527344,33591100,-0.0021782550864588,0,56.372759131021944,1.032452706763877,1.1094720928098147,232.58205587756112,216.55118081677483,0.016560371125925677,0.01637135715708817,1.4003595109060833
2024-10-10,226.98212047614993,228.6960967971132,226.3742566041183,228.2377014160156,28183500,-0.0065053076705335,-1,55.55279392698295,1.1707847435311862,1.1217346229540892,232.9551636382766,216.80287621768042,-0.0021806309348324504,0.01639110443345488,0.6680678379765936
2024-10-11,228.4968150773993,228.60643037956845,226.54367384020583,226.75294494628903,31759200,0.016479883793802,1,53.075285052426224,1.1473801565925612,1.1268637296817836,233.11049075580297,217.1507809116775,-0.006526559400644061,0.01647831246122535,-0.10534981725451374
2024-10-14,227.89890830734765,230.91829362955485,227.79926770980504,230.48980712890625,39882100,0.0110246150709216,1,58.13573695709264,1.4140649402928318,1.1843039718039934,232.86866810916274,218.88535563351303,0.016345564213910535,0.015276248996480798,-0.7296140526265169
2024-10-15,232.7917037363273,236.65811760908664,231.5560417756155,233.03086853027344,64751400,-0.0088518719104637,-1,61.199909120438925,1.8095970627848033,1.3093625900001555,232.79648712269895,220.65756255991826,0.010964286993103478,0.015366862141236039,3.3773912760940967
2024-10-16,230.78874694170784,231.3069145139278,229.0349022193022,230.96810913085935,34082200,0.0015963822031264,0,57.51944571852824,1.9343141062336713,1.4343528932468588,232.75124535114213,221.8079175516899,-0.0088912824724936,0.015242823046103526,2.204778681494639
2024-10-17,232.6123377292532,233.0308799404877,229.71254238803704,231.3368225097656,32993800,0.0122765220247624,1,58.00559335721574,2.0393964570396292,1.555361606005413,233.1875778685636,221.69843592538172,0.0015951093395285554,0.01298286476916048,2.871451346831217
2024-10-18,235.35269346424636,235.35269346424636,233.19029643777657,234.1768341064453,46431500,0.0062978378919729,1,61.646418574119764,2.325038580545339,1.7092970009133983,234.23235529535756,221.33127690679086,0.012201776648647744,0.01319857114918722,3.615521722985518
2024-10-21,233.6287538470191,236.0203561309456,233.6287538470191,235.65164184570312,36254500,-0.0026217220703944,0,63.42000361586682,2.6399845815171545,1.8954345170341496,235.49963506330477,221.0614885939218,0.006278089382818486,0.013060435243310952,6.671469427125765
2024-10-22,233.07072804715943,235.3925683333293,231.7852533575211,235.03382873535156,38846600,-0.02162300673426,-1,62.12398337771251,2.8073676152816347,2.0778211366836468,236.44552641789645,220.96162537653717,-0.0026251648022750373,0.013095643876794277,4.469143060379663
2024-10-23,233.26006870913344,234.31635331873264,226.96219904424217,229.95169067382812,52287000,-0.0008233514358284,0,52.601361710279654,2.5011026526077274,2.162477439868463,236.5448371883732,221.29977798496662,-0.021860209536364472,0.014078002644954542,0.5315054482393744
2024-10-24,229.17441473320775,230.0114839114603,227.60992208421712,229.76235961914065,31109500,0.0036431844266315,0,52.27985378839278,2.2175455446960086,2.1734910608339724,236.63630797451995,221.5122393887613,-0.0008236905757881274,0.014049149302425344,0.6680133008989682
2024-10-25,228.93527772998817,232.4030838122294,228.7658750265385,230.59942626953125,38802300,0.0085994011340497,1,53.62931700962387,2.036888790725726,2.146170606812323,236.7814162181582,221.72786570322853,0.0036365641047453323,0.014064602518855378,1.6963313637021702
2024-10-28,232.50273684103132,233.9077863541258,231.7354297301684,232.5824432373047,36087100,0.001156829482888,0,56.749643597685825,2.030325578739763,2.1230016011978114,236.83430285618067,221.7148380739951,0.008562636900693477,0.013243942758824422,0.9079083081656999
2024-10-29,232.2835059613629,233.50919327337175,231.5062393532264,232.85150146484375,35417200,-0.0152779565294089,-1,57.17075932752301,2.0235091820445916,2.1031031173671675,237.1416373699016,222.15089040109453,0.0011561608712584714,0.011254991613891737,-0.07697137574989797
2024-10-30,231.79520878623467,232.65219696606212,228.74592985962587,229.29400634765625,47070900,-0.0182094750440073,-1,50.20960450638225,1.7113199823277796,2.02474649035929,237.1203033726249,222.50306241106648,-0.015395867002918173,0.011875666352102429,-0.7248198850927087
2024-10-31,228.5366609095724,229.02495000446748,224.5805658660821,225.11868286132812,64370100,-0.0132796705947614,-1,43.51297050097238,1.1141508442405552,1.842627361135543,237.100656961403,222.546625448265,-0.018377308091254818,0.012573474530269331,-2.687916078805388
2024-11-01,220.1959740256502,224.56063636026596,219.4984290694042,222.12918090820312,65276700,-0.0040375180886664,0,39.45537004466744,0.39510762190877813,1.55312341329019,237.48667189592425,221.77297318464218,-0.01336863390039511,0.01286082694812668,-5.144681899989268
2024-11-04,220.21591416091667,222.0095968952219,218.94039900502227,221.2323303222656,44944500,0.0064862447496953,1,38.30146035684928,-0.24429161750754247,1.1936404071306437,237.43278506516037,221.85874630690995,-0.0040456908707460215,0.011819986816087263,-6.118909849513722
2024-11-05,221.02308305755813,223.1655459656629,220.36539125313263,222.66729736328125,28111300,-0.0032669705806812,0,41.26148401300813,-0.6279911822397821,0.8293140892565586,237.6522790085507,221.4080633986759,0.006465299585739714,0.011141476691056062,-5.26159635768647
2024-11-06,221.83023455712816,225.27812143912791,220.41521040716108,221.9398498535156,54561100,0.0213721506629405,1,40.208356313506556,-0.9794839054473243,0.46755449031578206,237.95981349493277,220.420919232118,-0.003272318780520145,0.010399462065931902,-3.4841408631680015
2024-11-07,223.8431738287627,227.081789771112,223.7833864288354,226.6831817626953,42137700,-0.0011882140635082,0,49.29588749992231,-0.8653222809551551,0.20097913606159465,237.9418373149587,220.28344344676006,0.021146969011772043,0.011563140428695943,-1.3401576574811718
2024-11-08,226.6233197345054,228.10973956989392,225.8651541338214,226.4138336181641,38328800,-0.0120285691237186,-1,48.84193186449694,-0.7875046518603028,0.00328237847721514,237.9442241072329,220.24714552167336,-0.0011889205495316801,0.011474133462481368,-1.8150923959693281
2024-11-11,224.4585504714927,225.15686291743452,220.96697301971395,223.69039916992188,42005600,0.0,0,44.39068025248989,-0.9348160420091745,-0.18433730562006279,237.88199708274894,219.62943175025887,-0.012101497769472225,0.011088183792004613,-3.8231794040920914
2024-11-12,224.0096364149637,225.04712701721013,222.82249764582772,223.69039916992188,40398300,0.00396909256582,0,44.39068025248988,-1.0395777745530665,-0.3553853994066635,237.44798605213066,219.129395844842,0.0,0.010704035355222134,-3.9343110253918767
2024-11-13,223.4709176605461,226.10456392944064,222.2239257676591,224.5782470703125,48566200,0.0137704546010453,1,46.24299748587026,-1.0389835413348862,-0.4921050277923081,237.17799830043268,218.76039739048528,0.003961236498699172,0.010657108500436987,-2.0566430638373085
2024-11-14,224.47849544461576,228.3192213173845,224.45853931227535,227.67079162597656,44923900,-0.0141091869225655,-1,52.213795734468675,-0.7799789947282534,-0.5496798211794972,236.8642903262913,218.70750227624777,0.013676503408955654,0.011166219131152209,1.1336725731557884
2024-11-15,225.8551667084814,226.3739196007606,223.7303028631179,224.4585418701172,47923700,0.0134221928244613,1,46.44347347909846,-0.8244143989115003,-0.6046267367258978,235.99010403207987,218.60985934682637,-0.014209667755304523,0.011109426567168604,1.048651488467286
2024-11-18,224.70792952115227,229.18712968944303,224.62812021676072,227.4712677001953,44633700,0.0011402941474583,0,51.821278616333466,-0.6095020208846051,-0.6056017935576393,234.6951197863823,219.0868061779732,0.013332913192749096,0.01149538508261559,2.820083922111002
2024-11-19,226.43377721041003,229.6061325797712,226.11455519341968,227.73065185546875,36211800,0.00315399667501,0,52.265696741302236,-0.41348587162937633,-0.5671786091719867,233.3997595093776,219.6518487669896,0.0011396445058950988,0.011511398527760088,2.2739551573784307
2024-11-20,227.51117324017343,229.37666823104936,225.34639715216647,228.44891357421875,35169600,-0.0020960312398892,0,53.54362299001855,-0.19790264468718988,-0.49332341627502735,233.2049979167523,219.69633264965398,0.0031490332611525673,0.010506769825248879,2.932805318647938
2024-11-21,228.3292117939797,229.60613029336432,225.16684213362325,227.97007751464844,42108300,0.0059075328540418,1,52.53389677815031,-0.06494085460207089,-0.40764690394043607,232.98352393398764,219.73857842196938,-0.0020982309877330962,0.010513798567422815,0.5677067623394839
2024-11-22,227.51117639639193,230.16477882059493,227.51117639639193,229.3168182373047,38168300,0.0130508639347874,1,55.09860261920241,0.14740386313636122,-0.2966367505250766,232.77729435116214,219.81654720157223,0.005890151800999277,0.010571160934866363,1.2821586794190054
2024-11-25,230.9030055193102,232.68869124314412,229.1871434272115,232.30960083007812,90152800,0.0094043590647321,1,60.23994806109035,0.5508314828605307,-0.12714310384795513,232.71160682150716,219.85495049050454,0.012966435195332693,0.010808222265779243,3.8531835483957666
2024-11-26,232.76849125195545,235.0031061533749,232.76849125195545,234.49432373046875,45986200,-0.0005530387524059,0,63.523445015093465,1.0349098609335954,0.10526748910835498,233.15897233205408,219.57186720652015,0.009360413385804733,0.01101055438833939,4.829856176500401
2024-11-27,233.9057547855541,235.12282010257627,233.24733940643017,234.36463928222656,33498400,0.0102158161809366,1,63.18985483841135,1.3920345047386604,0.36262089223441607,234.16729043419332,219.07061239783792,-0.000553191734742775,0.010375164706570175,4.357675927913923
2024-11-29,234.24492549364632,237.2377059705746,233.40695061340287,236.7588653564453,28481400,0.0095226101651373,1,66.66984840045482,1.8469617671476897,0.6594890672170708,235.90359768388936,218.49832339765362,0.010163987414045117,0.009480336845978493,3.991760939364972
2024-12-02,236.69901868412032,240.21053691361496,236.58928278806928,239.013427734375,48137100,0.0127718465493837,1,69.58573125571186,2.3621893930049964,1.000029132374656,237.82512185166212,218.26522391249802,0.009477555909870539,0.008818304667151592,6.484442847659587
2024-12-03,239.232908507596,242.1758064568113,238.32509471728144,242.06607055664065,38861000,0.0014836067630177,0,73.02659149599356,2.9824538903331472,1.3965140839663543,240.1023537137431,218.07136607385453,0.012690974380599407,0.008842365156220142,6.416108286555616
2024-12-04,242.28553892887177,243.5225604021956,240.66944226019712,242.4252014160156,44383900,0.0001234297638068,0,73.40775046817613,3.4630766403798816,1.80982659524906,242.10710609977954,218.04240409309156,0.0014825073058108984,0.008854261858045082,6.452600666981304
2024-12-05,243.40284992887905,243.95151419061432,241.54732536132988,242.4551239013672,40033900,-0.0008229313638363,0,73.44142524331406,3.8025546440584606,2.20837220501094,243.66984955515943,218.5311880424968,0.00012342214697991238,0.008734152557461836,6.131003254956642
2024-12-06,242.325438826628,244.04130085085737,241.49743440151175,242.2555999755859,36870600,0.0161011933199479,1,72.77960307317159,4.009277044381804,2.568553172885113,245.1662638334484,218.59201558549694,-0.0008232701577330914,0.00785731744335849,6.266402422931818
2024-12-09,241.24804586880077,246.64503053466012,241.1682365595268,246.1562042236328,44649200,0.0041337475552614,0,77.12040642648442,4.436708585284123,2.942184255364915,247.26914182632902,218.46337465316316,0.015972943920925076,0.008265281890723506,7.343284332901465
2024-12-10,246.2958646584201,247.612695417372,244.7495916510093,247.1737518310547,36914800,-0.0051660683808328,-1,78.10147216496584,4.802201953987293,3.3141877950893908,249.07471912941446,219.006132616191,0.004125227093723538,0.007325982189791339,6.398423030242681
2024-12-11,247.3632990378159,250.1964610170644,245.66737785476369,245.89683532714844,45205800,0.0059637253146815,1,73.82350999290463,4.931968923981714,3.6377440208678555,250.24342783156837,220.05806752975977,-0.005179458648692403,0.007598204576407829,4.862595996048887
2024-12-12,246.2958641332418,248.1414182384854,245.08876927344312,247.36329650878903,32777500,0.0006855753623684,0,75.48430017761414,5.0944160867693995,3.9290784340481646,251.45809579123193,221.12190451394383,0.005946012692123581,0.0076005627021633985,5.546338929956592
2024-12-13,247.223631137632,248.69007959411312,245.647431564018,247.5328826904297,33155300,0.011727734296862,1,75.67649166495693,5.177161723537125,4.178695091945957,252.6632356907998,221.9029737208213,0.0006853404629341142,0.007356077426707639,4.550628893141497
2024-12-16,247.3932343641577,250.77507595019196,247.05404098232512,250.43588256835935,51694800,0.0097195039459401,1,78.74787147742981,5.414570269973041,4.425870127551374,253.79727448279394,223.36666899865136,0.011659497412193964,0.006122939479591368,4.779001306436461
2024-12-17,249.47818331943677,253.21915892963332,249.1789022262073,252.8699951171875,51356400,-0.0214217423899752,-1,80.92304849548842,5.7330438328139905,4.687304868603897,255.38234460044464,224.3214716226999,0.00967257341673644,0.005927299229475588,4.463213095376312
2024-12-18,251.55318925842403,253.66808268004456,247.14382766353577,247.4530792236328,56774100,0.0070147008540684,1,64.98304681336616,5.4851076773452405,4.8468654303521665,255.6527284621303,226.0233304978306,-0.021654518225942,0.008430661810305766,2.073991391261789
2024-12-19,246.90440599607692,251.3935770141874,246.4953889833523,249.1888885498047,60882300,0.0188158688440027,1,67.21183043962229,5.366816474124533,4.95085563910664,255.9613042152427,227.78875224227681,0.006990212293290554,0.008450319833830782,2.777324125010801
2024-12-20,247.4431032675572,254.3863612366688,245.09876750312787,253.87759399414065,147495300,0.0030649492773282,0,72.33417506132739,5.587005664036809,5.078085644092674,256.6557280452864,229.68508006018232,0.018641040016782462,0.008879630153348923,4.797409851300027
2024-12-23,254.15691915529425,255.03479114956255,252.8400883307868,254.6557159423828,40858800,0.011478078798297,1,73.08565069708393,5.757921388026887,5.214052792879516,257.2213809962405,231.65331687973602,0.003060261895574179,0.008893640633291048,3.4528935582010343
2024-12-24,254.87518901917565,257.58862955018265,254.67565812568793,257.57867431640625,23234700,0.0031757022052907,0,75.75028473933719,6.0593828496160995,5.383118804226833,258.4353480154337,232.96625720917572,0.011412705416820934,0.008829153430899002,4.209558016687554
2024-12-26,257.56867823862046,259.47408555117545,257.0100282923795,258.39666748046875,27237100,-0.013242189631401,-1,76.45287685129814,6.2917708243520565,5.564849208251878,259.68557927225555,234.10626032735385,0.003170670313420665,0.008782629209447697,5.0833643859995865
2024-12-27,257.20952960207876,258.0774615569102,252.4510193654514,254.9749298095703,42355300,-0.0132634655446902,-1,67.62627004611008,6.129180952471216,5.677715557095746,259.7997249791698,236.05314367317393,-0.013330649224902125,0.009621296830126483,3.0771069953423065
